SampleID	ONT_FQ_PATH	Illumina_PE_FQs_PATH	Dataset_Tag
mada_2-31	/n/data1/hms/dbmi/farhat/mm774/DownloadedData/220309_Hall2022_LRandSR/mada_2-31/ONT_LR/ERR9030329.fastq.gz	/n/data1/hms/dbmi/farhat/mm774/DownloadedData/220309_Hall2022_LRandSR/mada_2-31/Illumina_SR/ERR9030410_1.fastq.gz;/n/data1/hms/dbmi/farhat/mm774/DownloadedData/220309_Hall2022_LRandSR/mada_2-31/Illumina_SR/ERR9030410_2.fastq.gz	Hall2022
mada_2-1	/n/data1/hms/dbmi/farhat/mm774/DownloadedData/220309_Hall2022_LRandSR/mada_2-1/ONT_LR/ERR9030299.fastq.gz	/n/data1/hms/dbmi/farhat/mm774/DownloadedData/220309_Hall2022_LRandSR/mada_2-1/Illumina_SR/ERR9030338_1.fastq.gz;/n/data1/hms/dbmi/farhat/mm774/DownloadedData/220309_Hall2022_LRandSR/mada_2-1/Illumina_SR/ERR9030338_2.fastq.gz	Hall2022
mada_1-36	/n/data1/hms/dbmi/farhat/mm774/DownloadedData/220309_Hall2022_LRandSR/mada_1-36/ONT_LR/ERR9030265.fastq.gz	/n/data1/hms/dbmi/farhat/mm774/DownloadedData/220309_Hall2022_LRandSR/mada_1-36/Illumina_SR/ERR9030442_1.fastq.gz;/n/data1/hms/dbmi/farhat/mm774/DownloadedData/220309_Hall2022_LRandSR/mada_1-36/Illumina_SR/ERR9030442_2.fastq.gz	Hall2022
mada_120	/n/data1/hms/dbmi/farhat/mm774/DownloadedData/220309_Hall2022_LRandSR/mada_120/ONT_LR/ERR9030527.fastq.gz	/n/data1/hms/dbmi/farhat/mm774/DownloadedData/220309_Hall2022_LRandSR/mada_120/Illumina_SR/ERR9030445_1.fastq.gz;/n/data1/hms/dbmi/farhat/mm774/DownloadedData/220309_Hall2022_LRandSR/mada_120/Illumina_SR/ERR9030445_2.fastq.gz	Hall2022
mada_107	/n/data1/hms/dbmi/farhat/mm774/DownloadedData/220309_Hall2022_LRandSR/mada_107/ONT_LR/ERR9030255.fastq.gz	/n/data1/hms/dbmi/farhat/mm774/DownloadedData/220309_Hall2022_LRandSR/mada_107/Illumina_SR/ERR9030411_1.fastq.gz;/n/data1/hms/dbmi/farhat/mm774/DownloadedData/220309_Hall2022_LRandSR/mada_107/Illumina_SR/ERR9030411_2.fastq.gz	Hall2022
mada_1-51	/n/data1/hms/dbmi/farhat/mm774/DownloadedData/220309_Hall2022_LRandSR/mada_1-51/ONT_LR/ERR9030355.fastq.gz	/n/data1/hms/dbmi/farhat/mm774/DownloadedData/220309_Hall2022_LRandSR/mada_1-51/Illumina_SR/ERR9030463_1.fastq.gz;/n/data1/hms/dbmi/farhat/mm774/DownloadedData/220309_Hall2022_LRandSR/mada_1-51/Illumina_SR/ERR9030463_2.fastq.gz	Hall2022
mada_1-53	/n/data1/hms/dbmi/farhat/mm774/DownloadedData/220309_Hall2022_LRandSR/mada_1-53/ONT_LR/ERR9030511.fastq.gz	/n/data1/hms/dbmi/farhat/mm774/DownloadedData/220309_Hall2022_LRandSR/mada_1-53/Illumina_SR/ERR9030450_1.fastq.gz;/n/data1/hms/dbmi/farhat/mm774/DownloadedData/220309_Hall2022_LRandSR/mada_1-53/Illumina_SR/ERR9030450_2.fastq.gz	Hall2022
mada_1-40	/n/data1/hms/dbmi/farhat/mm774/DownloadedData/220309_Hall2022_LRandSR/mada_1-40/ONT_LR/ERR9030371.fastq.gz	/n/data1/hms/dbmi/farhat/mm774/DownloadedData/220309_Hall2022_LRandSR/mada_1-40/Illumina_SR/ERR9030384_1.fastq.gz;/n/data1/hms/dbmi/farhat/mm774/DownloadedData/220309_Hall2022_LRandSR/mada_1-40/Illumina_SR/ERR9030384_2.fastq.gz	Hall2022
mada_1-30	/n/data1/hms/dbmi/farhat/mm774/DownloadedData/220309_Hall2022_LRandSR/mada_1-30/ONT_LR/ERR9030400.fastq.gz	/n/data1/hms/dbmi/farhat/mm774/DownloadedData/220309_Hall2022_LRandSR/mada_1-30/Illumina_SR/ERR9030473_1.fastq.gz;/n/data1/hms/dbmi/farhat/mm774/DownloadedData/220309_Hall2022_LRandSR/mada_1-30/Illumina_SR/ERR9030473_2.fastq.gz	Hall2022
mada_102	/n/data1/hms/dbmi/farhat/mm774/DownloadedData/220309_Hall2022_LRandSR/mada_102/ONT_LR/ERR9030515.fastq.gz	/n/data1/hms/dbmi/farhat/mm774/DownloadedData/220309_Hall2022_LRandSR/mada_102/Illumina_SR/ERR9030301_1.fastq.gz;/n/data1/hms/dbmi/farhat/mm774/DownloadedData/220309_Hall2022_LRandSR/mada_102/Illumina_SR/ERR9030301_2.fastq.gz	Hall2022
mada_1-39	/n/data1/hms/dbmi/farhat/mm774/DownloadedData/220309_Hall2022_LRandSR/mada_1-39/ONT_LR/ERR9030362.fastq.gz	/n/data1/hms/dbmi/farhat/mm774/DownloadedData/220309_Hall2022_LRandSR/mada_1-39/Illumina_SR/ERR9030295_1.fastq.gz;/n/data1/hms/dbmi/farhat/mm774/DownloadedData/220309_Hall2022_LRandSR/mada_1-39/Illumina_SR/ERR9030295_2.fastq.gz	Hall2022
mada_1-44	/n/data1/hms/dbmi/farhat/mm774/DownloadedData/220309_Hall2022_LRandSR/mada_1-44/ONT_LR/ERR9030304.fastq.gz	/n/data1/hms/dbmi/farhat/mm774/DownloadedData/220309_Hall2022_LRandSR/mada_1-44/Illumina_SR/ERR9030519_1.fastq.gz;/n/data1/hms/dbmi/farhat/mm774/DownloadedData/220309_Hall2022_LRandSR/mada_1-44/Illumina_SR/ERR9030519_2.fastq.gz	Hall2022
mada_128	/n/data1/hms/dbmi/farhat/mm774/DownloadedData/220309_Hall2022_LRandSR/mada_128/ONT_LR/ERR9030507.fastq.gz	/n/data1/hms/dbmi/farhat/mm774/DownloadedData/220309_Hall2022_LRandSR/mada_128/Illumina_SR/ERR9030504_1.fastq.gz;/n/data1/hms/dbmi/farhat/mm774/DownloadedData/220309_Hall2022_LRandSR/mada_128/Illumina_SR/ERR9030504_2.fastq.gz	Hall2022
mada_2-46	/n/data1/hms/dbmi/farhat/mm774/DownloadedData/220309_Hall2022_LRandSR/mada_2-46/ONT_LR/ERR9030349.fastq.gz	/n/data1/hms/dbmi/farhat/mm774/DownloadedData/220309_Hall2022_LRandSR/mada_2-46/Illumina_SR/ERR9030308_1.fastq.gz;/n/data1/hms/dbmi/farhat/mm774/DownloadedData/220309_Hall2022_LRandSR/mada_2-46/Illumina_SR/ERR9030308_2.fastq.gz	Hall2022
mada_112	/n/data1/hms/dbmi/farhat/mm774/DownloadedData/220309_Hall2022_LRandSR/mada_112/ONT_LR/ERR9030382.fastq.gz	/n/data1/hms/dbmi/farhat/mm774/DownloadedData/220309_Hall2022_LRandSR/mada_112/Illumina_SR/ERR9030502_1.fastq.gz;/n/data1/hms/dbmi/farhat/mm774/DownloadedData/220309_Hall2022_LRandSR/mada_112/Illumina_SR/ERR9030502_2.fastq.gz	Hall2022
mada_1-12	/n/data1/hms/dbmi/farhat/mm774/DownloadedData/220309_Hall2022_LRandSR/mada_1-12/ONT_LR/ERR9030376.fastq.gz	/n/data1/hms/dbmi/farhat/mm774/DownloadedData/220309_Hall2022_LRandSR/mada_1-12/Illumina_SR/ERR9030288_1.fastq.gz;/n/data1/hms/dbmi/farhat/mm774/DownloadedData/220309_Hall2022_LRandSR/mada_1-12/Illumina_SR/ERR9030288_2.fastq.gz	Hall2022
mada_126	/n/data1/hms/dbmi/farhat/mm774/DownloadedData/220309_Hall2022_LRandSR/mada_126/ONT_LR/ERR9030448.fastq.gz	/n/data1/hms/dbmi/farhat/mm774/DownloadedData/220309_Hall2022_LRandSR/mada_126/Illumina_SR/ERR9030396_1.fastq.gz;/n/data1/hms/dbmi/farhat/mm774/DownloadedData/220309_Hall2022_LRandSR/mada_126/Illumina_SR/ERR9030396_2.fastq.gz	Hall2022
mada_122	/n/data1/hms/dbmi/farhat/mm774/DownloadedData/220309_Hall2022_LRandSR/mada_122/ONT_LR/ERR9030449.fastq.gz	/n/data1/hms/dbmi/farhat/mm774/DownloadedData/220309_Hall2022_LRandSR/mada_122/Illumina_SR/ERR9030401_1.fastq.gz;/n/data1/hms/dbmi/farhat/mm774/DownloadedData/220309_Hall2022_LRandSR/mada_122/Illumina_SR/ERR9030401_2.fastq.gz	Hall2022
mada_123	/n/data1/hms/dbmi/farhat/mm774/DownloadedData/220309_Hall2022_LRandSR/mada_123/ONT_LR/ERR9030249.fastq.gz	/n/data1/hms/dbmi/farhat/mm774/DownloadedData/220309_Hall2022_LRandSR/mada_123/Illumina_SR/ERR9030535_1.fastq.gz;/n/data1/hms/dbmi/farhat/mm774/DownloadedData/220309_Hall2022_LRandSR/mada_123/Illumina_SR/ERR9030535_2.fastq.gz	Hall2022
mada_2-42	/n/data1/hms/dbmi/farhat/mm774/DownloadedData/220309_Hall2022_LRandSR/mada_2-42/ONT_LR/ERR9030379.fastq.gz	/n/data1/hms/dbmi/farhat/mm774/DownloadedData/220309_Hall2022_LRandSR/mada_2-42/Illumina_SR/ERR9030298_1.fastq.gz;/n/data1/hms/dbmi/farhat/mm774/DownloadedData/220309_Hall2022_LRandSR/mada_2-42/Illumina_SR/ERR9030298_2.fastq.gz	Hall2022
mada_117	/n/data1/hms/dbmi/farhat/mm774/DownloadedData/220309_Hall2022_LRandSR/mada_117/ONT_LR/ERR9030420.fastq.gz	/n/data1/hms/dbmi/farhat/mm774/DownloadedData/220309_Hall2022_LRandSR/mada_117/Illumina_SR/ERR9030297_1.fastq.gz;/n/data1/hms/dbmi/farhat/mm774/DownloadedData/220309_Hall2022_LRandSR/mada_117/Illumina_SR/ERR9030297_2.fastq.gz	Hall2022
mada_1-1	/n/data1/hms/dbmi/farhat/mm774/DownloadedData/220309_Hall2022_LRandSR/mada_1-1/ONT_LR/ERR9030328.fastq.gz	/n/data1/hms/dbmi/farhat/mm774/DownloadedData/220309_Hall2022_LRandSR/mada_1-1/Illumina_SR/ERR9030363_1.fastq.gz;/n/data1/hms/dbmi/farhat/mm774/DownloadedData/220309_Hall2022_LRandSR/mada_1-1/Illumina_SR/ERR9030363_2.fastq.gz	Hall2022
mada_124	/n/data1/hms/dbmi/farhat/mm774/DownloadedData/220309_Hall2022_LRandSR/mada_124/ONT_LR/ERR9030540.fastq.gz	/n/data1/hms/dbmi/farhat/mm774/DownloadedData/220309_Hall2022_LRandSR/mada_124/Illumina_SR/ERR9030399_1.fastq.gz;/n/data1/hms/dbmi/farhat/mm774/DownloadedData/220309_Hall2022_LRandSR/mada_124/Illumina_SR/ERR9030399_2.fastq.gz	Hall2022
mada_151	/n/data1/hms/dbmi/farhat/mm774/DownloadedData/220309_Hall2022_LRandSR/mada_151/ONT_LR/ERR9030341.fastq.gz	/n/data1/hms/dbmi/farhat/mm774/DownloadedData/220309_Hall2022_LRandSR/mada_151/Illumina_SR/ERR9030458_1.fastq.gz;/n/data1/hms/dbmi/farhat/mm774/DownloadedData/220309_Hall2022_LRandSR/mada_151/Illumina_SR/ERR9030458_2.fastq.gz	Hall2022
mada_139	/n/data1/hms/dbmi/farhat/mm774/DownloadedData/220309_Hall2022_LRandSR/mada_139/ONT_LR/ERR9030333.fastq.gz	/n/data1/hms/dbmi/farhat/mm774/DownloadedData/220309_Hall2022_LRandSR/mada_139/Illumina_SR/ERR9030347_1.fastq.gz;/n/data1/hms/dbmi/farhat/mm774/DownloadedData/220309_Hall2022_LRandSR/mada_139/Illumina_SR/ERR9030347_2.fastq.gz	Hall2022
mada_1-38	/n/data1/hms/dbmi/farhat/mm774/DownloadedData/220309_Hall2022_LRandSR/mada_1-38/ONT_LR/ERR9030523.fastq.gz	/n/data1/hms/dbmi/farhat/mm774/DownloadedData/220309_Hall2022_LRandSR/mada_1-38/Illumina_SR/ERR9030387_1.fastq.gz;/n/data1/hms/dbmi/farhat/mm774/DownloadedData/220309_Hall2022_LRandSR/mada_1-38/Illumina_SR/ERR9030387_2.fastq.gz	Hall2022
mada_2-25	/n/data1/hms/dbmi/farhat/mm774/DownloadedData/220309_Hall2022_LRandSR/mada_2-25/ONT_LR/ERR9030325.fastq.gz	/n/data1/hms/dbmi/farhat/mm774/DownloadedData/220309_Hall2022_LRandSR/mada_2-25/Illumina_SR/ERR9030483_1.fastq.gz;/n/data1/hms/dbmi/farhat/mm774/DownloadedData/220309_Hall2022_LRandSR/mada_2-25/Illumina_SR/ERR9030483_2.fastq.gz	Hall2022
mada_129	/n/data1/hms/dbmi/farhat/mm774/DownloadedData/220309_Hall2022_LRandSR/mada_129/ONT_LR/ERR9030419.fastq.gz	/n/data1/hms/dbmi/farhat/mm774/DownloadedData/220309_Hall2022_LRandSR/mada_129/Illumina_SR/ERR9030289_1.fastq.gz;/n/data1/hms/dbmi/farhat/mm774/DownloadedData/220309_Hall2022_LRandSR/mada_129/Illumina_SR/ERR9030289_2.fastq.gz	Hall2022
mada_118	/n/data1/hms/dbmi/farhat/mm774/DownloadedData/220309_Hall2022_LRandSR/mada_118/ONT_LR/ERR9030254.fastq.gz	/n/data1/hms/dbmi/farhat/mm774/DownloadedData/220309_Hall2022_LRandSR/mada_118/Illumina_SR/ERR9030451_1.fastq.gz;/n/data1/hms/dbmi/farhat/mm774/DownloadedData/220309_Hall2022_LRandSR/mada_118/Illumina_SR/ERR9030451_2.fastq.gz	Hall2022
mada_1-50	/n/data1/hms/dbmi/farhat/mm774/DownloadedData/220309_Hall2022_LRandSR/mada_1-50/ONT_LR/ERR9030418.fastq.gz	/n/data1/hms/dbmi/farhat/mm774/DownloadedData/220309_Hall2022_LRandSR/mada_1-50/Illumina_SR/ERR9030353_1.fastq.gz;/n/data1/hms/dbmi/farhat/mm774/DownloadedData/220309_Hall2022_LRandSR/mada_1-50/Illumina_SR/ERR9030353_2.fastq.gz	Hall2022
mada_1-11	/n/data1/hms/dbmi/farhat/mm774/DownloadedData/220309_Hall2022_LRandSR/mada_1-11/ONT_LR/ERR9030429.fastq.gz	/n/data1/hms/dbmi/farhat/mm774/DownloadedData/220309_Hall2022_LRandSR/mada_1-11/Illumina_SR/ERR9030256_1.fastq.gz;/n/data1/hms/dbmi/farhat/mm774/DownloadedData/220309_Hall2022_LRandSR/mada_1-11/Illumina_SR/ERR9030256_2.fastq.gz	Hall2022
mada_1-41	/n/data1/hms/dbmi/farhat/mm774/DownloadedData/220309_Hall2022_LRandSR/mada_1-41/ONT_LR/ERR9030427.fastq.gz	/n/data1/hms/dbmi/farhat/mm774/DownloadedData/220309_Hall2022_LRandSR/mada_1-41/Illumina_SR/ERR9030305_1.fastq.gz;/n/data1/hms/dbmi/farhat/mm774/DownloadedData/220309_Hall2022_LRandSR/mada_1-41/Illumina_SR/ERR9030305_2.fastq.gz	Hall2022
mada_1-2	/n/data1/hms/dbmi/farhat/mm774/DownloadedData/220309_Hall2022_LRandSR/mada_1-2/ONT_LR/ERR9030344.fastq.gz	/n/data1/hms/dbmi/farhat/mm774/DownloadedData/220309_Hall2022_LRandSR/mada_1-2/Illumina_SR/ERR9030528_1.fastq.gz;/n/data1/hms/dbmi/farhat/mm774/DownloadedData/220309_Hall2022_LRandSR/mada_1-2/Illumina_SR/ERR9030528_2.fastq.gz	Hall2022
mada_1-10	/n/data1/hms/dbmi/farhat/mm774/DownloadedData/220309_Hall2022_LRandSR/mada_1-10/ONT_LR/ERR9030475.fastq.gz	/n/data1/hms/dbmi/farhat/mm774/DownloadedData/220309_Hall2022_LRandSR/mada_1-10/Illumina_SR/ERR9030491_1.fastq.gz;/n/data1/hms/dbmi/farhat/mm774/DownloadedData/220309_Hall2022_LRandSR/mada_1-10/Illumina_SR/ERR9030491_2.fastq.gz	Hall2022
mada_1-15	/n/data1/hms/dbmi/farhat/mm774/DownloadedData/220309_Hall2022_LRandSR/mada_1-15/ONT_LR/ERR9030412.fastq.gz	/n/data1/hms/dbmi/farhat/mm774/DownloadedData/220309_Hall2022_LRandSR/mada_1-15/Illumina_SR/ERR9030263_1.fastq.gz;/n/data1/hms/dbmi/farhat/mm774/DownloadedData/220309_Hall2022_LRandSR/mada_1-15/Illumina_SR/ERR9030263_2.fastq.gz	Hall2022
mada_105	/n/data1/hms/dbmi/farhat/mm774/DownloadedData/220309_Hall2022_LRandSR/mada_105/ONT_LR/ERR9030345.fastq.gz	/n/data1/hms/dbmi/farhat/mm774/DownloadedData/220309_Hall2022_LRandSR/mada_105/Illumina_SR/ERR9030446_1.fastq.gz;/n/data1/hms/dbmi/farhat/mm774/DownloadedData/220309_Hall2022_LRandSR/mada_105/Illumina_SR/ERR9030446_2.fastq.gz	Hall2022
mada_103	/n/data1/hms/dbmi/farhat/mm774/DownloadedData/220309_Hall2022_LRandSR/mada_103/ONT_LR/ERR9030477.fastq.gz	/n/data1/hms/dbmi/farhat/mm774/DownloadedData/220309_Hall2022_LRandSR/mada_103/Illumina_SR/ERR9030487_1.fastq.gz;/n/data1/hms/dbmi/farhat/mm774/DownloadedData/220309_Hall2022_LRandSR/mada_103/Illumina_SR/ERR9030487_2.fastq.gz	Hall2022
mada_115	/n/data1/hms/dbmi/farhat/mm774/DownloadedData/220309_Hall2022_LRandSR/mada_115/ONT_LR/ERR9030452.fastq.gz	/n/data1/hms/dbmi/farhat/mm774/DownloadedData/220309_Hall2022_LRandSR/mada_115/Illumina_SR/ERR9030269_1.fastq.gz;/n/data1/hms/dbmi/farhat/mm774/DownloadedData/220309_Hall2022_LRandSR/mada_115/Illumina_SR/ERR9030269_2.fastq.gz	Hall2022
mada_1-32	/n/data1/hms/dbmi/farhat/mm774/DownloadedData/220309_Hall2022_LRandSR/mada_1-32/ONT_LR/ERR9030397.fastq.gz	/n/data1/hms/dbmi/farhat/mm774/DownloadedData/220309_Hall2022_LRandSR/mada_1-32/Illumina_SR/ERR9030274_1.fastq.gz;/n/data1/hms/dbmi/farhat/mm774/DownloadedData/220309_Hall2022_LRandSR/mada_1-32/Illumina_SR/ERR9030274_2.fastq.gz	Hall2022
mada_2-53	/n/data1/hms/dbmi/farhat/mm774/DownloadedData/220309_Hall2022_LRandSR/mada_2-53/ONT_LR/ERR9030466.fastq.gz	/n/data1/hms/dbmi/farhat/mm774/DownloadedData/220309_Hall2022_LRandSR/mada_2-53/Illumina_SR/ERR9030413_1.fastq.gz;/n/data1/hms/dbmi/farhat/mm774/DownloadedData/220309_Hall2022_LRandSR/mada_2-53/Illumina_SR/ERR9030413_2.fastq.gz	Hall2022
R26791	/n/data1/hms/dbmi/farhat/mm774/DownloadedData/220309_Hall2022_LRandSR/R26791/ONT_LR/ERR9030414.fastq.gz	/n/data1/hms/dbmi/farhat/mm774/DownloadedData/220309_Hall2022_LRandSR/R26791/Illumina_SR/R26791.MergedRuns.ERR6362503.ERR6362506_1.fastq.gz;/n/data1/hms/dbmi/farhat/mm774/DownloadedData/220309_Hall2022_LRandSR/R26791/Illumina_SR/R26791.MergedRuns.ERR6362503.ERR6362506_2.fastq.gz	Hall2022
R21363	/n/data1/hms/dbmi/farhat/mm774/DownloadedData/220309_Hall2022_LRandSR/R21363/ONT_LR/ERR9030360.fastq.gz	/n/data1/hms/dbmi/farhat/mm774/DownloadedData/220309_Hall2022_LRandSR/R21363/Illumina_SR/ERR5987445_1.fastq.gz;/n/data1/hms/dbmi/farhat/mm774/DownloadedData/220309_Hall2022_LRandSR/R21363/Illumina_SR/ERR5987445_2.fastq.gz	Hall2022
R30234	/n/data1/hms/dbmi/farhat/mm774/DownloadedData/220309_Hall2022_LRandSR/R30234/ONT_LR/ERR9030336.fastq.gz	/n/data1/hms/dbmi/farhat/mm774/DownloadedData/220309_Hall2022_LRandSR/R30234/Illumina_SR/ERR9030526_1.fastq.gz;/n/data1/hms/dbmi/farhat/mm774/DownloadedData/220309_Hall2022_LRandSR/R30234/Illumina_SR/ERR9030526_2.fastq.gz	Hall2022
R36431	/n/data1/hms/dbmi/farhat/mm774/DownloadedData/220309_Hall2022_LRandSR/R36431/ONT_LR/ERR9030327.fastq.gz	/n/data1/hms/dbmi/farhat/mm774/DownloadedData/220309_Hall2022_LRandSR/R36431/Illumina_SR/ERR9030393_1.fastq.gz;/n/data1/hms/dbmi/farhat/mm774/DownloadedData/220309_Hall2022_LRandSR/R36431/Illumina_SR/ERR9030393_2.fastq.gz	Hall2022
R27252	/n/data1/hms/dbmi/farhat/mm774/DownloadedData/220309_Hall2022_LRandSR/R27252/ONT_LR/ERR9030426.fastq.gz	/n/data1/hms/dbmi/farhat/mm774/DownloadedData/220309_Hall2022_LRandSR/R27252/Illumina_SR/SRR12882607_1.fastq.gz;/n/data1/hms/dbmi/farhat/mm774/DownloadedData/220309_Hall2022_LRandSR/R27252/Illumina_SR/SRR12882607_2.fastq.gz	Hall2022
R29816	/n/data1/hms/dbmi/farhat/mm774/DownloadedData/220309_Hall2022_LRandSR/R29816/ONT_LR/ERR9030346.fastq.gz	/n/data1/hms/dbmi/farhat/mm774/DownloadedData/220309_Hall2022_LRandSR/R29816/Illumina_SR/R29816.MergedRuns.ERR6362581.ERR6362582_1.fastq.gz;/n/data1/hms/dbmi/farhat/mm774/DownloadedData/220309_Hall2022_LRandSR/R29816/Illumina_SR/R29816.MergedRuns.ERR6362581.ERR6362582_2.fastq.gz	Hall2022
R29598	/n/data1/hms/dbmi/farhat/mm774/DownloadedData/220309_Hall2022_LRandSR/R29598/ONT_LR/ERR9030520.fastq.gz	/n/data1/hms/dbmi/farhat/mm774/DownloadedData/220309_Hall2022_LRandSR/R29598/Illumina_SR/ERR5987292_1.fastq.gz;/n/data1/hms/dbmi/farhat/mm774/DownloadedData/220309_Hall2022_LRandSR/R29598/Illumina_SR/ERR5987292_2.fastq.gz	Hall2022
R30078	/n/data1/hms/dbmi/farhat/mm774/DownloadedData/220309_Hall2022_LRandSR/R30078/ONT_LR/ERR9030386.fastq.gz	/n/data1/hms/dbmi/farhat/mm774/DownloadedData/220309_Hall2022_LRandSR/R30078/Illumina_SR/ERR9030317_1.fastq.gz;/n/data1/hms/dbmi/farhat/mm774/DownloadedData/220309_Hall2022_LRandSR/R30078/Illumina_SR/ERR9030317_2.fastq.gz	Hall2022
R24100	/n/data1/hms/dbmi/farhat/mm774/DownloadedData/220309_Hall2022_LRandSR/R24100/ONT_LR/ERR9030468.fastq.gz	/n/data1/hms/dbmi/farhat/mm774/DownloadedData/220309_Hall2022_LRandSR/R24100/Illumina_SR/ERR9030405_1.fastq.gz;/n/data1/hms/dbmi/farhat/mm774/DownloadedData/220309_Hall2022_LRandSR/R24100/Illumina_SR/ERR9030405_2.fastq.gz	Hall2022
R31095	/n/data1/hms/dbmi/farhat/mm774/DownloadedData/220309_Hall2022_LRandSR/R31095/ONT_LR/ERR9030488.fastq.gz	/n/data1/hms/dbmi/farhat/mm774/DownloadedData/220309_Hall2022_LRandSR/R31095/Illumina_SR/ERR9030358_1.fastq.gz;/n/data1/hms/dbmi/farhat/mm774/DownloadedData/220309_Hall2022_LRandSR/R31095/Illumina_SR/ERR9030358_2.fastq.gz	Hall2022
R18043	/n/data1/hms/dbmi/farhat/mm774/DownloadedData/220309_Hall2022_LRandSR/R18043/ONT_LR/ERR9030394.fastq.gz	/n/data1/hms/dbmi/farhat/mm774/DownloadedData/220309_Hall2022_LRandSR/R18043/Illumina_SR/ERR9030388_1.fastq.gz;/n/data1/hms/dbmi/farhat/mm774/DownloadedData/220309_Hall2022_LRandSR/R18043/Illumina_SR/ERR9030388_2.fastq.gz	Hall2022
R18040	/n/data1/hms/dbmi/farhat/mm774/DownloadedData/220309_Hall2022_LRandSR/R18040/ONT_LR/ERR9030467.fastq.gz	/n/data1/hms/dbmi/farhat/mm774/DownloadedData/220309_Hall2022_LRandSR/R18040/Illumina_SR/ERR9030359_1.fastq.gz;/n/data1/hms/dbmi/farhat/mm774/DownloadedData/220309_Hall2022_LRandSR/R18040/Illumina_SR/ERR9030359_2.fastq.gz	Hall2022
R27937	/n/data1/hms/dbmi/farhat/mm774/DownloadedData/220309_Hall2022_LRandSR/R27937/ONT_LR/ERR9030489.fastq.gz	/n/data1/hms/dbmi/farhat/mm774/DownloadedData/220309_Hall2022_LRandSR/R27937/Illumina_SR/R27937.MergedRuns.ERR6362282.ERR6362283_1.fastq.gz;/n/data1/hms/dbmi/farhat/mm774/DownloadedData/220309_Hall2022_LRandSR/R27937/Illumina_SR/R27937.MergedRuns.ERR6362282.ERR6362283_2.fastq.gz	Hall2022
R30396	/n/data1/hms/dbmi/farhat/mm774/DownloadedData/220309_Hall2022_LRandSR/R30396/ONT_LR/ERR9030408.fastq.gz	/n/data1/hms/dbmi/farhat/mm774/DownloadedData/220309_Hall2022_LRandSR/R30396/Illumina_SR/ERR5987307_1.fastq.gz;/n/data1/hms/dbmi/farhat/mm774/DownloadedData/220309_Hall2022_LRandSR/R30396/Illumina_SR/ERR5987307_2.fastq.gz	Hall2022
R27657	/n/data1/hms/dbmi/farhat/mm774/DownloadedData/220309_Hall2022_LRandSR/R27657/ONT_LR/ERR9030354.fastq.gz	/n/data1/hms/dbmi/farhat/mm774/DownloadedData/220309_Hall2022_LRandSR/R27657/Illumina_SR/ERR9030275_1.fastq.gz;/n/data1/hms/dbmi/farhat/mm774/DownloadedData/220309_Hall2022_LRandSR/R27657/Illumina_SR/ERR9030275_2.fastq.gz	Hall2022
R30420	/n/data1/hms/dbmi/farhat/mm774/DownloadedData/220309_Hall2022_LRandSR/R30420/ONT_LR/ERR9030287.fastq.gz	/n/data1/hms/dbmi/farhat/mm774/DownloadedData/220309_Hall2022_LRandSR/R30420/Illumina_SR/ERR5987210_1.fastq.gz;/n/data1/hms/dbmi/farhat/mm774/DownloadedData/220309_Hall2022_LRandSR/R30420/Illumina_SR/ERR5987210_2.fastq.gz	Hall2022
R21839	/n/data1/hms/dbmi/farhat/mm774/DownloadedData/220309_Hall2022_LRandSR/R21839/ONT_LR/ERR9030533.fastq.gz	/n/data1/hms/dbmi/farhat/mm774/DownloadedData/220309_Hall2022_LRandSR/R21839/Illumina_SR/R21839.MergedRuns.ERR6052043.ERR6052053_1.fastq.gz;/n/data1/hms/dbmi/farhat/mm774/DownloadedData/220309_Hall2022_LRandSR/R21839/Illumina_SR/R21839.MergedRuns.ERR6052043.ERR6052053_2.fastq.gz	Hall2022
R20896	/n/data1/hms/dbmi/farhat/mm774/DownloadedData/220309_Hall2022_LRandSR/R20896/ONT_LR/ERR9030378.fastq.gz	/n/data1/hms/dbmi/farhat/mm774/DownloadedData/220309_Hall2022_LRandSR/R20896/Illumina_SR/R20896.MergedRuns.ERR6362259.ERR6362771_1.fastq.gz;/n/data1/hms/dbmi/farhat/mm774/DownloadedData/220309_Hall2022_LRandSR/R20896/Illumina_SR/R20896.MergedRuns.ERR6362259.ERR6362771_2.fastq.gz	Hall2022
R23887	/n/data1/hms/dbmi/farhat/mm774/DownloadedData/220309_Hall2022_LRandSR/R23887/ONT_LR/ERR9030485.fastq.gz	/n/data1/hms/dbmi/farhat/mm774/DownloadedData/220309_Hall2022_LRandSR/R23887/Illumina_SR/SRR12882609_1.fastq.gz;/n/data1/hms/dbmi/farhat/mm774/DownloadedData/220309_Hall2022_LRandSR/R23887/Illumina_SR/SRR12882609_2.fastq.gz	Hall2022
R37765	/n/data1/hms/dbmi/farhat/mm774/DownloadedData/220309_Hall2022_LRandSR/R37765/ONT_LR/ERR9030454.fastq.gz	/n/data1/hms/dbmi/farhat/mm774/DownloadedData/220309_Hall2022_LRandSR/R37765/Illumina_SR/ERR9030318_1.fastq.gz;/n/data1/hms/dbmi/farhat/mm774/DownloadedData/220309_Hall2022_LRandSR/R37765/Illumina_SR/ERR9030318_2.fastq.gz	Hall2022
R30215	/n/data1/hms/dbmi/farhat/mm774/DownloadedData/220309_Hall2022_LRandSR/R30215/ONT_LR/ERR9030506.fastq.gz	/n/data1/hms/dbmi/farhat/mm774/DownloadedData/220309_Hall2022_LRandSR/R30215/Illumina_SR/ERR5987345_1.fastq.gz;/n/data1/hms/dbmi/farhat/mm774/DownloadedData/220309_Hall2022_LRandSR/R30215/Illumina_SR/ERR5987345_2.fastq.gz	Hall2022
R21893	/n/data1/hms/dbmi/farhat/mm774/DownloadedData/220309_Hall2022_LRandSR/R21893/ONT_LR/ERR9030424.fastq.gz	/n/data1/hms/dbmi/farhat/mm774/DownloadedData/220309_Hall2022_LRandSR/R21893/Illumina_SR/R21893.MergedRuns.ERR6362661.ERR6362780_1.fastq.gz;/n/data1/hms/dbmi/farhat/mm774/DownloadedData/220309_Hall2022_LRandSR/R21893/Illumina_SR/R21893.MergedRuns.ERR6362661.ERR6362780_2.fastq.gz	Hall2022
R27725	/n/data1/hms/dbmi/farhat/mm774/DownloadedData/220309_Hall2022_LRandSR/R27725/ONT_LR/ERR9030509.fastq.gz	/n/data1/hms/dbmi/farhat/mm774/DownloadedData/220309_Hall2022_LRandSR/R27725/Illumina_SR/ERR9030459_1.fastq.gz;/n/data1/hms/dbmi/farhat/mm774/DownloadedData/220309_Hall2022_LRandSR/R27725/Illumina_SR/ERR9030459_2.fastq.gz	Hall2022
R21408	/n/data1/hms/dbmi/farhat/mm774/DownloadedData/220309_Hall2022_LRandSR/R21408/ONT_LR/ERR9030440.fastq.gz	/n/data1/hms/dbmi/farhat/mm774/DownloadedData/220309_Hall2022_LRandSR/R21408/Illumina_SR/ERR5987267_1.fastq.gz;/n/data1/hms/dbmi/farhat/mm774/DownloadedData/220309_Hall2022_LRandSR/R21408/Illumina_SR/ERR5987267_2.fastq.gz	Hall2022
R28012	/n/data1/hms/dbmi/farhat/mm774/DownloadedData/220309_Hall2022_LRandSR/R28012/ONT_LR/ERR9030498.fastq.gz	/n/data1/hms/dbmi/farhat/mm774/DownloadedData/220309_Hall2022_LRandSR/R28012/Illumina_SR/ERR9030482_1.fastq.gz;/n/data1/hms/dbmi/farhat/mm774/DownloadedData/220309_Hall2022_LRandSR/R28012/Illumina_SR/ERR9030482_2.fastq.gz	Hall2022
R28703	/n/data1/hms/dbmi/farhat/mm774/DownloadedData/220309_Hall2022_LRandSR/R28703/ONT_LR/ERR9030343.fastq.gz	/n/data1/hms/dbmi/farhat/mm774/DownloadedData/220309_Hall2022_LRandSR/R28703/Illumina_SR/R28703.MergedRuns.ERR5987386.ERR5987444_1.fastq.gz;/n/data1/hms/dbmi/farhat/mm774/DownloadedData/220309_Hall2022_LRandSR/R28703/Illumina_SR/R28703.MergedRuns.ERR5987386.ERR5987444_2.fastq.gz	Hall2022
R21770	/n/data1/hms/dbmi/farhat/mm774/DownloadedData/220309_Hall2022_LRandSR/R21770/ONT_LR/ERR9030350.fastq.gz	/n/data1/hms/dbmi/farhat/mm774/DownloadedData/220309_Hall2022_LRandSR/R21770/Illumina_SR/R21770.MergedRuns.ERR6052025.ERR6052096_1.fastq.gz;/n/data1/hms/dbmi/farhat/mm774/DownloadedData/220309_Hall2022_LRandSR/R21770/Illumina_SR/R21770.MergedRuns.ERR6052025.ERR6052096_2.fastq.gz	Hall2022
R20260	/n/data1/hms/dbmi/farhat/mm774/DownloadedData/220309_Hall2022_LRandSR/R20260/ONT_LR/ERR9030283.fastq.gz	/n/data1/hms/dbmi/farhat/mm774/DownloadedData/220309_Hall2022_LRandSR/R20260/Illumina_SR/ERR9030270_1.fastq.gz;/n/data1/hms/dbmi/farhat/mm774/DownloadedData/220309_Hall2022_LRandSR/R20260/Illumina_SR/ERR9030270_2.fastq.gz	Hall2022
R25048	/n/data1/hms/dbmi/farhat/mm774/DownloadedData/220309_Hall2022_LRandSR/R25048/ONT_LR/ERR9030431.fastq.gz	/n/data1/hms/dbmi/farhat/mm774/DownloadedData/220309_Hall2022_LRandSR/R25048/Illumina_SR/ERR9030407_1.fastq.gz;/n/data1/hms/dbmi/farhat/mm774/DownloadedData/220309_Hall2022_LRandSR/R25048/Illumina_SR/ERR9030407_2.fastq.gz	Hall2022
R23146	/n/data1/hms/dbmi/farhat/mm774/DownloadedData/220309_Hall2022_LRandSR/R23146/ONT_LR/ERR9030462.fastq.gz	/n/data1/hms/dbmi/farhat/mm774/DownloadedData/220309_Hall2022_LRandSR/R23146/Illumina_SR/ERR9030461_1.fastq.gz;/n/data1/hms/dbmi/farhat/mm774/DownloadedData/220309_Hall2022_LRandSR/R23146/Illumina_SR/ERR9030461_2.fastq.gz	Hall2022
R32929	/n/data1/hms/dbmi/farhat/mm774/DownloadedData/220309_Hall2022_LRandSR/R32929/ONT_LR/ERR9030253.fastq.gz	/n/data1/hms/dbmi/farhat/mm774/DownloadedData/220309_Hall2022_LRandSR/R32929/Illumina_SR/ERR9030331_1.fastq.gz;/n/data1/hms/dbmi/farhat/mm774/DownloadedData/220309_Hall2022_LRandSR/R32929/Illumina_SR/ERR9030331_2.fastq.gz	Hall2022
R23571	/n/data1/hms/dbmi/farhat/mm774/DownloadedData/220309_Hall2022_LRandSR/R23571/ONT_LR/ERR9030465.fastq.gz	/n/data1/hms/dbmi/farhat/mm774/DownloadedData/220309_Hall2022_LRandSR/R23571/Illumina_SR/R23571.MergedRuns.ERR6362166.ERR6362167_1.fastq.gz;/n/data1/hms/dbmi/farhat/mm774/DownloadedData/220309_Hall2022_LRandSR/R23571/Illumina_SR/R23571.MergedRuns.ERR6362166.ERR6362167_2.fastq.gz	Hall2022
R20574	/n/data1/hms/dbmi/farhat/mm774/DownloadedData/220309_Hall2022_LRandSR/R20574/ONT_LR/ERR9030530.fastq.gz	/n/data1/hms/dbmi/farhat/mm774/DownloadedData/220309_Hall2022_LRandSR/R20574/Illumina_SR/ERR5987402_1.fastq.gz;/n/data1/hms/dbmi/farhat/mm774/DownloadedData/220309_Hall2022_LRandSR/R20574/Illumina_SR/ERR5987402_2.fastq.gz	Hall2022
R28980	/n/data1/hms/dbmi/farhat/mm774/DownloadedData/220309_Hall2022_LRandSR/R28980/ONT_LR/ERR9030277.fastq.gz	/n/data1/hms/dbmi/farhat/mm774/DownloadedData/220309_Hall2022_LRandSR/R28980/Illumina_SR/R28980.MergedRuns.ERR6361974.ERR6362131_1.fastq.gz;/n/data1/hms/dbmi/farhat/mm774/DownloadedData/220309_Hall2022_LRandSR/R28980/Illumina_SR/R28980.MergedRuns.ERR6361974.ERR6362131_2.fastq.gz	Hall2022
R24120	/n/data1/hms/dbmi/farhat/mm774/DownloadedData/220309_Hall2022_LRandSR/R24120/ONT_LR/ERR9030248.fastq.gz	/n/data1/hms/dbmi/farhat/mm774/DownloadedData/220309_Hall2022_LRandSR/R24120/Illumina_SR/ERR5987430_1.fastq.gz;/n/data1/hms/dbmi/farhat/mm774/DownloadedData/220309_Hall2022_LRandSR/R24120/Illumina_SR/ERR5987430_2.fastq.gz	Hall2022
R28581	/n/data1/hms/dbmi/farhat/mm774/DownloadedData/220309_Hall2022_LRandSR/R28581/ONT_LR/ERR9030321.fastq.gz	/n/data1/hms/dbmi/farhat/mm774/DownloadedData/220309_Hall2022_LRandSR/R28581/Illumina_SR/ERR5987281_1.fastq.gz;/n/data1/hms/dbmi/farhat/mm774/DownloadedData/220309_Hall2022_LRandSR/R28581/Illumina_SR/ERR5987281_2.fastq.gz	Hall2022
R15311	/n/data1/hms/dbmi/farhat/mm774/DownloadedData/220309_Hall2022_LRandSR/R15311/ONT_LR/ERR9030471.fastq.gz	/n/data1/hms/dbmi/farhat/mm774/DownloadedData/220309_Hall2022_LRandSR/R15311/Illumina_SR/ERR9030447_1.fastq.gz;/n/data1/hms/dbmi/farhat/mm774/DownloadedData/220309_Hall2022_LRandSR/R15311/Illumina_SR/ERR9030447_2.fastq.gz	Hall2022
R22601	/n/data1/hms/dbmi/farhat/mm774/DownloadedData/220309_Hall2022_LRandSR/R22601/ONT_LR/ERR9030280.fastq.gz	/n/data1/hms/dbmi/farhat/mm774/DownloadedData/220309_Hall2022_LRandSR/R22601/Illumina_SR/ERR9030306_1.fastq.gz;/n/data1/hms/dbmi/farhat/mm774/DownloadedData/220309_Hall2022_LRandSR/R22601/Illumina_SR/ERR9030306_2.fastq.gz	Hall2022
R26778	/n/data1/hms/dbmi/farhat/mm774/DownloadedData/220309_Hall2022_LRandSR/R26778/ONT_LR/ERR9030415.fastq.gz	/n/data1/hms/dbmi/farhat/mm774/DownloadedData/220309_Hall2022_LRandSR/R26778/Illumina_SR/ERR9030524_1.fastq.gz;/n/data1/hms/dbmi/farhat/mm774/DownloadedData/220309_Hall2022_LRandSR/R26778/Illumina_SR/ERR9030524_2.fastq.gz	Hall2022
18_0621851	/n/data1/hms/dbmi/farhat/mm774/DownloadedData/220309_Hall2022_LRandSR/18_0621851/ONT_LR/ERR9030323.fastq.gz	/n/data1/hms/dbmi/farhat/mm774/DownloadedData/220309_Hall2022_LRandSR/18_0621851/Illumina_SR/ERR4816407_1.fastq.gz;/n/data1/hms/dbmi/farhat/mm774/DownloadedData/220309_Hall2022_LRandSR/18_0621851/Illumina_SR/ERR4816407_2.fastq.gz	Hall2022
9050-05	/n/data1/hms/dbmi/farhat/mm774/DownloadedData/220110_Peker2021_ONT/9050-05/ONT_LR/SRR14196816_1.fastq.gz	/n/data1/hms/dbmi/farhat/mm774/DownloadedData/220110_Peker2021_ONT/9050-05/Illumina_SR/SRR14196817_1.fastq.gz;/n/data1/hms/dbmi/farhat/mm774/DownloadedData/220110_Peker2021_ONT/9050-05/Illumina_SR/SRR14196817_2.fastq.gz	Peker2021
8644-04	/n/data1/hms/dbmi/farhat/mm774/DownloadedData/220110_Peker2021_ONT/8644-04/ONT_LR/SRR14196818_1.fastq.gz	/n/data1/hms/dbmi/farhat/mm774/DownloadedData/220110_Peker2021_ONT/8644-04/Illumina_SR/SRR14196829_1.fastq.gz;/n/data1/hms/dbmi/farhat/mm774/DownloadedData/220110_Peker2021_ONT/8644-04/Illumina_SR/SRR14196829_2.fastq.gz	Peker2021
QC-10	/n/data1/hms/dbmi/farhat/mm774/DownloadedData/220110_Peker2021_ONT/QC-10/ONT_LR/SRR14196819_1.fastq.gz	/n/data1/hms/dbmi/farhat/mm774/DownloadedData/220110_Peker2021_ONT/QC-10/Illumina_SR/SRR14196820_1.fastq.gz;/n/data1/hms/dbmi/farhat/mm774/DownloadedData/220110_Peker2021_ONT/QC-10/Illumina_SR/SRR14196820_2.fastq.gz	Peker2021
QC-9	/n/data1/hms/dbmi/farhat/mm774/DownloadedData/220110_Peker2021_ONT/QC-9/ONT_LR/SRR14196821_1.fastq.gz	/n/data1/hms/dbmi/farhat/mm774/DownloadedData/220110_Peker2021_ONT/QC-9/Illumina_SR/SRR14196822_1.fastq.gz;/n/data1/hms/dbmi/farhat/mm774/DownloadedData/220110_Peker2021_ONT/QC-9/Illumina_SR/SRR14196822_2.fastq.gz	Peker2021
QC-8	/n/data1/hms/dbmi/farhat/mm774/DownloadedData/220110_Peker2021_ONT/QC-8/ONT_LR/SRR14196823_1.fastq.gz	/n/data1/hms/dbmi/farhat/mm774/DownloadedData/220110_Peker2021_ONT/QC-8/Illumina_SR/SRR14196824_1.fastq.gz;/n/data1/hms/dbmi/farhat/mm774/DownloadedData/220110_Peker2021_ONT/QC-8/Illumina_SR/SRR14196824_2.fastq.gz	Peker2021
QC-7	/n/data1/hms/dbmi/farhat/mm774/DownloadedData/220110_Peker2021_ONT/QC-7/ONT_LR/SRR14196825_1.fastq.gz	/n/data1/hms/dbmi/farhat/mm774/DownloadedData/220110_Peker2021_ONT/QC-7/Illumina_SR/SRR14196826_1.fastq.gz;/n/data1/hms/dbmi/farhat/mm774/DownloadedData/220110_Peker2021_ONT/QC-7/Illumina_SR/SRR14196826_2.fastq.gz	Peker2021
QC-6	/n/data1/hms/dbmi/farhat/mm774/DownloadedData/220110_Peker2021_ONT/QC-6/ONT_LR/SRR14196827_1.fastq.gz	/n/data1/hms/dbmi/farhat/mm774/DownloadedData/220110_Peker2021_ONT/QC-6/Illumina_SR/SRR14196828_1.fastq.gz;/n/data1/hms/dbmi/farhat/mm774/DownloadedData/220110_Peker2021_ONT/QC-6/Illumina_SR/SRR14196828_2.fastq.gz	Peker2021
QC-5	/n/data1/hms/dbmi/farhat/mm774/DownloadedData/220110_Peker2021_ONT/QC-5/ONT_LR/SRR14196830_1.fastq.gz	/n/data1/hms/dbmi/farhat/mm774/DownloadedData/220110_Peker2021_ONT/QC-5/Illumina_SR/SRR14196831_1.fastq.gz;/n/data1/hms/dbmi/farhat/mm774/DownloadedData/220110_Peker2021_ONT/QC-5/Illumina_SR/SRR14196831_2.fastq.gz	Peker2021
QC-4	/n/data1/hms/dbmi/farhat/mm774/DownloadedData/220110_Peker2021_ONT/QC-4/ONT_LR/SRR14196832_1.fastq.gz	/n/data1/hms/dbmi/farhat/mm774/DownloadedData/220110_Peker2021_ONT/QC-4/Illumina_SR/SRR14196833_1.fastq.gz;/n/data1/hms/dbmi/farhat/mm774/DownloadedData/220110_Peker2021_ONT/QC-4/Illumina_SR/SRR14196833_2.fastq.gz	Peker2021
QC-3	/n/data1/hms/dbmi/farhat/mm774/DownloadedData/220110_Peker2021_ONT/QC-3/ONT_LR/SRR14196834_1.fastq.gz	/n/data1/hms/dbmi/farhat/mm774/DownloadedData/220110_Peker2021_ONT/QC-3/Illumina_SR/SRR14196835_1.fastq.gz;/n/data1/hms/dbmi/farhat/mm774/DownloadedData/220110_Peker2021_ONT/QC-3/Illumina_SR/SRR14196835_2.fastq.gz	Peker2021
QC-1	/n/data1/hms/dbmi/farhat/mm774/DownloadedData/220110_Peker2021_ONT/QC-1/ONT_LR/SRR14196838_1.fastq.gz	/n/data1/hms/dbmi/farhat/mm774/DownloadedData/220110_Peker2021_ONT/QC-1/Illumina_SR/SRR14196839_1.fastq.gz;/n/data1/hms/dbmi/farhat/mm774/DownloadedData/220110_Peker2021_ONT/QC-1/Illumina_SR/SRR14196839_2.fastq.gz	Peker2021
8129-04	/n/data1/hms/dbmi/farhat/mm774/DownloadedData/220110_Peker2021_ONT/8129-04/ONT_LR/SRR14196840_1.fastq.gz	/n/data1/hms/dbmi/farhat/mm774/DownloadedData/220110_Peker2021_ONT/8129-04/Illumina_SR/SRR14196851_1.fastq.gz;/n/data1/hms/dbmi/farhat/mm774/DownloadedData/220110_Peker2021_ONT/8129-04/Illumina_SR/SRR14196851_2.fastq.gz	Peker2021
706-05	/n/data1/hms/dbmi/farhat/mm774/DownloadedData/220110_Peker2021_ONT/706-05/ONT_LR/SRR14196841_1.fastq.gz	/n/data1/hms/dbmi/farhat/mm774/DownloadedData/220110_Peker2021_ONT/706-05/Illumina_SR/SRR14196842_1.fastq.gz;/n/data1/hms/dbmi/farhat/mm774/DownloadedData/220110_Peker2021_ONT/706-05/Illumina_SR/SRR14196842_2.fastq.gz	Peker2021
702-06	/n/data1/hms/dbmi/farhat/mm774/DownloadedData/220110_Peker2021_ONT/702-06/ONT_LR/SRR14196843_1.fastq.gz	/n/data1/hms/dbmi/farhat/mm774/DownloadedData/220110_Peker2021_ONT/702-06/Illumina_SR/SRR14196844_1.fastq.gz;/n/data1/hms/dbmi/farhat/mm774/DownloadedData/220110_Peker2021_ONT/702-06/Illumina_SR/SRR14196844_2.fastq.gz	Peker2021
696-05	/n/data1/hms/dbmi/farhat/mm774/DownloadedData/220110_Peker2021_ONT/696-05/ONT_LR/SRR14196845_1.fastq.gz	/n/data1/hms/dbmi/farhat/mm774/DownloadedData/220110_Peker2021_ONT/696-05/Illumina_SR/SRR14196846_1.fastq.gz;/n/data1/hms/dbmi/farhat/mm774/DownloadedData/220110_Peker2021_ONT/696-05/Illumina_SR/SRR14196846_2.fastq.gz	Peker2021
4549-04	/n/data1/hms/dbmi/farhat/mm774/DownloadedData/220110_Peker2021_ONT/4549-04/ONT_LR/SRR14196852_1.fastq.gz	/n/data1/hms/dbmi/farhat/mm774/DownloadedData/220110_Peker2021_ONT/4549-04/Illumina_SR/SRR14196853_1.fastq.gz;/n/data1/hms/dbmi/farhat/mm774/DownloadedData/220110_Peker2021_ONT/4549-04/Illumina_SR/SRR14196853_2.fastq.gz	Peker2021
3003-06	/n/data1/hms/dbmi/farhat/mm774/DownloadedData/220110_Peker2021_ONT/3003-06/ONT_LR/SRR14196858_1.fastq.gz	/n/data1/hms/dbmi/farhat/mm774/DownloadedData/220110_Peker2021_ONT/3003-06/Illumina_SR/SRR14196859_1.fastq.gz;/n/data1/hms/dbmi/farhat/mm774/DownloadedData/220110_Peker2021_ONT/3003-06/Illumina_SR/SRR14196859_2.fastq.gz	Peker2021
8651-04	/n/data1/hms/dbmi/farhat/mm774/DownloadedData/220110_Peker2021_ONT/8651-04/ONT_LR/SRR14196860_1.fastq.gz	/n/data1/hms/dbmi/farhat/mm774/DownloadedData/220110_Peker2021_ONT/8651-04/Illumina_SR/SRR14196861_1.fastq.gz;/n/data1/hms/dbmi/farhat/mm774/DownloadedData/220110_Peker2021_ONT/8651-04/Illumina_SR/SRR14196861_2.fastq.gz	Peker2021
