Original_ID	PacBio_FQ_PATH	Illumina_ID
S0007-01	/n/data1/hms/dbmi/farhat/fastq_db/TRUST_PacBio/TRUST_PacBio_Set1/TRUST.bc2001.ccs.fastq.gz	MFS-3
S0256-01	/n/data1/hms/dbmi/farhat/fastq_db/TRUST_PacBio/TRUST_PacBio_Set1/TRUST.bc2018.ccs.fastq.gz	MFS-172
S0252-01	/n/data1/hms/dbmi/farhat/fastq_db/TRUST_PacBio/TRUST_PacBio_Set1/TRUST.bc2017.ccs.fastq.gz	MFS-168
S0130-01	/n/data1/hms/dbmi/farhat/fastq_db/TRUST_PacBio/TRUST_PacBio_Set1/TRUST.bc2014.ccs.fastq.gz	MFS-62
S0107-07	/n/data1/hms/dbmi/farhat/fastq_db/TRUST_PacBio/TRUST_PacBio_Set1/TRUST.bc2011.ccs.fastq.gz	MFS-59
S0256-08	/n/data1/hms/dbmi/farhat/fastq_db/TRUST_PacBio/TRUST_PacBio_Set1/TRUST.bc2019.ccs.fastq.gz	MFS-173
S0089-01	/n/data1/hms/dbmi/farhat/fastq_db/TRUST_PacBio/TRUST_PacBio_Set1/TRUST.bc2008.ccs.fastq.gz	MFS-54
S0107-01	/n/data1/hms/dbmi/farhat/fastq_db/TRUST_PacBio/TRUST_PacBio_Set1/TRUST.bc2010.ccs.fastq.gz	MFS-58
S0085-01	/n/data1/hms/dbmi/farhat/fastq_db/TRUST_PacBio/TRUST_PacBio_Set1/TRUST.bc2006.ccs.fastq.gz	MFS-51
S0070-08	/n/data1/hms/dbmi/farhat/fastq_db/TRUST_PacBio/TRUST_PacBio_Set1/TRUST.bc2002.ccs.fastq.gz	MFS-42
S0085-07	/n/data1/hms/dbmi/farhat/fastq_db/TRUST_PacBio/TRUST_PacBio_Set1/TRUST.bc2007.ccs.fastq.gz	MFS-52
S0106-01	/n/data1/hms/dbmi/farhat/fastq_db/TRUST_PacBio/TRUST_PacBio_Set1/TRUST.bc2009.ccs.fastq.gz	MFS-56
S0123-01	/n/data1/hms/dbmi/farhat/fastq_db/TRUST_PacBio/TRUST_PacBio_Set1/TRUST.bc2012.ccs.fastq.gz	MFS-60
S0123-07	/n/data1/hms/dbmi/farhat/fastq_db/TRUST_PacBio/TRUST_PacBio_Set1/TRUST.bc2013.ccs.fastq.gz	MFS-61
S0171-01	/n/data1/hms/dbmi/farhat/fastq_db/TRUST_PacBio/TRUST_PacBio_Set1/TRUST.bc2015.ccs.fastq.gz	MFS-90
S0262-02	/n/data1/hms/dbmi/farhat/fastq_db/TRUST_PacBio/TRUST_PacBio_Set1/TRUST.bc2020.ccs.fastq.gz	MFS-181
S0141-01	/n/data1/hms/dbmi/farhat/fastq_db/TRUST_PacBio/TRUST_PacBio_Set2_221127/demultiplex.bc2041--bc2041.hifi_reads.fastq.gz	MFS-70
S0131-01	/n/data1/hms/dbmi/farhat/fastq_db/TRUST_PacBio/TRUST_PacBio_Set2_221127/demultiplex.bc2042--bc2042.hifi_reads.fastq.gz	MFS-64
S0276-01	/n/data1/hms/dbmi/farhat/fastq_db/TRUST_PacBio/TRUST_PacBio_Set2_221127/demultiplex.bc2043--bc2043.hifi_reads.fastq.gz	MFS-321
S0064-01	/n/data1/hms/dbmi/farhat/fastq_db/TRUST_PacBio/TRUST_PacBio_Set2_221127/demultiplex.bc2044--bc2044.hifi_reads.fastq.gz	MFS-37
S0041-01	/n/data1/hms/dbmi/farhat/fastq_db/TRUST_PacBio/TRUST_PacBio_Set2_221127/demultiplex.bc2045--bc2045.hifi_reads.fastq.gz	MFS-22
S0249-01	/n/data1/hms/dbmi/farhat/fastq_db/TRUST_PacBio/TRUST_PacBio_Set2_221127/demultiplex.bc2046--bc2046.hifi_reads.fastq.gz	MFS-162
S0284-07	/n/data1/hms/dbmi/farhat/fastq_db/TRUST_PacBio/TRUST_PacBio_Set2_221127/demultiplex.bc2047--bc2047.hifi_reads.fastq.gz	MFS-326
S0284-01	/n/data1/hms/dbmi/farhat/fastq_db/TRUST_PacBio/TRUST_PacBio_Set2_221127/demultiplex.bc2048--bc2048.hifi_reads.fastq.gz	MFS-325
S0211-08	/n/data1/hms/dbmi/farhat/fastq_db/TRUST_PacBio/TRUST_PacBio_Set2_221127/demultiplex.bc2049--bc2049.hifi_reads.fastq.gz	MFS-121
S0018-01	/n/data1/hms/dbmi/farhat/fastq_db/TRUST_PacBio/TRUST_PacBio_Set2_221127/demultiplex.bc2050--bc2050.hifi_reads.fastq.gz	MFS-7
S0321-08	/n/data1/hms/dbmi/farhat/fastq_db/TRUST_PacBio/TRUST_PacBio_Set2_221127/demultiplex.bc2051--bc2051.hifi_reads.fastq.gz	MFS-330
S0212-01	/n/data1/hms/dbmi/farhat/fastq_db/TRUST_PacBio/TRUST_PacBio_Set2_221127/demultiplex.bc2052--bc2052.hifi_reads.fastq.gz	MFS-122
S0276-08	/n/data1/hms/dbmi/farhat/fastq_db/TRUST_PacBio/TRUST_PacBio_Set2_221127/demultiplex.bc2053--bc2053.hifi_reads.fastq.gz	MFS-322
S0142-01	/n/data1/hms/dbmi/farhat/fastq_db/TRUST_PacBio/TRUST_PacBio_Set2_221127/demultiplex.bc2056--bc2056.hifi_reads.fastq.gz	MFS-71
S0186-06	/n/data1/hms/dbmi/farhat/fastq_db/TRUST_PacBio/TRUST_PacBio_Set2_221127/demultiplex.bc2057--bc2057.hifi_reads.fastq.gz	MFS-105
S0077-01	/n/data1/hms/dbmi/farhat/fastq_db/TRUST_PacBio/TRUST_PacBio_Set2_221127/demultiplex.bc2058--bc2058.hifi_reads.fastq.gz	MFS-43
S0223-01	/n/data1/hms/dbmi/farhat/fastq_db/TRUST_PacBio/TRUST_PacBio_Set2_221127/demultiplex.bc2059--bc2059.hifi_reads.fastq.gz	MFS-132
S0311-08	/n/data1/hms/dbmi/farhat/fastq_db/TRUST_PacBio/TRUST_PacBio_Set2_221127/demultiplex.bc2060--bc2060.hifi_reads.fastq.gz	MFS-318
S0248-01	/n/data1/hms/dbmi/farhat/fastq_db/TRUST_PacBio/TRUST_PacBio_Set2_221127/demultiplex.bc2061--bc2061.hifi_reads.fastq.gz	MFS-161
S0285-08	/n/data1/hms/dbmi/farhat/fastq_db/TRUST_PacBio/TRUST_PacBio_Set2_221127/demultiplex.bc2062--bc2062.hifi_reads.fastq.gz	MFS-328
S0283-01	/n/data1/hms/dbmi/farhat/fastq_db/TRUST_PacBio/TRUST_PacBio_Set2_221127/demultiplex.bc2063--bc2063.hifi_reads.fastq.gz	MFS-324
S0082-01	/n/data1/hms/dbmi/farhat/fastq_db/TRUST_PacBio/TRUST_PacBio_Set2_221127/demultiplex.bc2064--bc2064.hifi_reads.fastq.gz	MFS-47
S0184-01	/n/data1/hms/dbmi/farhat/fastq_db/TRUST_PacBio/TRUST_PacBio_Set2_221127/demultiplex.bc2065--bc2065.hifi_reads.fastq.gz	MFS-102
S0165-01	/n/data1/hms/dbmi/farhat/fastq_db/TRUST_PacBio/TRUST_PacBio_Set2_221127/demultiplex.bc2066--bc2066.hifi_reads.fastq.gz	MFS-83
S0189-01	/n/data1/hms/dbmi/farhat/fastq_db/TRUST_PacBio/TRUST_PacBio_Set2_221127/demultiplex.bc2067--bc2067.hifi_reads.fastq.gz	MFS-107
S0225-01	/n/data1/hms/dbmi/farhat/fastq_db/TRUST_PacBio/TRUST_PacBio_Set2_221127/demultiplex.bc2068--bc2068.hifi_reads.fastq.gz	MFS-135
S0180-01	/n/data1/hms/dbmi/farhat/fastq_db/TRUST_PacBio/TRUST_PacBio_Set2_221127/demultiplex.bc2069--bc2069.hifi_reads.fastq.gz	MFS-97
S0186-01	/n/data1/hms/dbmi/farhat/fastq_db/TRUST_PacBio/TRUST_PacBio_Set2_221127/demultiplex.bc2070--bc2070.hifi_reads.fastq.gz	MFS-104
S0209-01	/n/data1/hms/dbmi/farhat/fastq_db/TRUST_PacBio/TRUST_PacBio_Set3_230124/m64142_221216_110244.bc2001--bc2001.hifi_reads.fastq.gz	MFS-119
S0209-06	/n/data1/hms/dbmi/farhat/fastq_db/TRUST_PacBio/TRUST_PacBio_Set3_230124/m64142_221216_110244.bc2002--bc2002.hifi_reads.fastq.gz	MFS-120
S0220-08	/n/data1/hms/dbmi/farhat/fastq_db/TRUST_PacBio/TRUST_PacBio_Set3_230124/m64142_221216_110244.bc2003--bc2003.hifi_reads.fastq.gz	MFS-130
S0291-01	/n/data1/hms/dbmi/farhat/fastq_db/TRUST_PacBio/TRUST_PacBio_Set3_230124/m64142_221216_110244.bc2009--bc2009.hifi_reads.fastq.gz	MFS-308
S0291-09	/n/data1/hms/dbmi/farhat/fastq_db/TRUST_PacBio/TRUST_PacBio_Set3_230124/m64142_221216_110244.bc2010--bc2010.hifi_reads.fastq.gz	MFS-309
S0305-01	/n/data1/hms/dbmi/farhat/fastq_db/TRUST_PacBio/TRUST_PacBio_Set3_230124/m64142_221216_110244.bc2013--bc2013.hifi_reads.fastq.gz	MFS-313
S0310-07	/n/data1/hms/dbmi/farhat/fastq_db/TRUST_PacBio/TRUST_PacBio_Set3_230124/m64142_221216_110244.bc2014--bc2014.hifi_reads.fastq.gz	MFS-316
S0265-01	/n/data1/hms/dbmi/farhat/fastq_db/TRUST_PacBio/TRUST_PacBio_Set3_230124/m64142_221216_110244.bc2017--bc2017.hifi_reads.fastq.gz	MFS-184
S0188-02	/n/data1/hms/dbmi/farhat/fastq_db/TRUST_PacBio/TRUST_PacBio_Set3_230124/m64142_221216_110244.bc2018--bc2018.hifi_reads.fastq.gz	MFS-106
S0008-01	/n/data1/hms/dbmi/farhat/fastq_db/TRUST_PacBio/TRUST_PacBio_Set3_230124/m64142_221216_110244.bc2020--bc2020.hifi_reads.fastq.gz	MFS-4
S0045-01	/n/data1/hms/dbmi/farhat/fastq_db/TRUST_PacBio/TRUST_PacBio_Set3_230124/m64142_221216_110244.bc2022--bc2022.hifi_reads.fastq.gz	MFS-25
S0047-01	/n/data1/hms/dbmi/farhat/fastq_db/TRUST_PacBio/TRUST_PacBio_Set3_230124/m64142_221216_110244.bc2023--bc2023.hifi_reads.fastq.gz	MFS-27
S0282-02	/n/data1/hms/dbmi/farhat/fastq_db/TRUST_PacBio/TRUST_PacBio_Set3_230124/m64142_221216_110244.bc2024--bc2024.hifi_reads.fastq.gz	MFS-323
S0013-01	/n/data1/hms/dbmi/farhat/fastq_db/TRUST_PacBio/TRUST_PacBio_Set3_230124/m64142_221216_110244.bc2025--bc2025.hifi_reads.fastq.gz	MFS-5
S0106-08	/n/data1/hms/dbmi/farhat/fastq_db/TRUST_PacBio/TRUST_PacBio_Set3_230124/m64142_221216_110244.bc2026--bc2026.hifi_reads.fastq.gz	MFS-57
S0185-01	/n/data1/hms/dbmi/farhat/fastq_db/TRUST_PacBio/TRUST_PacBio_Set3_230124/m64142_221216_110244.bc2027--bc2027.hifi_reads.fastq.gz	MFS-103
S0305-08	/n/data1/hms/dbmi/farhat/fastq_db/TRUST_PacBio/TRUST_PacBio_Set3_230124/m64142_221216_110244.bc2028--bc2028.hifi_reads.fastq.gz	MFS-314
S0049-01	/n/data1/hms/dbmi/farhat/fastq_db/TRUST_PacBio/TRUST_PacBio_Set3_230124/m64142_221216_110244.bc2032--bc2032.hifi_reads.fastq.gz	MFS-28
S0289-01	/n/data1/hms/dbmi/farhat/fastq_db/TRUST_PacBio/TRUST_PacBio_Set3_230124/m64142_221216_110244.bc2033--bc2033.hifi_reads.fastq.gz	MFS-329
S0166-07	/n/data1/hms/dbmi/farhat/fastq_db/TRUST_PacBio/TRUST_PacBio_Set3_230124/m64142_221216_110244.bc2034--bc2034.hifi_reads.fastq.gz	MFS-199
S0031-01	/n/data1/hms/dbmi/farhat/fastq_db/TRUST_PacBio/TRUST_PacBio_Set3_230124/m64142_221216_110244.bc2036--bc2036.hifi_reads.fastq.gz	MFS-16
S0045-07	/n/data1/hms/dbmi/farhat/fastq_db/TRUST_PacBio/TRUST_PacBio_Set3_230124/m64142_221216_110244.bc2073--bc2073.hifi_reads.fastq.gz	MFS-26
S0049-08	/n/data1/hms/dbmi/farhat/fastq_db/TRUST_PacBio/TRUST_PacBio_Set3_230124/m64142_221216_110244.bc2074--bc2074.hifi_reads.fastq.gz	MFS-29
S0055-01	/n/data1/hms/dbmi/farhat/fastq_db/TRUST_PacBio/TRUST_PacBio_Set3_230124/m64142_221216_110244.bc2075--bc2075.hifi_reads.fastq.gz	MFS-33
S0055-08	/n/data1/hms/dbmi/farhat/fastq_db/TRUST_PacBio/TRUST_PacBio_Set3_230124/m64142_221216_110244.bc2076--bc2076.hifi_reads.fastq.gz	MFS-34
S0004-01	/n/data1/hms/dbmi/farhat/fastq_db/TRUST_PacBio/TRUST_PacBio_Set3_230124/m64142_221216_110244.bc2081--bc2081.hifi_reads.fastq.gz	MFS-1
S0018-06	/n/data1/hms/dbmi/farhat/fastq_db/TRUST_PacBio/TRUST_PacBio_Set3_230124/m64142_221216_110244.bc2083--bc2083.hifi_reads.fastq.gz	MFS-8
S0013-09	/n/data1/hms/dbmi/farhat/fastq_db/TRUST_PacBio/TRUST_PacBio_Set3_230124/m64142_221216_110244.bc2085--bc2085.hifi_reads.fastq.gz	MFS-6
S0227-07	/n/data1/hms/dbmi/farhat/fastq_db/TRUST_PacBio/TRUST_PacBio_Set3_230124/m64142_221216_110244.bc2087--bc2087.hifi_reads.fastq.gz	MFS-136
S0245-01	/n/data1/hms/dbmi/farhat/fastq_db/TRUST_PacBio/TRUST_PacBio_Set3_230124/m64142_221216_110244.bc2089--bc2089.hifi_reads.fastq.gz	MFS-156
S0247-01	/n/data1/hms/dbmi/farhat/fastq_db/TRUST_PacBio/TRUST_PacBio_Set3_230124/m64142_221216_110244.bc2091--bc2091.hifi_reads.fastq.gz	MFS-160
S0246-08	/n/data1/hms/dbmi/farhat/fastq_db/TRUST_PacBio/TRUST_PacBio_Set4_230124/m64142_221219_140554.bc2004--bc2004.hifi_reads.fastq.gz	MFS-159
S0299-01	/n/data1/hms/dbmi/farhat/fastq_db/TRUST_PacBio/TRUST_PacBio_Set4_230124/m64142_221219_140554.bc2005--bc2005.hifi_reads.fastq.gz	MFS-259
S0290-01	/n/data1/hms/dbmi/farhat/fastq_db/TRUST_PacBio/TRUST_PacBio_Set4_230124/m64142_221219_140554.bc2006--bc2006.hifi_reads.fastq.gz	MFS-264
S0290-08	/n/data1/hms/dbmi/farhat/fastq_db/TRUST_PacBio/TRUST_PacBio_Set4_230124/m64142_221219_140554.bc2007--bc2007.hifi_reads.fastq.gz	MFS-266
S0289-08	/n/data1/hms/dbmi/farhat/fastq_db/TRUST_PacBio/TRUST_PacBio_Set4_230124/m64142_221219_140554.bc2008--bc2008.hifi_reads.fastq.gz	MFS-307
S0292-01	/n/data1/hms/dbmi/farhat/fastq_db/TRUST_PacBio/TRUST_PacBio_Set4_230124/m64142_221219_140554.bc2011--bc2011.hifi_reads.fastq.gz	MFS-310
S0299-09	/n/data1/hms/dbmi/farhat/fastq_db/TRUST_PacBio/TRUST_PacBio_Set4_230124/m64142_221219_140554.bc2012--bc2012.hifi_reads.fastq.gz	MFS-312
S0311-01	/n/data1/hms/dbmi/farhat/fastq_db/TRUST_PacBio/TRUST_PacBio_Set4_230124/m64142_221219_140554.bc2015--bc2015.hifi_reads.fastq.gz	MFS-317
S0285-01	/n/data1/hms/dbmi/farhat/fastq_db/TRUST_PacBio/TRUST_PacBio_Set4_230124/m64142_221219_140554.bc2016--bc2016.hifi_reads.fastq.gz	MFS-327
S0192-02	/n/data1/hms/dbmi/farhat/fastq_db/TRUST_PacBio/TRUST_PacBio_Set4_230124/m64142_221219_140554.bc2019--bc2019.hifi_reads.fastq.gz	MFS-194
S0242-01	/n/data1/hms/dbmi/farhat/fastq_db/TRUST_PacBio/TRUST_PacBio_Set4_230124/m64142_221219_140554.bc2021--bc2021.hifi_reads.fastq.gz	MFS-150
S0310-01	/n/data1/hms/dbmi/farhat/fastq_db/TRUST_PacBio/TRUST_PacBio_Set4_230124/m64142_221219_140554.bc2029--bc2029.hifi_reads.fastq.gz	MFS-315
S0317-01	/n/data1/hms/dbmi/farhat/fastq_db/TRUST_PacBio/TRUST_PacBio_Set4_230124/m64142_221219_140554.bc2030--bc2030.hifi_reads.fastq.gz	MFS-319
S0321-01	/n/data1/hms/dbmi/farhat/fastq_db/TRUST_PacBio/TRUST_PacBio_Set4_230124/m64142_221219_140554.bc2031--bc2031.hifi_reads.fastq.gz	MFS-320
S0070-01	/n/data1/hms/dbmi/farhat/fastq_db/TRUST_PacBio/TRUST_PacBio_Set4_230124/m64142_221219_140554.bc2035--bc2035.hifi_reads.fastq.gz	MFS-41
S0100-01	/n/data1/hms/dbmi/farhat/fastq_db/TRUST_PacBio/TRUST_PacBio_Set4_230124/m64142_221219_140554.bc2071--bc2071.hifi_reads.fastq.gz	MFS-55
S0130-07	/n/data1/hms/dbmi/farhat/fastq_db/TRUST_PacBio/TRUST_PacBio_Set4_230124/m64142_221219_140554.bc2072--bc2072.hifi_reads.fastq.gz	MFS-63
S0064-08	/n/data1/hms/dbmi/farhat/fastq_db/TRUST_PacBio/TRUST_PacBio_Set4_230124/m64142_221219_140554.bc2077--bc2077.hifi_reads.fastq.gz	MFS-38
S0066-01	/n/data1/hms/dbmi/farhat/fastq_db/TRUST_PacBio/TRUST_PacBio_Set4_230124/m64142_221219_140554.bc2078--bc2078.hifi_reads.fastq.gz	MFS-39
S0066-08	/n/data1/hms/dbmi/farhat/fastq_db/TRUST_PacBio/TRUST_PacBio_Set4_230124/m64142_221219_140554.bc2079--bc2079.hifi_reads.fastq.gz	MFS-40
S0077-06	/n/data1/hms/dbmi/farhat/fastq_db/TRUST_PacBio/TRUST_PacBio_Set4_230124/m64142_221219_140554.bc2080--bc2080.hifi_reads.fastq.gz	MFS-44
S0004-08	/n/data1/hms/dbmi/farhat/fastq_db/TRUST_PacBio/TRUST_PacBio_Set4_230124/m64142_221219_140554.bc2082--bc2082.hifi_reads.fastq.gz	MFS-2
S0031-08	/n/data1/hms/dbmi/farhat/fastq_db/TRUST_PacBio/TRUST_PacBio_Set4_230124/m64142_221219_140554.bc2084--bc2084.hifi_reads.fastq.gz	MFS-17
S0131-09	/n/data1/hms/dbmi/farhat/fastq_db/TRUST_PacBio/TRUST_PacBio_Set4_230124/m64142_221219_140554.bc2086--bc2086.hifi_reads.fastq.gz	MFS-65
S0242-08	/n/data1/hms/dbmi/farhat/fastq_db/TRUST_PacBio/TRUST_PacBio_Set4_230124/m64142_221219_140554.bc2088--bc2088.hifi_reads.fastq.gz	MFS-151
S0245-08	/n/data1/hms/dbmi/farhat/fastq_db/TRUST_PacBio/TRUST_PacBio_Set4_230124/m64142_221219_140554.bc2090--bc2090.hifi_reads.fastq.gz	MFS-157
S0249-08	/n/data1/hms/dbmi/farhat/fastq_db/TRUST_PacBio/TRUST_PacBio_Set4_230124/m64142_221219_140554.bc2092--bc2092.hifi_reads.fastq.gz	MFS-163
S0195-01	/n/data1/hms/dbmi/farhat/fastq_db/TRUST_PacBio/TRUST_PacBio_Set4_230124/m64142_221219_140554.bc2093--bc2093.hifi_reads.fastq.gz	MFS-277
S0195-06	/n/data1/hms/dbmi/farhat/fastq_db/TRUST_PacBio/TRUST_PacBio_Set4_230124/m64142_221219_140554.bc2094--bc2094.hifi_reads.fastq.gz	MFS-110
S0198-07	/n/data1/hms/dbmi/farhat/fastq_db/TRUST_PacBio/TRUST_PacBio_Set4_230124/m64142_221219_140554.bc2095--bc2095.hifi_reads.fastq.gz	MFS-113
S0200-07	/n/data1/hms/dbmi/farhat/fastq_db/TRUST_PacBio/TRUST_PacBio_Set4_230124/m64142_221219_140554.bc2096--bc2096.hifi_reads.fastq.gz	MFS-116
S0017-01	/n/data1/hms/dbmi/farhat/fastq_db/TRUST_PacBio/TRUST_PacBio_Set5_240528/m64142_240409_061126.bc2001--bc2001.hifi_reads.fastq.gz	MFS-520
S0063-02	/n/data1/hms/dbmi/farhat/fastq_db/TRUST_PacBio/TRUST_PacBio_Set5_240528/m64142_240409_061126.bc2002--bc2002.hifi_reads.fastq.gz	MFS-550
S0097-02	/n/data1/hms/dbmi/farhat/fastq_db/TRUST_PacBio/TRUST_PacBio_Set5_240528/m64142_240409_061126.bc2003--bc2003.hifi_reads.fastq.gz	MFS-566
S0120-01	/n/data1/hms/dbmi/farhat/fastq_db/TRUST_PacBio/TRUST_PacBio_Set5_240528/m64142_240409_061126.bc2004--bc2004.hifi_reads.fastq.gz	MFS-583
S0139-01	/n/data1/hms/dbmi/farhat/fastq_db/TRUST_PacBio/TRUST_PacBio_Set5_240528/m64142_240409_061126.bc2005--bc2005.hifi_reads.fastq.gz	MFS-601
S0156-01	/n/data1/hms/dbmi/farhat/fastq_db/TRUST_PacBio/TRUST_PacBio_Set5_240528/m64142_240409_061126.bc2006--bc2006.hifi_reads.fastq.gz	MFS-611
S0206-01	/n/data1/hms/dbmi/farhat/fastq_db/TRUST_PacBio/TRUST_PacBio_Set5_240528/m64142_240409_061126.bc2007--bc2007.hifi_reads.fastq.gz	MFS-635
S0207-01	/n/data1/hms/dbmi/farhat/fastq_db/TRUST_PacBio/TRUST_PacBio_Set5_240528/m64142_240409_061126.bc2008--bc2008.hifi_reads.fastq.gz	MFS-636
S0208-01	/n/data1/hms/dbmi/farhat/fastq_db/TRUST_PacBio/TRUST_PacBio_Set5_240528/m64142_240409_061126.bc2009--bc2009.hifi_reads.fastq.gz	MFS-637
S0301-01	/n/data1/hms/dbmi/farhat/fastq_db/TRUST_PacBio/TRUST_PacBio_Set5_240528/m64142_240409_061126.bc2010--bc2010.hifi_reads.fastq.gz	MFS-656
S0325-01	/n/data1/hms/dbmi/farhat/fastq_db/TRUST_PacBio/TRUST_PacBio_Set5_240528/m64142_240409_061126.bc2011--bc2011.hifi_reads.fastq.gz	MFS-658
S0327-02	/n/data1/hms/dbmi/farhat/fastq_db/TRUST_PacBio/TRUST_PacBio_Set5_240528/m64142_240409_061126.bc2012--bc2012.hifi_reads.fastq.gz	MFS-659
S0360-01	/n/data1/hms/dbmi/farhat/fastq_db/TRUST_PacBio/TRUST_PacBio_Set5_240528/m64142_240409_061126.bc2013--bc2013.hifi_reads.fastq.gz	MFS-770
S0096-01	/n/data1/hms/dbmi/farhat/fastq_db/TRUST_PacBio/TRUST_PacBio_Set6/m64142_250205_154304.bc2002--bc2002.hifi_reads.fastq.gz	MFS-737
S0113-01	/n/data1/hms/dbmi/farhat/fastq_db/TRUST_PacBio/TRUST_PacBio_Set6/m64142_250205_154304.bc2003--bc2003.hifi_reads.fastq.gz	MFS-741
S0177-01	/n/data1/hms/dbmi/farhat/fastq_db/TRUST_PacBio/TRUST_PacBio_Set6/m64142_250205_154304.bc2004--bc2004.hifi_reads.fastq.gz	MFS-753
S0191-01	/n/data1/hms/dbmi/farhat/fastq_db/TRUST_PacBio/TRUST_PacBio_Set6/m64142_250205_154304.bc2005--bc2005.hifi_reads.fastq.gz	MFS-754
S0194-03	/n/data1/hms/dbmi/farhat/fastq_db/TRUST_PacBio/TRUST_PacBio_Set6/m64142_250205_154304.bc2006--bc2006.hifi_reads.fastq.gz	MFS-756
S0430-02	/n/data1/hms/dbmi/farhat/fastq_db/TRUST_PacBio/TRUST_PacBio_Set6/m64142_250205_154304.bc2007--bc2007.hifi_reads.fastq.gz	MFS-812
S0030-01	/n/data1/hms/dbmi/farhat/fastq_db/TRUST_PacBio/TRUST_PacBio_Set6/m64142_250205_154304.bc2008--bc2008.hifi_reads.fastq.gz	MFS-15
S0053-01	/n/data1/hms/dbmi/farhat/fastq_db/TRUST_PacBio/TRUST_PacBio_Set6/m64142_250205_154304.bc2009--bc2009.hifi_reads.fastq.gz	MFS-32
S0167-01	/n/data1/hms/dbmi/farhat/fastq_db/TRUST_PacBio/TRUST_PacBio_Set6/m64142_250205_154304.bc2010--bc2010.hifi_reads.fastq.gz	MFS-84
S0167-04	/n/data1/hms/dbmi/farhat/fastq_db/TRUST_PacBio/TRUST_PacBio_Set6/m64142_250205_154304.bc2011--bc2011.hifi_reads.fastq.gz	MFS-85
S0201-01	/n/data1/hms/dbmi/farhat/fastq_db/TRUST_PacBio/TRUST_PacBio_Set6/m64142_250205_154304.bc2012--bc2012.hifi_reads.fastq.gz	MFS-117
S0229-01	/n/data1/hms/dbmi/farhat/fastq_db/TRUST_PacBio/TRUST_PacBio_Set6/m64142_250205_154304.bc2013--bc2013.hifi_reads.fastq.gz	MFS-137
S0307-01	/n/data1/hms/dbmi/farhat/fastq_db/TRUST_PacBio/TRUST_PacBio_Set6/m64142_250205_154304.bc2015--bc2015.hifi_reads.fastq.gz	MFS-258
S0313-01	/n/data1/hms/dbmi/farhat/fastq_db/TRUST_PacBio/TRUST_PacBio_Set6/m64142_250205_154304.bc2016--bc2016.hifi_reads.fastq.gz	MFS-291
S0314-01	/n/data1/hms/dbmi/farhat/fastq_db/TRUST_PacBio/TRUST_PacBio_Set6/m64142_250205_154304.bc2017--bc2017.hifi_reads.fastq.gz	MFS-292
S0072-01	/n/data1/hms/dbmi/farhat/fastq_db/TRUST_PacBio/TRUST_PacBio_Set6/m64142_250205_154304.bc2018--bc2018.hifi_reads.fastq.gz	MFS-350
S0072-06	/n/data1/hms/dbmi/farhat/fastq_db/TRUST_PacBio/TRUST_PacBio_Set6/m64142_250205_154304.bc2019--bc2019.hifi_reads.fastq.gz	MFS-351
S0087-01	/n/data1/hms/dbmi/farhat/fastq_db/TRUST_PacBio/TRUST_PacBio_Set6/m64142_250205_154304.bc2020--bc2020.hifi_reads.fastq.gz	MFS-353
S0087-08	/n/data1/hms/dbmi/farhat/fastq_db/TRUST_PacBio/TRUST_PacBio_Set6/m64142_250205_154304.bc2021--bc2021.hifi_reads.fastq.gz	MFS-354
S0272-02	/n/data1/hms/dbmi/farhat/fastq_db/TRUST_PacBio/TRUST_PacBio_Set6/m64142_250205_154304.bc2022--bc2022.hifi_reads.fastq.gz	MFS-383
S0326-01	/n/data1/hms/dbmi/farhat/fastq_db/TRUST_PacBio/TRUST_PacBio_Set6/m64142_250205_154304.bc2023--bc2023.hifi_reads.fastq.gz	MFS-390
S0330-01	/n/data1/hms/dbmi/farhat/fastq_db/TRUST_PacBio/TRUST_PacBio_Set6/m64142_250205_154304.bc2024--bc2024.hifi_reads.fastq.gz	MFS-395
S0330-08	/n/data1/hms/dbmi/farhat/fastq_db/TRUST_PacBio/TRUST_PacBio_Set6/m64142_250205_154304.bc2025--bc2025.hifi_reads.fastq.gz	MFS-396
S0377-01	/n/data1/hms/dbmi/farhat/fastq_db/TRUST_PacBio/TRUST_PacBio_Set6/m64142_250205_154304.bc2026--bc2026.hifi_reads.fastq.gz	MFS-470
S0390-01	/n/data1/hms/dbmi/farhat/fastq_db/TRUST_PacBio/TRUST_PacBio_Set6/m64142_250205_154304.bc2027--bc2027.hifi_reads.fastq.gz	MFS-482
S0391-01	/n/data1/hms/dbmi/farhat/fastq_db/TRUST_PacBio/TRUST_PacBio_Set6/m64142_250205_154304.bc2028--bc2028.hifi_reads.fastq.gz	MFS-483
S0073-01	/n/data1/hms/dbmi/farhat/fastq_db/TRUST_PacBio/TRUST_PacBio_Set6/m64142_250205_154304.bc2029--bc2029.hifi_reads.fastq.gz	MFS-557
S0110-01	/n/data1/hms/dbmi/farhat/fastq_db/TRUST_PacBio/TRUST_PacBio_Set6/m64142_250205_154304.bc2030--bc2030.hifi_reads.fastq.gz	MFS-573
S0147-01	/n/data1/hms/dbmi/farhat/fastq_db/TRUST_PacBio/TRUST_PacBio_Set6/m64142_250205_154304.bc2031--bc2031.hifi_reads.fastq.gz	MFS-602
S0153-01	/n/data1/hms/dbmi/farhat/fastq_db/TRUST_PacBio/TRUST_PacBio_Set6/m64142_250205_154304.bc2032--bc2032.hifi_reads.fastq.gz	MFS-610
S0204-01	/n/data1/hms/dbmi/farhat/fastq_db/TRUST_PacBio/TRUST_PacBio_Set6/m64142_250205_154304.bc2033--bc2033.hifi_reads.fastq.gz	MFS-630
S0204-08	/n/data1/hms/dbmi/farhat/fastq_db/TRUST_PacBio/TRUST_PacBio_Set6/m64142_250205_154304.bc2034--bc2034.hifi_reads.fastq.gz	MFS-631
S0204-m5	/n/data1/hms/dbmi/farhat/fastq_db/TRUST_PacBio/TRUST_PacBio_Set6/m64142_250205_154304.bc2035--bc2035.hifi_reads.fastq.gz	MFS-632
S0215-02	/n/data1/hms/dbmi/farhat/fastq_db/TRUST_PacBio/TRUST_PacBio_Set6/m64142_250205_154304.bc2036--bc2036.hifi_reads.fastq.gz	MFS-643
S0330-m5	/n/data1/hms/dbmi/farhat/fastq_db/TRUST_PacBio/TRUST_PacBio_Set6/m64142_250205_154304.bc2037--bc2037.hifi_reads.fastq.gz	MFS-660
S0398-01	/n/data1/hms/dbmi/farhat/fastq_db/TRUST_PacBio/TRUST_PacBio_Set6/m64142_250205_154304.bc2038--bc2038.hifi_reads.fastq.gz	MFS-673
S0401-01	/n/data1/hms/dbmi/farhat/fastq_db/TRUST_PacBio/TRUST_PacBio_Set6/m64142_250205_154304.bc2039--bc2039.hifi_reads.fastq.gz	MFS-675
S0403-01	/n/data1/hms/dbmi/farhat/fastq_db/TRUST_PacBio/TRUST_PacBio_Set6/m64142_250205_154304.bc2040--bc2040.hifi_reads.fastq.gz	MFS-677
S0255-01	/n/data1/hms/dbmi/farhat/fastq_db/TRUST_PacBio/TRUST_PacBio_Set6/m64142_250205_154304.bc2048--bc2048.hifi_reads.fastq.gz	MFS-171
S0419-01	/n/data1/hms/dbmi/farhat/fastq_db/TRUST_PacBio/TRUST_PacBio_Set6/m64142_250205_154304.bc2049--bc2049.hifi_reads.fastq.gz	MFS-690
S0443-01	/n/data1/hms/dbmi/farhat/fastq_db/TRUST_PacBio/TRUST_PacBio_Set6/m64142_250205_154304.bc2051--bc2051.hifi_reads.fastq.gz	MFS-706
S0427-02	/n/data1/hms/dbmi/farhat/fastq_db/TRUST_PacBio/TRUST_PacBio_Set6/m64142_250205_154304.bc2062--bc2062.hifi_reads.fastq.gz	MFS-696
S0292-08	/n/data1/hms/dbmi/farhat/fastq_db/TRUST_PacBio/TRUST_PacBio_Set5_231017/m64142_230421_105523.bc2073--bc2073.hifi_reads.fastq.gz	MFS-311
S0161-01	/n/data1/hms/dbmi/farhat/fastq_db/TRUST_PacBio/TRUST_PacBio_Set5_231017/m64142_230421_105523.bc2074--bc2074.hifi_reads.fastq.gz	MFS-80
S0366-01	/n/data1/hms/dbmi/farhat/fastq_db/TRUST_PacBio/TRUST_PacBio_Set5_231017/m64142_230928_115158.bc2024--bc2024.hifi_reads.fastq.gz	MFS-454
S0366-06	/n/data1/hms/dbmi/farhat/fastq_db/TRUST_PacBio/TRUST_PacBio_Set5_231017/m64142_230928_115158.bc2037--bc2037.hifi_reads.fastq.gz	MFS-455
S0001-01	/n/data1/hms/dbmi/farhat/fastq_db/TRUST_PacBio/TRUST_PacBio_Set5_231017/m64142_230928_115158.bc2041--bc2041.hifi_reads.fastq.gz	MFS-331
S0090-01	/n/data1/hms/dbmi/farhat/fastq_db/TRUST_PacBio/TRUST_PacBio_Set5_231017/m64142_230928_115158.bc2042--bc2042.hifi_reads.fastq.gz	MFS-355
S0090-06	/n/data1/hms/dbmi/farhat/fastq_db/TRUST_PacBio/TRUST_PacBio_Set5_231017/m64142_230928_115158.bc2043--bc2043.hifi_reads.fastq.gz	MFS-356
S0104-01	/n/data1/hms/dbmi/farhat/fastq_db/TRUST_PacBio/TRUST_PacBio_Set5_231017/m64142_230928_115158.bc2044--bc2044.hifi_reads.fastq.gz	MFS-359
S0124-01	/n/data1/hms/dbmi/farhat/fastq_db/TRUST_PacBio/TRUST_PacBio_Set5_231017/m64142_230928_115158.bc2045--bc2045.hifi_reads.fastq.gz	MFS-368
S0198-02	/n/data1/hms/dbmi/farhat/fastq_db/TRUST_PacBio/TRUST_PacBio_Set5_231017/m64142_230928_115158.bc2046--bc2046.hifi_reads.fastq.gz	MFS-377
S0331-01	/n/data1/hms/dbmi/farhat/fastq_db/TRUST_PacBio/TRUST_PacBio_Set5_231017/m64142_230928_115158.bc2047--bc2047.hifi_reads.fastq.gz	MFS-397
S0331-07	/n/data1/hms/dbmi/farhat/fastq_db/TRUST_PacBio/TRUST_PacBio_Set5_231017/m64142_230928_115158.bc2048--bc2048.hifi_reads.fastq.gz	MFS-398
S0332-01	/n/data1/hms/dbmi/farhat/fastq_db/TRUST_PacBio/TRUST_PacBio_Set5_231017/m64142_230928_115158.bc2049--bc2049.hifi_reads.fastq.gz	MFS-399
S0332-08	/n/data1/hms/dbmi/farhat/fastq_db/TRUST_PacBio/TRUST_PacBio_Set5_231017/m64142_230928_115158.bc2050--bc2050.hifi_reads.fastq.gz	MFS-400
S0333-01	/n/data1/hms/dbmi/farhat/fastq_db/TRUST_PacBio/TRUST_PacBio_Set5_231017/m64142_230928_115158.bc2051--bc2051.hifi_reads.fastq.gz	MFS-401
S0338-01	/n/data1/hms/dbmi/farhat/fastq_db/TRUST_PacBio/TRUST_PacBio_Set5_231017/m64142_230928_115158.bc2052--bc2052.hifi_reads.fastq.gz	MFS-410
S0338-07	/n/data1/hms/dbmi/farhat/fastq_db/TRUST_PacBio/TRUST_PacBio_Set5_231017/m64142_230928_115158.bc2053--bc2053.hifi_reads.fastq.gz	MFS-411
S0340-02	/n/data1/hms/dbmi/farhat/fastq_db/TRUST_PacBio/TRUST_PacBio_Set5_231017/m64142_230928_115158.bc2054--bc2054.hifi_reads.fastq.gz	MFS-414
S0340-06	/n/data1/hms/dbmi/farhat/fastq_db/TRUST_PacBio/TRUST_PacBio_Set5_231017/m64142_230928_115158.bc2055--bc2055.hifi_reads.fastq.gz	MFS-415
S0344-01	/n/data1/hms/dbmi/farhat/fastq_db/TRUST_PacBio/TRUST_PacBio_Set5_231017/m64142_230928_115158.bc2056--bc2056.hifi_reads.fastq.gz	MFS-422
S0345-08	/n/data1/hms/dbmi/farhat/fastq_db/TRUST_PacBio/TRUST_PacBio_Set5_231017/m64142_230928_115158.bc2057--bc2057.hifi_reads.fastq.gz	MFS-424
S0346-01	/n/data1/hms/dbmi/farhat/fastq_db/TRUST_PacBio/TRUST_PacBio_Set5_231017/m64142_230928_115158.bc2058--bc2058.hifi_reads.fastq.gz	MFS-425
S0346-08	/n/data1/hms/dbmi/farhat/fastq_db/TRUST_PacBio/TRUST_PacBio_Set5_231017/m64142_230928_115158.bc2059--bc2059.hifi_reads.fastq.gz	MFS-426
S0349-01	/n/data1/hms/dbmi/farhat/fastq_db/TRUST_PacBio/TRUST_PacBio_Set5_231017/m64142_230928_115158.bc2060--bc2060.hifi_reads.fastq.gz	MFS-429
S0351-01	/n/data1/hms/dbmi/farhat/fastq_db/TRUST_PacBio/TRUST_PacBio_Set5_231017/m64142_230928_115158.bc2061--bc2061.hifi_reads.fastq.gz	MFS-430
S0351-07	/n/data1/hms/dbmi/farhat/fastq_db/TRUST_PacBio/TRUST_PacBio_Set5_231017/m64142_230928_115158.bc2062--bc2062.hifi_reads.fastq.gz	MFS-431
S0353-01	/n/data1/hms/dbmi/farhat/fastq_db/TRUST_PacBio/TRUST_PacBio_Set5_231017/m64142_230928_115158.bc2063--bc2063.hifi_reads.fastq.gz	MFS-434
S0358-01	/n/data1/hms/dbmi/farhat/fastq_db/TRUST_PacBio/TRUST_PacBio_Set5_231017/m64142_230928_115158.bc2064--bc2064.hifi_reads.fastq.gz	MFS-443
