SampleID,Total_Reads_after_fastp,Keep_Reads_Kraken_Standard_DB,Keep_Proportion_Kraken_Standard_DB,Unclassified_Proportion_Kraken_Custom_DB,NTM_Reads,NTM_Proportion
MFS-1,4971728,4928212,0.9912473087827812,0.0037,27982,0.005628224231092288
MFS-10,5382690,5339162,0.9919133370117916,0.0037,27361,0.005083146159262376
MFS-100,4299758,4242961,0.986790651939016,0.0077,31485,0.007322505127032731
MFS-101,4850852,4787123,0.9868623078997256,0.0073,36023,0.007426118133474284
MFS-102,4439610,4376254,0.9857293771299732,0.0091,32037,0.007216174393696743
MFS-103,5343513,5276025,0.987370106519812,0.0081,33667,0.006300536744272916
MFS-104,5166612,5117236,0.9904432537221683,0.0056999999999999,29819,0.005771480420825098
MFS-105,3707865,3673072,0.9906164329068076,0.0053,19521,0.005264754784761581
MFS-106,4517658,4482802,0.9922844978526484,0.0046,20944,0.004636030438780448
MFS-107,4140253,4102569,0.9908981407657936,0.0052,22734,0.005490968788622338
MFS-108,5522063,5454090,0.9876906511207858,0.0087,30825,0.0055821529019136505
MFS-109,4860068,4814329,0.9905888148067064,0.0066,23431,0.004821125959554476
MFS-11,5249506,5195286,0.9896714090811592,0.0056999999999999,28243,0.00538012529178936
MFS-110,4480592,4440866,0.9911337608958816,0.0056999999999999,21708,0.004844895495952321
MFS-111,5448743,5400424,0.9911320831244932,0.005,27511,0.0050490544332885585
MFS-112,6088489,6041405,0.9922667183926916,0.0044,28506,0.004681949823675463
MFS-113,4583308,4543825,0.991385479657924,0.0049,23139,0.005048536995549939
MFS-114,4353057,4303988,0.9887276918266864,0.0077,22550,0.00518026756828592
MFS-115,4429395,4382976,0.989520239220029,0.0067,22573,0.005096181306927921
MFS-116,4276334,4243075,0.9922225438892284,0.0046,21006,0.0049121513894845445
MFS-117,8293423,8150172,0.982727156205586,0.011,68985,0.008318037075885312
MFS-118,5834606,5755612,0.9864611252242224,0.0075,46084,0.007898391082448412
MFS-119,6665027,6588924,0.988581741679366,0.0052,53145,0.007973711134253469
MFS-12,4756363,4714712,0.9912430989813016,0.0044,25961,0.005458162045243393
MFS-120,7659553,7542471,0.9847142516018884,0.0077,67607,0.008826494183146197
MFS-121,4275867,4231203,0.9895543991429108,0.0067,24805,0.005801162664788217
MFS-122,6268386,6130917,0.9780694743431564,0.0159,48592,0.007751915724398593
MFS-123,3967104,3920612,0.988280619817378,0.0075,22878,0.005766927209369858
MFS-124,7091333,6966844,0.982444908453742,0.0098999999999999,62439,0.008804973620615475
MFS-125,7961690,7837490,0.9844002969218848,0.0085,69490,0.008728046432352931
MFS-126,4118154,4075678,0.98968566984139,0.0063,24432,0.0059327553073537315
MFS-127,6702610,6597412,0.9843049200236924,0.0089,54315,0.008103559658103335
MFS-128,8116337,7992698,0.9847666502758572,0.0083,70738,0.008715507993322604
MFS-129,5469641,5405077,0.9881959346143558,0.0048,47060,0.008603855353578051
MFS-13,5014801,4972555,0.991575737501847,0.0034999999999999,26344,0.005253249331329399
MFS-130,7330934,7235042,0.9869195384926396,0.0056,64258,0.008765322399574189
MFS-131,8325050,8203071,0.985347955868133,0.0077,71453,0.008582891394045682
MFS-132,6002551,5909591,0.9845132511160672,0.0068,60479,0.010075549545518231
MFS-133,5898532,5806162,0.9843401714189224,0.0069,59530,0.010092341619914921
MFS-134,5189445,5113611,0.985386876631316,0.0056999999999999,52736,0.010162165703654245
MFS-135,6961843,6871317,0.9869968340280008,0.0039,70635,0.010146020242053721
MFS-136,4451004,4379065,0.9838375791169812,0.0069,46325,0.01040776418084549
MFS-137,4173838,4101894,0.9827631067616904,0.0081,43185,0.01034659227310691
MFS-138,5083364,4683315,0.9213023108319608,0.0709,47581,0.00936014025358011
MFS-139,5525173,5429006,0.9825947531416664,0.0084,55696,0.010080408341965039
MFS-14,5070808,5029798,0.9919125314939946,0.0039,26158,0.00515854672470344
MFS-140,4941918,4865825,0.9846025369097584,0.0072,44210,0.008945919377860984
MFS-141,3709284,3648814,0.983697662406006,0.0085,30578,0.008243639473278401
MFS-142,6543479,6449625,0.9856568654075302,0.0063,64075,0.00979219158493517
MFS-143,7771266,7660509,0.9857478820053258,0.0046999999999999,79932,0.010285582812375745
MFS-144,8034868,7911131,0.9845999959177923,0.0067,81829,0.010184237003022328
MFS-145,7626117,7460624,0.978299178992402,0.0131,75403,0.009887469599535386
MFS-146,6244026,6123731,0.9807343851547062,0.0104,62583,0.01002286025074207
MFS-147,8044750,7937464,0.9866638490941296,0.0043,82097,0.010205040554398831
MFS-148,7846289,7763207,0.989411300042606,0.0052,51623,0.006579288629312533
MFS-149,4989909,4915099,0.985007742626168,0.0095,31984,0.006409736129456469
MFS-15,4976463,4937100,0.992090165243869,0.004,25065,0.005036709807748997
MFS-150,6306966,6226898,0.9873048308806484,0.0065,43886,0.006958337812507631
MFS-151,7223819,7101045,0.983004280699724,0.0116,47316,0.006549997999673026
MFS-152,5948592,5867756,0.9864109019411652,0.0045,60498,0.01017013774015767
MFS-153,4516399,4447021,0.984638646851175,0.0063,44806,0.009920735524031424
MFS-154,4450632,4383078,0.9848214815334092,0.0069,43053,0.009673457612312138
MFS-155,9288492,9153117,0.9854255136355826,0.0053,94907,0.010217697339891125
MFS-156,6151414,6056791,0.9846176830237732,0.0064,62812,0.010210985636798304
MFS-157,3713859,3596537,0.9684096784503666,0.0227,36916,0.009940065037471805
MFS-158,4817209,4591883,0.953224782233862,0.0387,46432,0.009638776312175785
MFS-159,7599688,7460815,0.9817264866662948,0.0093999999999999,77922,0.010253315662432459
MFS-16,5158920,5116870,0.9918490691850232,0.004,26195,0.0050776131438363065
MFS-160,5349197,5267708,0.9847661247099332,0.0063,53387,0.009980376493892449
MFS-161,8076402,7957934,0.9853315870111468,0.006,80819,0.010006807486799196
MFS-162,5226620,5118259,0.979267480704547,0.012,53480,0.010232234216376932
MFS-163,6510028,6353789,0.9760002568345328,0.015,66528,0.010219310884684366
MFS-164,6175318,6079629,0.984504603649561,0.0069,62156,0.010065230648850796
MFS-165,4728281,4615882,0.9762283586783442,0.0152,42812,0.009054453404947803
MFS-166,4651294,4589581,0.9867320792880432,0.0046,46926,0.010088805394799812
MFS-167,5733657,5553905,0.9686496768118498,0.0224,57130,0.009963972382721882
MFS-168,6318782,6181582,0.9782869546694284,0.0135,63069,0.009981195743103655
MFS-169,6115238,5984455,0.9786135878930632,0.0126,60035,0.00981727939288708
MFS-17,6058894,6008988,0.9917631831816168,0.0043,29570,0.004880428672295637
MFS-170,5731208,5640913,0.9842450317629372,0.0070999999999999,56703,0.009893725720650864
MFS-171,6649682,6552423,0.9853738870520424,0.0066,65310,0.009821522292344205
MFS-172,5396401,5300875,0.982298202079497,0.0083,56434,0.0104577106112018
MFS-173,6267255,6141902,0.9799987394800436,0.0118999999999999,60407,0.009638510001587617
MFS-174,5632229,5526035,0.9811452978918294,0.0103,55320,0.00982204381249413
MFS-175,6731242,6636241,0.985886557042519,0.0054,66878,0.009935462133139769
MFS-176,5985517,5898858,0.985521885578138,0.0056999999999999,60285,0.010071811674747562
MFS-177,5677187,5590453,0.984722363381724,0.0054,60150,0.010595035886610746
MFS-178,5166779,5091974,0.98552192768454,0.0042,55213,0.01068615475908685
MFS-18,6016988,5964715,0.9913124307377712,0.0051,29569,0.004914252778965156
MFS-180,4948398,4877478,0.9856680889451496,0.0049,50765,0.010258875700782355
MFS-181,4363841,4297813,0.9848692929004516,0.0053,45831,0.010502444979090668
MFS-182,3945394,3884135,0.9844732870785528,0.0065,39722,0.010067942517274574
MFS-184,5564708,5476202,0.984095122331666,0.0074,55603,0.009992078649948928
MFS-185,4819599,4746574,0.9848483245182846,0.0049,51025,0.010586980369113696
MFS-186,4188202,4093168,0.9773091173730398,0.0128,44109,0.010531726979739755
MFS-187,4645272,4556941,0.9809847518078596,0.0102,46653,0.010043114805763797
MFS-188,4621344,3825199,0.8277243589743589,0.1748,566077,0.12249185518325405
MFS-189,5284849,5190476,0.982142725364528,0.0097,51644,0.009772086203409028
MFS-19,6334565,6283409,0.9919243073518073,0.0046999999999999,30664,0.0048407428134370715
MFS-190,4409296,4343578,0.9850955798839542,0.006,45037,0.010214102205885022
MFS-191,4691394,4619023,0.9845736682956068,0.0067,47729,0.010173735141409995
MFS-194,4492028,4399311,0.9793596567073936,0.0101,54832,0.012206513405526413
MFS-198,5176215,5076783,0.9807905969902718,0.0073,65757,0.012703684062582408
MFS-199,5134839,5034406,0.9804408667925129,0.0074,67064,0.01306058476224863
MFS-2,5071239,5022635,0.9904157544142566,0.0046999999999999,27326,0.005388426773023318
MFS-20,5546654,5483330,0.9885833873899472,0.0076,25786,0.0046489288857751
MFS-21,6121848,6049807,0.9882321482010008,0.0087,28062,0.00458390995660134
MFS-22,4953011,4888738,0.9870234489687182,0.0086,28245,0.0057025918173813864
MFS-23,4876595,4831638,0.99078106752765,0.0042,29554,0.006060376143600196
MFS-24,4311119,4269894,0.9904375174983572,0.005,25218,0.005849525378445828
MFS-25,4067710,4023065,0.9890245371474368,0.0059,24138,0.005934051345843239
MFS-258,7069440,6935247,0.9810178741173275,0.0081999999999999,88330,0.0124946247510411
MFS-259,7013834,6891696,0.9825861290700636,0.0077,71922,0.010254305990133213
MFS-26,4705288,4657437,0.9898303780767512,0.0052,27123,0.005764365539367622
MFS-260,5118491,5017672,0.9803029838286323,0.009,64091,0.012521463845496652
MFS-261,5527065,5422382,0.9810599296371584,0.0081999999999999,67107,0.012141525384629998
MFS-262,5468184,5365635,0.9812462418967614,0.0089,61226,0.011196770262302804
MFS-263,4439503,4349648,0.9797601217974174,0.0086,56560,0.012740164833766303
MFS-264,4309397,4226694,0.9808086839063562,0.0066,57435,0.013327850741066558
MFS-265,5238470,5150795,0.9832632428934402,0.0051,65424,0.012489142822236263
MFS-266,4166818,4088682,0.9812480410711484,0.0065,53842,0.012921610687099844
MFS-267,4388591,4316527,0.98357923989727,0.0042,57856,0.013183274540735283
MFS-268,4584906,4509284,0.9835063139789562,0.0048,57807,0.012608110177177024
MFS-269,5154928,5078236,0.9851225856112832,0.0051,57401,0.011135170074150404
MFS-27,4079104,4038644,0.9900811550771934,0.0051,25141,0.006163363326848249
MFS-270,4869800,4787698,0.983140580722001,0.0056999999999999,60780,0.012481005380097745
MFS-271,4721825,4637601,0.9821628289909092,0.0059,62216,0.013176261297273829
MFS-272,4213799,4146268,0.9839738440300546,0.0046,52949,0.012565620714229606
MFS-273,4563959,4492921,0.9844350047842236,0.0045,56794,0.012444020640851506
MFS-274,4649113,4571671,0.9833426290133194,0.0056999999999999,58238,0.01252669057516993
MFS-275,4140078,4077033,0.984772026034292,0.0046,49952,0.012065473162582926
MFS-276,4953994,4867272,0.9824945286570796,0.0058,64918,0.013104174126977142
MFS-277,4293435,4228040,0.9847686060229164,0.0043,54090,0.012598304155064651
MFS-278,4250777,4181357,0.9836688680681204,0.0051,53701,0.012633219761939993
MFS-279,5244507,5157685,0.9834451550927475,0.0062,59390,0.011324229331756063
MFS-28,4017609,3979666,0.990555825616679,0.0039,24332,0.006056338483909211
MFS-280,4108603,4035588,0.9822287526928252,0.0055,54100,0.013167492697639562
MFS-281,4506731,4431591,0.983327161084165,0.0051,57179,0.012687466813528475
MFS-282,5099834,4995186,0.9794801164116322,0.0086,66522,0.013043953979678554
MFS-283,5684927,5581531,0.9818122554608,0.0067,72127,0.012687410058211829
MFS-284,5071505,4991527,0.9842299278024964,0.0049,60586,0.011946355174647368
MFS-285,4992464,4905398,0.9825605152085224,0.0064,59726,0.011963230981735672
MFS-286,4390376,4303919,0.9803076091888258,0.0076,58017,0.013214585721131858
MFS-287,5119389,5036986,0.9839037432006046,0.0044,65315,0.01275835846816876
MFS-288,4516221,4440801,0.9833001972224122,0.0054,56117,0.012425654103286797
MFS-289,5196195,5119150,0.9851728043308612,0.0048,59208,0.011394491546217954
MFS-29,4270826,4223422,0.988900507770628,0.0064,24991,0.0058515612670710536
MFS-290,4143640,4075575,0.9835736212605344,0.0044,54453,0.013141344325279223
MFS-291,5063365,4980684,0.98367074070307,0.0048,64452,0.012729084314482563
MFS-292,5625924,5536189,0.984049731208598,0.0045,71047,0.012628503335629844
MFS-293,5518920,5434680,0.9847361440281794,0.0040999999999999,69190,0.012536873156342183
MFS-294,5165451,5086914,0.9847957129009643,0.0049,62350,0.012070582026622652
MFS-295,4919245,4831322,0.9821267287967972,0.0066,61329,0.012467157053572245
MFS-296,4428013,4359483,0.9845235323383196,0.004,55567,0.012548969481345245
MFS-297,4982755,4896257,0.9826405271782376,0.0062,62283,0.012499711504980679
MFS-298,4881692,4805755,0.9844445327562656,0.0034999999999999,62712,0.012846365563415308
MFS-299,4561290,4490528,0.9844864062578788,0.0037,57915,0.012697065961602968
MFS-3,5089739,5044842,0.9911789189976146,0.0040999999999999,27927,0.005486921824478622
MFS-30,4408407,4353637,0.9875760110171315,0.0077,25390,0.0057594500689251244
MFS-300,4594300,4518168,0.9834290316261456,0.0046999999999999,57935,0.012610190888709924
MFS-301,4160905,4092758,0.983622072601994,0.0042,54146,0.013013034424001509
MFS-302,4558713,4493301,0.9856512134016772,0.0039,51929,0.011391153599711146
MFS-303,4364048,4293417,0.9838152559275242,0.005,53815,0.012331440900741697
MFS-305,4078545,4011914,0.9836630465031034,0.0046,52673,0.012914654613348633
MFS-306,5265688,5178145,0.9833748220555416,0.0051,66778,0.012681723641810909
MFS-307,4784211,4701063,0.9826203317537624,0.0055,61895,0.012937347453947997
MFS-308,5146844,5037853,0.9788237218769406,0.0098,65330,0.012693215492834056
MFS-309,4348875,4265711,0.9808768934494552,0.0069999999999999,55820,0.012835503434796355
MFS-31,4865584,4811831,0.9889524053022206,0.0066,27254,0.005601383102213424
MFS-310,5027433,4935487,0.9817111436393086,0.0062,64736,0.012876551512471673
MFS-311,4214722,4144437,0.9833239297870654,0.0054,52738,0.012512806301340872
MFS-312,4644594,4543316,0.9781944342175012,0.0104,59470,0.012804133149205291
MFS-313,5260253,5154095,0.9798188414131412,0.0091,65081,0.012372218598611132
MFS-314,5666128,5547973,0.9791471353982826,0.0092,72413,0.012779979555703648
MFS-315,5228825,5134206,0.981904347535058,0.0070999999999999,64252,0.012288037943515035
MFS-316,5225031,5145203,0.9847220045201646,0.0043,64079,0.012263850683373935
MFS-317,6212982,6100045,0.9818224163533712,0.0069,78272,0.012598137255185996
MFS-318,5647502,5553955,0.9834356853702751,0.0065,66674,0.011805927647303179
MFS-319,6303245,6197092,0.9831589919160686,0.005,80898,0.012834341676390495
MFS-32,4126570,4085357,0.990012770896895,0.0053,23585,0.005715400441528921
MFS-320,4898817,4814919,0.9828738244355728,0.0051,63428,0.012947615720285122
MFS-321,6708439,6591503,0.9825688211519849,0.0068,81250,0.012111610465564344
MFS-322,5248298,5157241,0.9826501848789836,0.0062,64466,0.012283220198243317
MFS-323,4513204,4441117,0.9840275334330112,0.0046,56818,0.012589282469837393
MFS-324,5016067,4939955,0.98482635897806,0.0038,62787,0.012517177302456287
MFS-325,5978920,5881443,0.9836965538926764,0.0053,72850,0.012184474788088819
MFS-326,5046498,4964723,0.9837956935680942,0.0043,64797,0.012839993199244308
MFS-327,5558100,5470427,0.9842260844533204,0.0042,69917,0.012579298681204009
MFS-328,4149163,4084689,0.9844609623675908,0.0040999999999999,52790,0.012723047997873306
MFS-329,5085542,5006076,0.9843741335731768,0.0037,65690,0.012917010615584337
MFS-33,4612808,4571807,0.9911114878399448,0.0046,25706,0.005572744410779725
MFS-330,5535773,5436310,0.9820326808920814,0.0066,69623,0.012576924667973199
MFS-331,7352145,7256897,0.9870448692184388,0.0055,57732,0.007852402258116509
MFS-332,5784914,5715478,0.9879970557902849,0.0039,46807,0.008091217950690364
MFS-333,7387613,7310314,0.9895366744305636,0.0034,56431,0.007638597203183221
MFS-334,6628229,6552628,0.988594087500598,0.0034999999999999,53520,0.008074555058372304
MFS-335,6274260,6206653,0.9892247053835832,0.0036,48638,0.007751989876096942
MFS-336,5632127,5568944,0.9887816805267352,0.0034,45317,0.008046160890903205
MFS-337,6747029,6674135,0.9891961335870944,0.0038,52275,0.007747854648320024
MFS-338,5630594,5560221,0.9875016738908896,0.0065,41838,0.00743047713971208
MFS-339,4932772,4871518,0.9875822357084414,0.0067,35721,0.007241567216161622
MFS-34,4042991,4005958,0.9908401972697936,0.0042,23936,0.00592036935031515
MFS-340,4670109,4609114,0.9869392770061683,0.0063,37144,0.007953561683463919
MFS-341,4886241,4832292,0.988958997315114,0.0049,36281,0.007425135190834836
MFS-342,4848583,4778499,0.98554546761394,0.0074,37658,0.007766805270735801
MFS-343,6842239,6774279,0.9900675787560184,0.0034,50089,0.007320556911268373
MFS-344,5555442,5493514,0.9888527321498451,0.0034,44819,0.008067584901435386
MFS-345,6070506,5991876,0.9870472082557864,0.0067,46612,0.007678437349374171
MFS-346,5801126,5738953,0.98928259789565,0.0038,44427,0.007658340811766543
MFS-347,6159755,6096296,0.989697804539304,0.0045,44384,0.007205481386840872
MFS-348,6516400,6445683,0.9891478423669512,0.0037,50271,0.00771453563317169
MFS-349,4862962,4808635,0.9888284136293888,0.0039,38315,0.007878942915860745
MFS-35,4257782,4220045,0.9911369346763174,0.0040999999999999,25027,0.005877943022916626
MFS-350,5773747,5716476,0.9900807915552932,0.0042,41943,0.007264433304749931
MFS-351,5818822,5754343,0.9889188911432588,0.0034999999999999,46437,0.007980481272669966
MFS-353,7116253,7049923,0.9906790835008256,0.0036,49591,0.006968695463750375
MFS-354,5759124,5695694,0.988986172202578,0.0043,42654,0.00740633471340433
MFS-355,5128071,5071310,0.9889313154985568,0.004,40018,0.007803714106142446
MFS-356,6251503,6179539,0.9884885282787196,0.0046,47517,0.007600892137458784
MFS-357,6152594,6081780,0.9884903830806974,0.0037,49740,0.008084394972266982
MFS-358,7720501,7646843,0.9904594274387116,0.004,55176,0.007146686465036401
MFS-359,5421640,5349849,0.9867584347171704,0.0069,40613,0.007490906810485388
MFS-36,4021401,3982614,0.9903548539426932,0.0046999999999999,23864,0.0059342502774530565
MFS-360,4663623,4616616,0.9899204974330044,0.005,33558,0.007195693133857518
MFS-361,5216074,5159410,0.9891366571869954,0.0045,39102,0.007496442726847817
MFS-362,4250079,4201576,0.98858774154551,0.0043,33397,0.007857971581234137
MFS-363,4273479,4227509,0.989242956382844,0.0039,33605,0.007863616505428012
MFS-364,4213795,4165315,0.9884949315284678,0.005,31622,0.007504399241064171
MFS-365,4843520,4791187,0.9891952546908034,0.0039,36860,0.007610167811839323
MFS-366,6097976,5262188,0.8629400968452483,0.1322,36113,0.005922128916217447
MFS-367,5461392,5399035,0.9885822149371444,0.0037,43254,0.007919958867629352
MFS-368,5306147,5238175,0.987189951578801,0.0062,40154,0.007567449601377421
MFS-369,4972698,4920317,0.98946628168451,0.0044,36187,0.007277136073817473
MFS-37,4469609,4422172,0.9893867673883778,0.006,25526,0.0057110140954164
MFS-370,5146423,5084989,0.9880627768063373,0.0046999999999999,40123,0.007796288800978855
MFS-371,5453286,5395899,0.989476620151593,0.005,41110,0.00753857399006764
MFS-372,4648403,4592578,0.9879904991025952,0.0040999999999999,37185,0.007999521556112927
MFS-373,4563679,4512272,0.988735623167186,0.0040999999999999,34829,0.007631781288736566
MFS-374,5226892,5167058,0.9885526618877912,0.004,40169,0.007685064087798256
MFS-375,4177574,4129589,0.988513668459254,0.0039,33232,0.00795485609590638
MFS-377,4881262,4827705,0.9890280423382314,0.0039,36735,0.007525717734471127
MFS-38,5206621,5157719,0.9906077281215592,0.0049,29064,0.0055821232234879396
MFS-381,5331105,5276518,0.9897606593754952,0.0036,40644,0.0076239353754990755
MFS-382,4394445,4344578,0.9886522643928868,0.0034999999999999,36293,0.008258835871196477
MFS-383,4453102,4405616,0.989336422116538,0.0039,33881,0.0076084042090210375
MFS-385,4334612,4287529,0.9891378974634868,0.0037,33916,0.007824460413065806
MFS-387,5259536,5197289,0.988164925575184,0.004,43221,0.008217645054620788
MFS-388,4805562,4750967,0.9886392059867296,0.0044,35998,0.00749090324919333
MFS-389,4393608,4337861,0.9873117947709492,0.0064,32262,0.007342940016496692
MFS-39,4247241,4194368,0.9875512126578172,0.0076,24309,0.005723480254593512
MFS-390,5814144,5754277,0.9897032134051033,0.0033,44863,0.0077161831561103405
MFS-391,5544323,5485148,0.9893269205275378,0.0056,38087,0.006869549266880735
MFS-392,5595458,5535087,0.9892107134036212,0.0056999999999999,37962,0.006784431229758136
MFS-393,4667737,4610693,0.987779088667592,0.0053,36215,0.007758577657652949
MFS-394,5492751,5364301,0.9766146326312626,0.0162,40890,0.0074443571172259585
MFS-395,4814340,4744646,0.9855236647183206,0.0077,36164,0.0075117253870727865
MFS-396,5476537,5401903,0.9863720449619896,0.0066,41000,0.007486482790128141
MFS-397,5586986,5283277,0.9456399210594048,0.0499,44741,0.008008074478797691
MFS-398,4126793,4077660,0.988094144775374,0.0055,30880,0.007482808078815681
MFS-399,4303275,4258639,0.9896274349187536,0.004,32932,0.007652776083331881
MFS-4,5472380,5419334,0.9903065942058116,0.0046,29879,0.005459964403056805
MFS-40,6317415,6240055,0.9877544850227508,0.0076,35136,0.005561768539822064
MFS-400,4719413,4665401,0.9885553563546992,0.0040999999999999,37353,0.007914755500313281
MFS-401,4550947,4503562,0.989587881379414,0.0049,34113,0.00749580252198059
MFS-402,4238264,4178295,0.9858505746692514,0.0066,33758,0.007965053616291953
MFS-403,4733721,4677350,0.9880916091168026,0.005,37586,0.007940053923752582
MFS-404,4686034,4636514,0.9894324283605284,0.0039,36046,0.00769221904920024
MFS-405,4885413,4818909,0.986387230721333,0.0070999999999999,37322,0.00763947694903174
MFS-406,4442386,4388375,0.9878418939731936,0.006,33895,0.0076299087922571335
MFS-407,5243301,5186111,0.989092749014409,0.0040999999999999,40060,0.007640225117726409
MFS-408,5231261,5173913,0.9890374424063336,0.0046999999999999,39380,0.007527821685822979
MFS-409,4951776,4478437,0.9044102560374296,0.106,439386,0.08873301215563871
MFS-41,4129049,4090335,0.990623991141786,0.0049,22926,0.005552368111882421
MFS-410,4754696,4694276,0.987292562973532,0.0046999999999999,38523,0.008102095275912487
MFS-411,4769989,4716183,0.9887198901297256,0.0045,36535,0.007659346803525123
MFS-412,5473144,5413499,0.9891022417827852,0.0045,41902,0.007655928658189881
MFS-413,4584152,4519228,0.9858372933532744,0.0070999999999999,36247,0.007907024025381357
MFS-414,5131566,5068103,0.987632820078705,0.006,39583,0.007713629718491392
MFS-415,5787728,5716537,0.9876996638404568,0.0063,43847,0.007575857054789029
MFS-416,5610747,5543199,0.9879609613479274,0.0058,44215,0.00788041235863959
MFS-417,5420480,5346941,0.9864331203140682,0.0070999999999999,42701,0.00787771562666037
MFS-418,4591551,4545717,0.9900177521713251,0.0039,35534,0.007738997127550146
MFS-419,5749715,5688653,0.9893799953562916,0.0048,43021,0.007482283904506571
MFS-42,4306161,4262170,0.9897841720270096,0.0051,24823,0.005764531330807185
MFS-420,4903973,4857466,0.990516464915284,0.0039,36894,0.0075232877505646955
MFS-421,4264125,4222029,0.9901278691407968,0.0048,30192,0.007080467856828775
MFS-424,6194612,6132360,0.9899506216047108,0.0039,47392,0.007650519515992285
MFS-426,6155020,6083300,0.9883477226719004,0.0055,47001,0.007636205893725771
MFS-427,4987648,4925946,0.9876290387773956,0.0065,35932,0.007204197248883642
MFS-428,5093083,5033563,0.988313561746392,0.0068,35471,0.0069645438725424265
MFS-429,4947215,4884500,0.9873231707132196,0.0070999999999999,35843,0.00724508637688073
MFS-43,4729581,4684290,0.9904238874437292,0.0046999999999999,28000,0.005920186164482646
MFS-430,6037961,5962062,0.9874296968794598,0.0067,44119,0.007306936894756359
MFS-431,4735004,4675011,0.9873298945470796,0.0072,33813,0.0071410710529494804
MFS-432,4347856,4303634,0.9898290099764112,0.0048,32297,0.007428258893578813
MFS-433,5126870,5060470,0.9870486281103286,0.0069,39507,0.007705871223573057
MFS-434,4387185,4338930,0.9890009197241512,0.006,31115,0.007092247078707645
MFS-435,4807081,4752320,0.9886082635179227,0.0056,36145,0.007519116070646615
MFS-436,4238577,4179689,0.9861066579656332,0.0083,31592,0.0074534448707667695
MFS-437,5220953,5168061,0.9898692824854006,0.0043,37856,0.00725078352553643
MFS-438,5088506,5031221,0.9887422752375647,0.0045,38809,0.007626796548928114
MFS-439,4316095,4270282,0.9893855441087372,0.004,32719,0.007580695049576064
MFS-44,4035134,3989313,0.988644491112315,0.0066,24303,0.00602284831185284
MFS-440,4403260,4358791,0.9899008916121236,0.004,33359,0.0075759777982676475
MFS-441,5162335,5110222,0.989905149510832,0.0043,36956,0.007158776018991406
MFS-442,5154923,5096006,0.988570731318392,0.0052,38095,0.0073900230905485885
MFS-443,4250373,4206426,0.9896604368604826,0.0040999999999999,32278,0.007594157030453562
MFS-444,4244241,4200252,0.9896356026907992,0.0040999999999999,32153,0.007575677253011787
MFS-445,4750370,4670300,0.9831444708517442,0.0106,47850,0.010072899584663932
MFS-446,4300813,4262037,0.9909840302287032,0.0038,31456,0.007313965987360995
MFS-447,4577079,4502083,0.983614877523416,0.01,35631,0.007784659167997756
MFS-448,4831246,4778628,0.9891088137511524,0.0049,35978,0.007446940188928487
MFS-449,4676267,4627158,0.9894982472130012,0.0040999999999999,36793,0.007868028065976558
MFS-45,5018537,4972905,0.9909073102380236,0.0044,30295,0.0060366198356214176
MFS-450,4441502,4397720,0.99014252385792,0.0039,33339,0.007506244509177301
MFS-452,4346718,4304732,0.9903407582456464,0.0039,33347,0.00767176522608552
MFS-454,4667158,4618983,0.989677872486854,0.0045,35322,0.007568203176322721
MFS-455,5017663,4959604,0.988429075448072,0.0053,37497,0.007473000877101551
MFS-456,4732812,4679679,0.9887734818116588,0.0051,36643,0.007742331620186899
MFS-457,4644402,4582216,0.9866105474935202,0.0083,33424,0.007196620792084751
MFS-458,5364284,5299007,0.9878311811977144,0.0058,40284,0.007509669510413691
MFS-459,6033534,5961363,0.9880383536414976,0.0077,41807,0.006929106556787449
MFS-46,4825807,4778632,0.9902244329290416,0.0046999999999999,30033,0.006223415068194812
MFS-460,5051573,4997883,0.9893716274118972,0.0045,38915,0.007703541055429666
MFS-461,4769095,4719962,0.9896976260695164,0.004,35963,0.007540843703050579
MFS-462,4817218,4760114,0.9881458551387958,0.0053,36482,0.007573250784996652
MFS-463,4717023,4657417,0.98736364016033,0.0069,34652,0.0073461587954945316
MFS-464,5141269,5080769,0.988232477234706,0.0056999999999999,37728,0.007338266097339004
MFS-465,5356105,5280382,0.985862301056458,0.009,37492,0.006999862773414636
MFS-466,5056441,4980475,0.9849763895198224,0.0093999999999999,36574,0.00723315074772948
MFS-467,4763125,4709535,0.9887489830730876,0.0059,34865,0.007319774307833617
MFS-468,5067172,4939753,0.974854021138418,0.0202,33895,0.006689135478329925
MFS-469,5388242,5326869,0.9886098285860212,0.0044,40044,0.0074317374757852375
MFS-47,5001235,4946516,0.9890589024510946,0.0062,29111,0.005820762271718885
MFS-470,4930206,4859881,0.9857358901433328,0.0087,37031,0.007511045177422607
MFS-471,5262732,5202481,0.9885513835779592,0.0062,36591,0.006952852624834402
MFS-472,4583625,4516241,0.9852989718836074,0.0081999999999999,33976,0.0074124737516703485
MFS-473,4902284,4852020,0.989746820053673,0.004,36901,0.007527307679440849
MFS-474,5009961,4959795,0.9899867483998378,0.0046,35818,0.00714935705088323
MFS-475,5224907,5173559,0.9901724566580802,0.0045,36955,0.007072853162745289
MFS-476,4831909,4778490,0.9889445351723304,0.0056,35147,0.007273936657333571
MFS-478,5066521,4978056,0.9825393006364722,0.0116999999999999,35815,0.007068953232405432
MFS-479,4975698,4925992,0.99001024579868,0.0039,36791,0.007394138470622614
MFS-48,5314557,5264374,0.9905574443928252,0.0049,30842,0.005803305901131552
MFS-480,4754237,4704032,0.9894399458840608,0.0045,35286,0.007422011145006023
MFS-481,4683411,4612382,0.9848339169891346,0.0092,34209,0.007304291679718052
MFS-482,5278921,5216241,0.9881263614287844,0.0053,38847,0.007358890197447547
MFS-483,4597849,4550747,0.989755644432864,0.004,35106,0.007635309467535798
MFS-484,5154968,5106151,0.9905301061034716,0.0045,36995,0.007176572192106721
MFS-485,4326669,4277653,0.9886711925502044,0.0055,32270,0.007458393512422605
MFS-486,5245917,5182587,0.987927754099045,0.0077,35939,0.00685085181484953
MFS-487,5216264,5158620,0.988949178952599,0.0052,38535,0.007387471186274314
MFS-488,4596655,4551559,0.9901893877178078,0.0048,33648,0.007320105598527625
MFS-489,5382871,5327961,0.9897991239247604,0.0039,40272,0.007481509402696071
MFS-49,4482798,4432444,0.9887672832904806,0.0055,29121,0.006496166010603199
MFS-5,5451629,5397203,0.990016562022104,0.0058,28351,0.005200463934724832
MFS-50,4418859,4376370,0.9903846219125796,0.0046999999999999,27529,0.006229888756350904
MFS-509,6062437,6016399,0.9924060241780656,0.0046,26145,0.004312622135289818
MFS-51,4567279,4517285,0.989053876498458,0.0054,29024,0.006354768342376281
MFS-510,4468101,4434500,0.9924798029408914,0.0049,18732,0.004192385087087333
MFS-511,5451283,5411460,0.9926947472732566,0.0042,23144,0.004245606034395939
MFS-512,4961456,4916606,0.9909603148753108,0.0063,20262,0.004083881828237518
MFS-513,5047163,5011628,0.9929594110592426,0.0042,21914,0.00434184511179845
MFS-514,4923609,4887109,0.9925867387113804,0.0044,21535,0.004373824160285676
MFS-515,4948835,4906712,0.9914882997715624,0.0056,20380,0.004118140936200136
MFS-516,4978935,4946341,0.9934536201014876,0.0048,20492,0.004115739610981063
MFS-517,6068186,6027681,0.9933250233265756,0.0046,25574,0.004214439043233019
MFS-518,5114148,5076507,0.9926398297429014,0.0044,22307,0.004361821363011004
MFS-519,4964672,4930832,0.9931838397380532,0.0037,20927,0.004215182795560311
MFS-52,4240625,4177797,0.9851842593957258,0.0097,26742,0.0063061459100958
MFS-520,4948935,4909220,0.9919750410947,0.0042,23099,0.0046674688594616825
MFS-521,5659472,5616018,0.9923218985799382,0.0034999999999999,24250,0.00428485201446354
MFS-522,5465424,5422638,0.9921715131342052,0.004,22842,0.004179364675091997
MFS-523,4408915,4370018,0.9911776480154414,0.0051,18773,0.004257963694015421
MFS-524,5526567,5470018,0.989767788936604,0.0078,27519,0.004979402222030422
MFS-525,4915250,4879227,0.9926711764406694,0.0040999999999999,20985,0.004269365749453232
MFS-526,5793762,5746581,0.9918565864459052,0.005,23949,0.00413358367154191
MFS-527,5462737,5420443,0.9922577272162288,0.0043,23750,0.0043476374571940766
MFS-528,5538463,5497283,0.9925647241843089,0.0039,23405,0.004225901662609283
MFS-529,5416935,5375529,0.9923561940470026,0.0043,22469,0.004147917595466809
MFS-53,4207769,4165102,0.9898599471596468,0.0051,25871,0.00614838884929282
MFS-530,5002872,4962041,0.9918384879725086,0.0054,20610,0.004119633682412822
MFS-531,5597340,5552409,0.9919727942201116,0.004,24494,0.004376007174836619
MFS-532,5544471,5499609,0.99190869606857,0.0048,23210,0.004186152294781594
MFS-533,4298289,4266993,0.9927189632898114,0.0049,16980,0.003950409104646058
MFS-534,4878135,4846455,0.9935057147864912,0.0043,20416,0.0041852060264834815
MFS-535,5100814,5067558,0.993480256288506,0.0038,21246,0.004165217551551576
MFS-536,6078284,6033896,0.9926972810089164,0.0037,26558,0.004369325289835092
MFS-537,6375660,6330112,0.9928559553050194,0.0038,26831,0.004208348625867753
MFS-538,5962147,5917424,0.9924988431180916,0.0044,25081,0.004206706074170932
MFS-539,4731971,4695053,0.9921981770387012,0.005,19406,0.004101039503412003
MFS-54,4342761,4291785,0.988261845402038,0.0073,25595,0.005893716002331236
MFS-540,5632009,5581130,0.9909661010840004,0.0062,22883,0.004063026177692543
MFS-541,5307116,5266353,0.9923191805116,0.0043,23769,0.004478703687652578
MFS-542,5032826,4995553,0.9925940217285476,0.0049,20669,0.004106837788550608
MFS-543,4745077,4708409,0.9922724120177608,0.0040999999999999,19893,0.00419234503465381
MFS-544,4552454,4521538,0.9932089374214434,0.004,18889,0.004149190744156888
MFS-545,4699208,4667004,0.993146930291232,0.004,19787,0.004210709549353849
MFS-546,3989276,3949975,0.990148337693356,0.0039,19167,0.004804631216290876
MFS-547,4282677,4250162,0.9924077860646506,0.0039,18391,0.0042942766872215675
MFS-548,4969207,4933219,0.9927577981758458,0.0044,20717,0.004169075669417675
MFS-549,4767467,4733371,0.992848193810256,0.0042,20070,0.00420978267914597
MFS-55,4425847,4382676,0.9902457089004658,0.0042,27183,0.006141875216201554
MFS-550,4449440,4418250,0.9929901290948974,0.004,18903,0.004248399798626344
MFS-551,5545495,5505285,0.9927490692895764,0.0040999999999999,22683,0.004090347209762158
MFS-552,5793442,5746124,0.9918324892179812,0.0056999999999999,23401,0.004039222279259894
MFS-553,5283525,5247670,0.993213810855442,0.0039,22031,0.0041697540940943785
MFS-554,4865041,4830326,0.9928643972373512,0.0048,19354,0.003978178190070751
MFS-555,5542714,5500566,0.9923957830044992,0.004,23301,0.004203897224356155
MFS-556,4554078,4523507,0.9932871154161172,0.0038,18679,0.004101598611178816
MFS-557,4160998,4130227,0.9926048991131454,0.0046999999999999,17328,0.0041643855632711195
MFS-558,4709396,4670399,0.9917193202695208,0.0056,19453,0.004130678329025633
MFS-559,5056301,5022252,0.9932660258952148,0.0046,20878,0.004129105446847409
MFS-56,4784061,4725675,0.987795724176594,0.0052,33881,0.007082058527263762
MFS-560,6151154,6104020,0.9923373727921624,0.0042,27151,0.004413968500869918
MFS-561,4458562,4422516,0.99191533054828,0.0051,19201,0.004306545473630287
MFS-563,4086632,4055995,0.9925031174815838,0.0043,17467,0.004274179813597114
MFS-564,5224441,5188395,0.9931005058723028,0.0043,21421,0.004100151576025071
MFS-566,4438114,4404243,0.9923681545809774,0.0043,18919,0.004262846785819382
MFS-57,5272871,5229900,0.9918505497289808,0.0036,30954,0.005870426187175829
MFS-571,4245486,4214518,0.9927056643220588,0.0042,18192,0.004285021785491696
MFS-572,5057829,5008940,0.9903339950797072,0.0074,21149,0.004181438320670786
MFS-573,4478593,4442107,0.9918532449811804,0.0045,20248,0.0045210627534138514
MFS-574,4451738,4400112,0.9884031809598858,0.0081999999999999,18490,0.004153434007122612
MFS-575,4558955,4521173,0.9917125744825296,0.0046,20364,0.004466813118357167
MFS-576,5818411,5762251,0.9903478802030312,0.0054,25472,0.004377827554636481
MFS-577,4595464,4551405,0.9904125024154252,0.0046,20664,0.004496607959500934
MFS-578,4203834,4163598,0.9904287371956172,0.0055,18446,0.004387899236744363
MFS-579,4186651,4151118,0.991512786711861,0.0040999999999999,18219,0.004351688258706064
MFS-58,4579559,4540742,0.9915238563363852,0.0045,24696,0.0053926589874701905
MFS-580,5449708,5394108,0.9897976185146068,0.006,24993,0.004586117274540214
MFS-581,4384973,4331171,0.9877303691493652,0.008,20624,0.004703335687585761
MFS-582,4065240,4025392,0.990197872696323,0.0062,16749,0.004120051952652242
MFS-583,6561365,6480180,0.9876268124086984,0.0089,27689,0.00422000605057027
MFS-584,4504608,4466454,0.9915300066065682,0.0039,20719,0.004599512321604899
MFS-585,4256086,4216062,0.9905960546849852,0.0044,20179,0.004741210586440218
MFS-586,5820396,5768299,0.9910492344507144,0.0046999999999999,25863,0.004443512090929896
MFS-587,6134501,6077173,0.9906548226171942,0.0046,27763,0.004525714479466219
MFS-588,6328562,6272247,0.9911014540111956,0.0048,28034,0.004429758292642152
MFS-589,4274021,4239747,0.9919808536270646,0.0045,18746,0.004386033667125173
MFS-59,4536779,4492379,0.990213320948629,0.0056,25027,0.005516468842762674
MFS-590,5727258,5681107,0.9919418681679784,0.0046,26583,0.004641488125731371
MFS-591,4764615,4720421,0.990724539128555,0.0056999999999999,22618,0.0047470782004422184
MFS-592,5941542,5872158,0.9883222234228084,0.0056,31698,0.005334978697449248
MFS-593,4838206,4772389,0.9863964039563424,0.0069999999999999,26539,0.005485297649583337
MFS-594,5403409,5343477,0.9889084835147588,0.0042,28988,0.005364761394149508
MFS-595,6250309,6158887,0.9853732031488364,0.009,32056,0.005128706436753767
MFS-596,4785787,4730541,0.988456235097801,0.0056999999999999,25249,0.005275830286638332
MFS-597,4524858,4470944,0.988084929958023,0.0063,23788,0.005257181551332661
MFS-598,5587347,5509513,0.9860695961786516,0.0056,33669,0.006025936817598764
MFS-599,6204547,6135118,0.9888099808092355,0.0056999999999999,34435,0.005549961987555256
MFS-6,5990228,5935510,0.9908654562063414,0.0038,33358,0.005568736281824332
MFS-60,3743089,3706661,0.9902679311125115,0.0053,21888,0.005847576694008612
MFS-600,6079366,6017272,0.9897861059853938,0.0043,33126,0.005448923456820991
MFS-601,4270865,4225401,0.9893548496616024,0.0062,22258,0.005211590626254869
MFS-602,4650160,4602618,0.9897762657628985,0.0046999999999999,23951,0.005150575464070053
MFS-603,5118837,5064030,0.9892930757513864,0.0040999999999999,28270,0.005522738856501975
MFS-604,4942319,4890668,0.9895492379184752,0.0049,26289,0.005319162927362641
MFS-605,6824968,5509747,0.8072927228376748,0.1803,1195877,0.17522089480859104
MFS-606,4373911,4332980,0.9906420135206226,0.0053,23952,0.005476105938140945
MFS-607,4559392,4511678,0.9895350081765288,0.0056,26894,0.00589859349667675
MFS-608,4326837,4284322,0.9901741156415182,0.0043,23688,0.005474668909413505
MFS-609,4323401,4280772,0.9901399384419812,0.0048,24549,0.0056781686454714705
MFS-61,4374779,4335087,0.9909270845452992,0.0046,25939,0.005929213795714023
MFS-610,4238775,4187062,0.987800012975447,0.0074,22827,0.005385282304439372
MFS-611,4596700,4551987,0.9902728044031588,0.0048,25037,0.0054467335262253355
MFS-612,4571140,4502474,0.984978364259244,0.0098,24337,0.005324054830961204
MFS-613,5137269,5087486,0.9903094426240868,0.0063,24641,0.004796517371389351
MFS-614,5322679,5272781,0.9906253974737158,0.0040999999999999,27172,0.005104948090989519
MFS-615,4838737,4792547,0.990454120569066,0.0042,24951,0.005156510882901881
MFS-616,4783833,4738926,0.990612757594172,0.0051,23287,0.00486785387366156
MFS-617,4426284,4376530,0.9887594198655124,0.0060999999999999,24340,0.0054989693386145126
MFS-618,4462489,4412794,0.9888638380957354,0.0070999999999999,23962,0.005369649090451539
MFS-619,4638149,4583644,0.9882485448397624,0.0075,24519,0.005286376095291462
MFS-62,5559339,5506937,0.9905740592541667,0.0052,30029,0.005401541442247001
MFS-620,5030461,4984446,0.9908527270164704,0.0045,24931,0.004956007014068889
MFS-621,4691773,4624005,0.9855559934378753,0.0127,20607,0.004392156227507171
MFS-622,6130237,6024983,0.9828303538672322,0.0134,28922,0.0047179252612908765
MFS-623,5471137,5413306,0.989429802251342,0.0055,27726,0.0050676851996212125
MFS-624,6141931,6080356,0.9899746512945196,0.0056,30194,0.004916043504884702
MFS-625,5526567,5445005,0.985241832768878,0.011,25721,0.004654064629995438
MFS-626,4193637,4151128,0.9898634526545812,0.0053,22508,0.005367178895073656
MFS-627,5253315,5200289,0.9899061830482276,0.0046999999999999,27311,0.00519881255930779
MFS-628,5328846,5272445,0.989415907309012,0.0048,28094,0.0052720607801388895
MFS-629,6244927,6169084,0.9878552623593518,0.0068,31979,0.005120796448060962
MFS-63,4153735,4117258,0.9912182650072766,0.0046999999999999,22396,0.005391773909505541
MFS-630,6069972,6009736,0.990076395739552,0.0049,31513,0.005191621971238088
MFS-631,4617708,4564441,0.988464623575159,0.0059,24017,0.005201065117153359
MFS-632,5192216,5127409,0.9875184314365968,0.0077,26764,0.005154639175257732
MFS-633,5242792,5148411,0.9819979507102322,0.0134,25297,0.00482510082414103
MFS-634,4907308,4852521,0.9888356304515632,0.0056999999999999,25790,0.005255427211823672
MFS-635,6707334,6635290,0.9892589216520304,0.0065,36573,0.005452688057579956
MFS-636,4720344,4656639,0.9865041615611064,0.0096,24256,0.005138608542089305
MFS-637,5677326,5580563,0.9829562367917573,0.0095,30621,0.005393560278201393
MFS-638,7220210,7121747,0.9863628620220188,0.0067,39326,0.005446655983690225
MFS-639,5486287,5416873,0.987347727160464,0.0079,35453,0.006462111807129302
MFS-64,5524445,5477100,0.991429908343734,0.0042,30708,0.005558567421704805
MFS-640,5802536,5740036,0.9892288475245996,0.0048,31398,0.005411082326761954
MFS-641,5239880,5165065,0.9857220012672046,0.0072,28699,0.005477033825202104
MFS-642,4391521,4338214,0.9878613810568138,0.0058,23320,0.005310233060481779
MFS-643,4543633,4482140,0.9864661164314988,0.0086,22188,0.0048833169404307085
MFS-644,6825315,6738827,0.9873283504131312,0.0060999999999999,36667,0.005372206264472775
MFS-645,8220282,8142223,0.9905040970613904,0.0054,38811,0.00472137087267809
MFS-646,5276852,5222540,0.9897074998502896,0.0046,27010,0.0051185820637001
MFS-647,6394014,6329109,0.9898490994858627,0.0046,33667,0.005265393538393879
MFS-648,6987901,6913012,0.9892830479424364,0.0056999999999999,36486,0.005221310376320443
MFS-649,5229191,5172275,0.9891157159874252,0.0054,27843,0.005324532991814603
MFS-65,4292301,4252713,0.9907769748673264,0.0046,24174,0.005631944264859337
MFS-650,6265089,6189038,0.9878611461066236,0.0066,33271,0.00531053908412155
MFS-651,6370642,6298720,0.9887103999879449,0.0063,32751,0.005140926142137637
MFS-652,4693813,4646073,0.9898291644767272,0.0053,23089,0.004919028516900865
MFS-654,4927445,4872714,0.9888926208207296,0.0053,25526,0.00518037238365928
MFS-655,5317844,5246641,0.9866105511933032,0.0078,28476,0.005354801682787235
MFS-656,6471585,6394909,0.9881518978735504,0.0058,34513,0.005333005747432816
MFS-657,5696742,5634738,0.9891158841316668,0.0049,31316,0.005497177158453025
MFS-658,4174460,4128409,0.9889683935167662,0.0046999999999999,22343,0.005352309041169396
MFS-659,4478724,4413353,0.9854041017039674,0.0077,24469,0.005463386446675437
MFS-66,5224633,5163946,0.9883844472903648,0.0079,27741,0.005309655242770162
MFS-660,5519348,5463041,0.9897982515326086,0.0045,29115,0.005275079592734504
MFS-662,7579383,7495329,0.9889101791003304,0.0046,41213,0.005437513845124333
MFS-663,7154648,7079465,0.989491726217698,0.0044,37906,0.005298094329728031
MFS-664,5611043,5530046,0.9855647158647688,0.0067,30345,0.005408085448641188
MFS-665,7359043,7267648,0.9875805862256818,0.0064,39752,0.005401789335923163
MFS-667,6564216,6492881,0.9891327463934764,0.0054,35446,0.005399883245767659
MFS-668,5065214,5010987,0.989294233175538,0.0048,27475,0.005424252558727035
MFS-669,4474568,4420903,0.9880066634365596,0.0079,24717,0.005523885210818117
MFS-67,3982675,3937160,0.9885717513982436,0.0073,22565,0.005665789952732774
MFS-670,5000830,4953703,0.9905761643567168,0.0045,26992,0.00539750401433362
MFS-671,5542634,5492942,0.991034587526436,0.0042,31129,0.005616282799838488
MFS-672,4738384,4681121,0.9879150782207604,0.0078,26285,0.005547249864088685
MFS-673,5041131,4993227,0.9904973705305417,0.0046999999999999,27620,0.0054789292323488515
MFS-674,5359714,5306290,0.9900323039624876,0.0055,29847,0.005568767288702345
MFS-675,6876380,6813414,0.9908431471210144,0.0046999999999999,37828,0.005501150314555042
MFS-676,5662902,5604664,0.9897158735927268,0.0063,30312,0.005352732574217247
MFS-677,4604195,4562729,0.990993865377118,0.0049,24933,0.005415278892401386
MFS-678,6182629,6077740,0.9830348869388734,0.0113,34656,0.005605382435206771
MFS-68,3990023,3948752,0.989656450601914,0.0056,23318,0.005844076588029693
MFS-681,4582515,4540420,0.9908139962444203,0.0054,25431,0.005549572669156566
MFS-682,5699184,5648274,0.9910671422435212,0.0048,28660,0.005028790086440445
MFS-683,5336196,5271988,0.987967458466668,0.0078,28531,0.005346692662713289
MFS-684,4874057,4811672,0.9872006010598564,0.008,28014,0.0057475733254658285
MFS-685,6566861,6513664,0.9918991737452644,0.0044,34910,0.0053160863310491874
MFS-686,5256676,5207395,0.9906250642040711,0.0040999999999999,30086,0.005723388696583164
MFS-687,6116402,6059143,0.9906384505138806,0.0045,31046,0.005075859958191107
MFS-688,4506053,4462026,0.990229364812176,0.0055,24531,0.005444010534274675
MFS-689,5468261,5416000,0.9904428482839426,0.0060999999999999,29022,0.005307354568481643
MFS-69,4717175,4657686,0.987388850318252,0.0086,26204,0.005555019688690795
MFS-690,6592830,6536176,0.991406725184784,0.0044,36203,0.005491268544767574
MFS-691,6888794,6825937,0.9908754710911664,0.0052,37047,0.005377864398325744
MFS-692,6929901,6839266,0.986921169580922,0.0093,38435,0.005546255278394309
MFS-693,5424979,5368407,0.989571941200141,0.0059,30092,0.0055469339143985625
MFS-694,4536359,4496031,0.9911100510343208,0.0043,25542,0.005630506756630152
MFS-695,6195774,6125998,0.9887381302158536,0.0074,33203,0.00535897532737637
MFS-696,5687394,5636731,0.9910920537595952,0.0045,32559,0.005724766035199952
MFS-697,6303360,6244978,0.9907379556300132,0.0049,34265,0.0054359896943852164
MFS-698,6800730,6725810,0.988983535591032,0.0067,37699,0.005543375490572336
MFS-699,5141944,5089316,0.9897649604896512,0.0064,27135,0.005277186993868467
MFS-7,5338142,5281552,0.9893989331868654,0.0055,28995,0.005431665174886692
MFS-70,4166281,4127715,0.9907433032001444,0.0049,22668,0.00544082360263266
MFS-700,5847250,5787686,0.9898133310530592,0.0063,30773,0.005262815853606396
MFS-701,4803058,4745914,0.9881025796482158,0.0075,26240,0.005463186161816076
MFS-702,5671178,5602798,0.9879425403328904,0.0065,32845,0.005791565702928034
MFS-703,4269485,4226919,0.9900301792839185,0.006,22927,0.005369968509082477
MFS-704,6815231,6746505,0.9899158223690436,0.0056,37140,0.0054495584962564
MFS-705,6165976,6115510,0.9918154076499812,0.0044,33201,0.005384549015435675
MFS-706,5617639,5565030,0.9906350336858598,0.0059,29461,0.005244374015489425
MFS-707,7833987,7761920,0.9908007250969398,0.0049,43556,0.005559876471584648
MFS-708,6496522,6429890,0.9897434350256952,0.0059,35584,0.005477392364714535
MFS-709,6307009,6254646,0.9916976493929214,0.0046,33259,0.005273339549697805
MFS-71,5221686,5174850,0.9910304832577064,0.0052,27536,0.0052733925402638155
MFS-710,5471864,5409989,0.9886921531675494,0.0070999999999999,28390,0.005188359944618507
MFS-711,5916706,5843729,0.9876659411503632,0.0064,31783,0.005371738937172136
MFS-713,4352326,4292026,0.9861453392967346,0.0098999999999999,22675,0.005209857901269344
MFS-714,5467295,5407211,0.9890102875370728,0.0065,27446,0.0050200327584299
MFS-715,5625005,5578492,0.9917310295724182,0.0069999999999999,26434,0.004699373600556799
MFS-716,6750545,6689873,0.9910122812306266,0.0059,34750,0.005147732516411638
MFS-717,5115901,5071190,0.9912603860004328,0.0045,26637,0.005206707479288595
MFS-718,5233335,5188844,0.9914985377393192,0.0034999999999999,28757,0.0054949664028769414
MFS-719,4905951,4856274,0.9898741344950244,0.0039,26934,0.005490067063450083
MFS-72,3983667,3944834,0.9902519462595644,0.0044,24170,0.006067274197366397
MFS-720,5674808,5614747,0.9894162057993856,0.0042,30758,0.0054200952701835906
MFS-721,13806121,13665771,0.9898342191843748,0.0052,68484,0.004960408502866229
MFS-722,5957105,5902075,0.9907622914150414,0.0036,31471,0.005282935251267184
MFS-723,10562979,10449438,0.9892510436686468,0.0043,51763,0.004900416823700965
MFS-724,11172276,11064217,0.9903279331803116,0.0043,54135,0.004845476427542606
MFS-725,6393269,6334386,0.9907898447570406,0.0036,36074,0.0056424968197020964
MFS-726,5396647,5343892,0.9902244856852784,0.0043,30904,0.005726518706893373
MFS-727,5269383,5209148,0.9885688703971603,0.0031,34914,0.006625823175123159
MFS-728,6159704,6072387,0.9858244811763682,0.0037,32933,0.005346523144618637
MFS-729,5206604,5154984,0.9900856681245588,0.0032,29482,0.005662424106000764
MFS-73,4441017,4398735,0.9904792078030776,0.0054,24335,0.005479600731093801
MFS-730,5185038,5135368,0.9904205137937272,0.0029,28991,0.005591280141052004
MFS-731,4111255,4072675,0.9906160041155316,0.0038,22079,0.005370379604281418
MFS-732,6277617,6214699,0.9899774070319995,0.0032,41103,0.006547548217739311
MFS-733,7859136,7775258,0.9893273255482536,0.0051,38039,0.004840099471494067
MFS-734,7593788,7500403,0.987702448369641,0.0036,43181,0.005686358376083188
MFS-735,6973376,6895122,0.9887781757358272,0.0033,33970,0.00487138510815995
MFS-736,8644820,8543914,0.988327576514028,0.0039,41782,0.00483318333984976
MFS-737,6723657,6659480,0.9904550455206148,0.0032,44721,0.006651291105420756
MFS-738,4811607,4765144,0.9903435588151734,0.0036,25982,0.005399859132302368
MFS-739,16613214,16450265,0.9901916029011604,0.0046999999999999,81790,0.004923189456296656
MFS-74,7179578,7089245,0.987418062732935,0.0088,39992,0.005570243822129936
MFS-740,4861734,4813088,0.989994104983942,0.0034,26949,0.005543084010766529
MFS-741,6347558,6286065,0.9903123374374838,0.0031,35317,0.0055638719646200945
MFS-742,5134780,5080438,0.9894168786199214,0.0037,31827,0.006198318136317427
MFS-743,5020637,4962234,0.9883674123422984,0.0037,31233,0.006220923759275965
MFS-744,4380163,4336873,0.9901168061553872,0.0033,23515,0.005368521673736799
MFS-745,5205264,5142045,0.9878547946847652,0.0032,32776,0.006296702722474787
MFS-746,5405521,5338311,0.9875664158921962,0.0037,32862,0.006079339993314243
MFS-747,5910903,5839606,0.9879380527814448,0.0044,28688,0.0048534039553685794
MFS-748,5224441,5175100,0.9905557360108,0.0028,31519,0.006032989940933394
MFS-75,5766177,5690248,0.9868320032492932,0.008,35662,0.006184687011862452
MFS-750,3966369,3923777,0.9892617151858538,0.0027,27174,0.006851102355832249
MFS-751,7113507,6925060,0.973508566168558,0.0227,37198,0.005229206915801165
MFS-752,6007273,5938387,0.9885329000363392,0.0046999999999999,40475,0.00673766615900426
MFS-753,5121779,5058071,0.9875613531938804,0.0040999999999999,30397,0.005934851933283337
MFS-754,4701205,4644130,0.9878594955974054,0.0043,27294,0.00580574554821583
MFS-755,3143191,3100707,0.9864837994254884,0.0034999999999999,19784,0.006294240470909976
MFS-756,3978647,3936758,0.9894715464830128,0.0042,24058,0.006046779219166716
MFS-757,4268518,4225165,0.9898435475731858,0.0036,28438,0.0066622654513814866
MFS-758,5196459,5139032,0.9889488207258058,0.0044,32123,0.006181709506415811
MFS-759,4867740,4814259,0.9890131765459946,0.0036,31729,0.006518219954229272
MFS-76,5908647,5844457,0.9891362608055616,0.0062,36057,0.006102412278140833
MFS-760,4937788,4892218,0.9907711712207976,0.0033,27870,0.005644227739222502
MFS-761,5251089,5147188,0.9802134376316988,0.0139,29167,0.005554466892486492
MFS-762,4546848,4501918,0.9901184292943156,0.0036,24735,0.005440032303696979
MFS-763,5134285,5074193,0.9882959360456228,0.0037,31065,0.006050501676474913
MFS-764,5044550,4983158,0.9878300343935534,0.0033,31988,0.006341100791943781
MFS-765,5138386,5083966,0.9894091257449324,0.0038,30569,0.005949144342211737
MFS-766,4696944,4642592,0.9884282205621358,0.0046999999999999,29605,0.0063030344836983365
MFS-767,4742557,4690261,0.9889730371190056,0.0044,29895,0.006303561559724005
MFS-768,3895342,3850042,0.9883707258566772,0.004,25705,0.0065989071049473965
MFS-769,5303077,5244696,0.9889911083697256,0.0036,31639,0.0059661588922808395
MFS-77,5731598,5666550,0.9886509835476948,0.0063,35558,0.006203854492237593
MFS-770,4997795,4945380,0.9895123749573562,0.0042,31242,0.006251156760131218
MFS-771,5117961,5053313,0.9873684070667986,0.0059,32727,0.006394538762604873
MFS-772,5187861,5132563,0.9893408863498848,0.0037,31757,0.0061214053344914214
MFS-773,5066352,5002558,0.987408296936336,0.0048,32161,0.0063479600312019374
MFS-774,5207214,5154973,0.9899675719108144,0.0036,28883,0.0055467280584204914
MFS-776,4899988,4735179,0.9663654278337008,0.0269,33013,0.006737363438441074
MFS-777,4838938,4793100,0.990527260320343,0.0039,26684,0.00551443312561558
MFS-778,5448727,4736817,0.8693437935136041,0.1282,504072,0.09251188396849393
MFS-779,5111879,5057790,0.9894189592515784,0.0036,29235,0.005719032081940907
MFS-780,5870843,5813759,0.9902766945053716,0.0037,32361,0.005512155579701246
MFS-781,8154190,8085819,0.9916152309426196,0.0038,42639,0.005229090810981839
MFS-782,4328932,4280875,0.9888986475186028,0.0046999999999999,24013,0.005547095680874636
MFS-783,4609269,4560301,0.9893761895866784,0.0039,27682,0.006005724551984273
MFS-784,4808145,4763267,0.990666254865442,0.0034999999999999,27436,0.005706150708849255
MFS-786,4589955,4530410,0.9870271059302324,0.0032,29513,0.006429910532891935
MFS-787,4576678,4527453,0.9892443820605252,0.0040999999999999,27849,0.006084981289922516
MFS-788,5242391,5177641,0.9876487656109588,0.0051,32942,0.006283773949711115
MFS-789,4830197,4782372,0.9900987475252044,0.0033,28895,0.005982157663548713
MFS-79,6918046,6818204,0.9855678901238876,0.0101,40163,0.005805541044393171
MFS-790,5604719,5550457,0.990318515522366,0.0040999999999999,29825,0.005321408620128859
MFS-791,4603204,4550301,0.9885073527047682,0.004,27241,0.005917834621276832
MFS-792,6307759,6247321,0.9904184671608413,0.0029,35645,0.0056509768366229595
MFS-793,6891270,6811524,0.988427967558955,0.005,40258,0.005841884006866659
MFS-794,5505376,5451600,0.9902320931395058,0.0038,30874,0.005607973006748313
MFS-795,4911294,4852593,0.9880477527918304,0.0055,29051,0.00591514171214348
MFS-796,4457335,4407137,0.9887381136934962,0.0031,26456,0.00593538515727447
MFS-797,4826894,4765867,0.987356880014353,0.0055,28888,0.005984800992107968
MFS-798,4793309,4709871,0.9825928184475484,0.0135,27843,0.005808722116600453
MFS-799,4914771,4863928,0.9896550622602762,0.0037,28994,0.005899359298734366
MFS-8,5719582,5650661,0.9879499935484796,0.0073,31556,0.005517186395789063
MFS-80,4390209,4346284,0.9899947815696246,0.0056,25016,0.005698134189055692
MFS-800,8108878,8024915,0.9896455465232058,0.0046,44408,0.00547646665790261
MFS-801,6189125,6130093,0.9904619796821036,0.0037,38247,0.00617971037909236
MFS-802,4580599,4540655,0.9912797431078336,0.0040999999999999,24769,0.005407371394003273
MFS-803,4480395,4435043,0.989877678195784,0.0037,26038,0.00581154116991917
MFS-804,5195252,5141574,0.989667873666186,0.0036,32748,0.006303447840451243
MFS-805,6267521,6204778,0.9899891839213624,0.0034999999999999,37158,0.005928659832172879
MFS-806,5904404,5841564,0.9893570968382244,0.0033,37331,0.006322568713116514
MFS-807,6714921,6632518,0.987728373870668,0.0063,37538,0.00559023702587119
MFS-808,6040120,5978905,0.9898652675774654,0.0034999999999999,36445,0.006033820520122117
MFS-809,6181494,6110434,0.9885043971570628,0.0043,35495,0.005742139359837605
MFS-81,3804316,3747035,0.9849431540387288,0.0112,22276,0.005855454699346742
MFS-811,6077918,6004124,0.9878586713410744,0.0063,35163,0.005785369266252029
MFS-812,5982375,5921568,0.9898356421989596,0.0034999999999999,34115,0.0057025846758185506
MFS-813,5976285,5911854,0.9892188876534502,0.0038,36033,0.006029330930502812
MFS-814,4376109,4302650,0.9832136265344396,0.0091,31698,0.0072434210391011744
MFS-815,4317246,4261044,0.986981978789256,0.0043,33819,0.007833466056833454
MFS-816,3763315,3704635,0.984407364251996,0.0058,31263,0.008307303534251053
MFS-817,4077492,4031015,0.988601571750478,0.0044,28267,0.006932447690884495
MFS-818,4224032,4173585,0.9880571454004136,0.0046,29633,0.007015335111097643
MFS-819,4807987,4742101,0.9862965519665506,0.0056999999999999,36982,0.007691784524375794
MFS-82,5303432,5184281,0.977533227540204,0.0173,36948,0.0069668094169963906
MFS-820,4406209,4343197,0.9856992711875446,0.0056,34258,0.007774937593745553
MFS-821,4767527,4669456,0.9794293771173188,0.0127,36748,0.0077079794199382615
MFS-822,4267811,4209406,0.986314998485172,0.0038,33072,0.007749171647947859
MFS-823,4584670,4519236,0.9857276532443991,0.0044,38375,0.00837028619289938
MFS-824,4226734,4176222,0.98804940173666,0.0033,30120,0.0071260694427423155
MFS-825,5263883,5196805,0.9872569356119808,0.0042,40058,0.00760997157421622
MFS-826,4877992,4822257,0.988574192003595,0.0038,34335,0.007038756931130678
MFS-828,4401887,4348931,0.9879697048106868,0.0034999999999999,35058,0.007964311669063745
MFS-829,4695764,4608349,0.981384285922376,0.0089,38751,0.008252331250037267
MFS-83,5813852,5747550,0.9885958569292784,0.0068,36100,0.0062093083896872505
MFS-830,4265870,4218304,0.9888496367681152,0.0038,30743,0.007206736257785633
MFS-831,5001393,4950178,0.9897598529049808,0.0034999999999999,33001,0.006598361696431374
MFS-832,4075351,4026337,0.987973060479944,0.0039,28937,0.007100492693758158
MFS-833,5139155,5084457,0.9893566160195596,0.0036,36552,0.007112453311877147
MFS-834,6672691,6613707,0.9911603879154602,0.0066,37805,0.005665630253221676
MFS-835,4755778,4708962,0.9901559744798852,0.0036,31337,0.006589247858079162
MFS-836,5761517,5680370,0.9859156885243938,0.0067,39996,0.006941921719574896
MFS-837,4938617,4887503,0.9896501388951604,0.0034999999999999,32430,0.00656661571448039
MFS-838,3995046,3948234,0.988282487861216,0.0046999999999999,26817,0.00671256350990702
MFS-839,9064155,8976596,0.9903400813423866,0.0055,58007,0.006399603713749378
MFS-84,6027886,5950589,0.9871767647895132,0.0079,42430,0.007038951964254135
MFS-840,5803328,5716171,0.9849815485183674,0.0069,40199,0.0069268874687076105
MFS-841,6050566,5976899,0.9878247754011772,0.0055,41238,0.006815560726054389
MFS-842,6080440,6007531,0.9880092559091118,0.0044,42409,0.006974659728572275
MFS-843,5743223,5680061,0.9890023424129624,0.0038,40065,0.006976048117929601
MFS-844,4121720,4074706,0.9885935968479178,0.0033,29634,0.007189716914297915
MFS-845,6650442,6571988,0.9882031901037556,0.0046,47082,0.007079529450824472
MFS-846,6630357,6553100,0.9883479878986908,0.0051,43624,0.006579434561366756
MFS-847,6475104,6410391,0.9900058748091152,0.0038,42923,0.00662892827667324
MFS-848,5645422,5587695,0.9897745465263712,0.0034999999999999,37606,0.006661326646617383
MFS-849,6903946,6817336,0.9874550003722508,0.0062,46209,0.006693128828064414
MFS-85,5878252,5802187,0.9870599286998925,0.008,41768,0.007105513679917091
MFS-850,5488383,5419566,0.9874613342399756,0.004,39900,0.007269900806849668
MFS-851,4588425,4505236,0.9818698137160354,0.0111,30793,0.0067110173970371095
MFS-852,5046620,5005644,0.9918805061605588,0.004,29969,0.0059384300779531645
MFS-853,5592470,5514731,0.986099344296885,0.0079,38110,0.006814520238821129
MFS-854,6164529,6098919,0.9893568511073596,0.0033,45623,0.007400889832783656
MFS-855,7341500,7258689,0.9887201525573792,0.005,50608,0.006893414152421167
MFS-856,5738280,5671432,0.9883505161825494,0.0045,38997,0.006795938852757272
MFS-857,6395347,6330428,0.9898490261748112,0.0032,43775,0.006844820148148334
MFS-858,6118342,6047441,0.988411729844458,0.0037,43532,0.007114999455734903
MFS-859,6854850,6782780,0.9894862761402512,0.0034,46813,0.006829179340175204
MFS-86,3711186,3660430,0.9863235095195984,0.0091,25105,0.006764683850391762
MFS-860,6095573,6015552,0.986872275994398,0.0064,40425,0.006631862172760461
MFS-861,8170339,8046582,0.9848528928848608,0.0091,53198,0.006511112941580514
MFS-862,4773437,4719775,0.988758205041776,0.0034,35274,0.0073896439818939685
MFS-863,7619277,7477198,0.9813526926504968,0.0113,52255,0.0068582622734414305
MFS-864,9525975,9430157,0.98994139707484,0.0044,62537,0.006564892307611557
MFS-865,9319868,9230321,0.9903918167081336,0.0043,59530,0.006387429521533996
MFS-866,7917949,7838029,0.9899064770434868,0.0033,52597,0.006642755592388887
MFS-867,9265313,9158147,0.9884336341362672,0.0055,62114,0.006703928944440409
MFS-868,8160944,8074616,0.9894218119864564,0.0045,53492,0.006554633875688891
MFS-869,8141087,8055052,0.9894320009109348,0.0037,53991,0.006631915369532349
MFS-87,6295224,6227804,0.9892902937210812,0.0067,37531,0.005961821215575491
MFS-88,4521251,4456665,0.9857150156007708,0.0056,44735,0.009894385425626668
MFS-89,4112811,4051191,0.985017546393452,0.0068,34358,0.008353897127779517
MFS-9,4706473,4659468,0.9900126910321168,0.0056999999999999,23399,0.004971663494085699
MFS-90,6321197,6225591,0.9848753329472252,0.0113,36488,0.005772324450574788
MFS-91,5520329,5448832,0.9870484168606616,0.0083,34535,0.006255967714967713
MFS-92,4871389,4823820,0.9902350233167584,0.0046999999999999,33551,0.006887357999946216
MFS-93,5209673,5155306,0.9895642202495244,0.006,30352,0.00582608543760808
MFS-94,5770671,5708213,0.9891766486081082,0.0069,35746,0.006194426956587891
MFS-95,5583285,5511637,0.9871674112999784,0.0076,35904,0.006430622832257354
MFS-96,6099992,6038130,0.989858675224492,0.0053,40435,0.006628697217963565
MFS-97,5260362,5196207,0.9878040712787448,0.0078,32621,0.006201284246217275
MFS-98,5982986,5928060,0.9908196342094064,0.0052,35505,0.005934327775461951
MFS-99,4559378,4510388,0.989255113307122,0.0053,33457,0.007338062340959666
