SampleID,POS,REF,ALT,QUAL,DP,DPB,RO,AO,AF,AF_freebayes,MQM,MQMR,SRF,SRR,SAF,SAR,SRP,SAP,RPP,RPPR,RPL,RPR,ANN,GENE,EFFECT,HGVS_C,HGVS_P,SRP_prob,SAP_prob,Low_Qual
MFS-160,3527974,G,A,1634.67,87,62.9062,0,60.0,0.6896551724137931,1.0,60.0,0.0,0,0,30.0,30.0,0.0,3.0103,133.299,0.0,60.0,0.0,['A|missense_variant|MODERATE|PPE53|Rv3159c|transcript|CCP45970|protein_coding|1/1|c.1190C>T|p.Thr397Ile|1190/1773|1190/1773|397/590||'],PPE53,missense_variant,c.1190C>T,p.Thr397Ile,,0.4999999950079739,0.0
MFS-160,3527982,G,C,5.90653e-14,211,211.0,156,55.0,0.2606635071090047,0.0,59.8364,59.9359,105,51,31.0,24.0,43.6001,4.94488,122.441,19.1015,55.0,0.0,['C|synonymous_variant|LOW|PPE53|Rv3159c|transcript|CCP45970|protein_coding|1/1|c.1182C>G|p.Ala394Ala|1182/1773|1182/1773|394/590||'],PPE53,synonymous_variant,c.1182C>G,p.Ala394Ala,4.3650578120740154e-05,0.32026685864098015,0.0
MFS-160,3527991,G,A,0.0,221,221.0,179,42.0,0.1900452488687782,0.0,60.0,59.9385,118,61,20.0,22.0,42.4243,3.21711,94.2121,17.8709,42.0,0.0,['A|synonymous_variant|LOW|PPE53|Rv3159c|transcript|CCP45970|protein_coding|1/1|c.1173C>T|p.Phe391Phe|1173/1773|1173/1773|391/590||'],PPE53,synonymous_variant,c.1173C>T,p.Phe391Phe,5.7222917966618926e-05,0.4767481319300119,0.0
MFS-190,3527974,G,A,1266.31,70,48.75,0,47.0,0.6714285714285714,1.0,60.0,0.0,0,0,29.0,18.0,0.0,8.60069,105.07,0.0,47.0,0.0,['A|missense_variant|MODERATE|PPE53|Rv3159c|transcript|CCP45970|protein_coding|1/1|c.1190C>T|p.Thr397Ile|1190/1773|1190/1773|397/590||'],PPE53,missense_variant,c.1190C>T,p.Thr397Ile,,0.13801649688201353,0.0
MFS-190,3527982,G,C,0.0,205,205.0,165,40.0,0.1951219512195122,0.0,60.0,60.0,93,72,26.0,14.0,8.81405,10.8276,89.8692,12.6043,40.0,0.0,['C|synonymous_variant|LOW|PPE53|Rv3159c|transcript|CCP45970|protein_coding|1/1|c.1182C>G|p.Ala394Ala|1182/1773|1182/1773|394/590||'],PPE53,synonymous_variant,c.1182C>G,p.Ala394Ala,0.13139988949806145,0.08264945611725513,0.0
MFS-190,3527991,G,A,1.09451e-13,228,228.0,190,38.0,0.1666666666666666,0.0,60.0,59.8158,104,86,25.0,13.0,6.71323,11.239,85.5263,10.7362,38.0,0.0,['A|synonymous_variant|LOW|PPE53|Rv3159c|transcript|CCP45970|protein_coding|1/1|c.1173C>T|p.Phe391Phe|1173/1773|1173/1773|391/590||'],PPE53,synonymous_variant,c.1173C>T,p.Phe391Phe,0.2131459082811863,0.07517959815120066,0.0
MFS-301,4358901,T,A,0.0,137,137.0,129,8.0,0.0583941605839416,0.0,60.0,60.0,75,54,5.0,3.0,10.4337,4.09604,20.3821,15.2816,8.0,0.0,['A|synonymous_variant|LOW|espK|Rv3879c|transcript|CCP46708|protein_coding|1/1|c.882A>T|p.Ala294Ala|882/2190|882/2190|294/729||'],espK,synonymous_variant,c.882A>T,p.Ala294Ala,0.09049612847462779,0.3894000473562237,0.0
MFS-198,35608,C,T,0.0,175,175.0,153,22.0,0.1257142857142857,0.0,60.0,60.0,133,20,15.0,7.0,184.236,9.32731,6.56362,14.9463,8.0,14.0,['T|synonymous_variant|LOW|bioF2|Rv0032|transcript|CCP42754|protein_coding|1/1|c.1314C>T|p.Ala438Ala|1314/2316|1314/2316|438/771||'],bioF2,synonymous_variant,c.1314C>T,p.Ala438Ala,3.7705091583339253e-19,0.11675325574286478,0.0
MFS-198,36008,G,C,2.54346e-14,330,330.0,310,20.0,0.0606060606060606,0.0,60.0,60.0,158,152,7.0,13.0,3.26247,6.91895,3.44459,4.01898,11.0,9.0,['C|missense_variant|MODERATE|bioF2|Rv0032|transcript|CCP42754|protein_coding|1/1|c.1714G>C|p.Asp572His|1714/2316|1714/2316|572/771||'],bioF2,missense_variant,c.1714G>C,p.Asp572His,0.47179463716222436,0.20328484362106125,0.0
MFS-198,2536599,C,T,1.13615e-14,220,220.0,204,16.0,0.0727272727272727,0.0,60.0,59.902,105,99,7.0,9.0,3.3935,3.55317,3.55317,12.5903,7.0,9.0,['T|synonymous_variant|LOW|Rv2264c|Rv2264c|transcript|CCP45045|protein_coding|1/1|c.1752G>A|p.Gly584Gly|1752/1779|1752/1779|584/592||'],Rv2264c,synonymous_variant,c.1752G>A,p.Gly584Gly,0.4577728167145591,0.44124825408630985,0.0
MFS-198,2536628,G,GA,0.0,192,193.5,180,11.0,0.0572916666666666,0.0,60.0,60.0,101,79,6.0,5.0,8.84915,3.20771,3.20771,5.37479,6.0,5.0,['GA|frameshift_variant|HIGH|Rv2264c|Rv2264c|transcript|CCP45045|protein_coding|1/1|c.1722_1723insT|p.Pro575fs|1722/1779|1722/1779|574/592||'],Rv2264c,frameshift_variant,c.1722_1723insT,p.Pro575fs,0.1303421858867429,0.4777811374139466,0.0
MFS-198,2536892,T,C,2.30236e-14,212,212.0,193,19.0,0.0896226415094339,0.0,60.0,60.0,87,106,10.0,9.0,7.07197,3.12459,3.12459,3.92164,10.0,9.0,['C|missense_variant|MODERATE|Rv2264c|Rv2264c|transcript|CCP45045|protein_coding|1/1|c.1459A>G|p.Thr487Ala|1459/1779|1459/1779|487/592||'],Rv2264c,missense_variant,c.1459A>G,p.Thr487Ala,0.1962469880388545,0.4870134999867112,0.0
MFS-198,4358186,G,GT,3.49569e-15,251,256.0,236,15.0,0.0597609561752988,0.0,60.0,59.9492,129,107,6.0,9.0,7.46366,4.31318,4.31318,40.6982,9.0,6.0,['GT|frameshift_variant|HIGH|espK|Rv3879c|transcript|CCP46708|protein_coding|1/1|c.1596dupA|p.Pro533fs|1596/2190|1596/2190|532/729||'],espK,frameshift_variant,c.1596dupA,p.Pro533fs,0.17932217591387567,0.37040940052685545,0.0
MFS-198,4359653,C,T,0.0,372,372.0,349,23.0,0.0618279569892473,0.0,60.0,59.9628,137,212,9.0,14.0,38.009,5.3706,3.86001,5.25644,13.0,10.0,['T|missense_variant|MODERATE|espK|Rv3879c|transcript|CCP46708|protein_coding|1/1|c.130G>A|p.Asp44Asn|130/2190|130/2190|44/729||'],espK,missense_variant,c.130G>A,p.Asp44Asn,0.00015816121770080357,0.2903621476621039,0.0
MFS-261,3527974,G,A,2004.96,107,78.6875,0,74.0,0.6915887850467289,1.0,60.0,0.0,0,0,45.0,29.0,0.0,10.5224,163.699,0.0,74.0,0.0,['A|missense_variant|MODERATE|PPE53|Rv3159c|transcript|CCP45970|protein_coding|1/1|c.1190C>T|p.Thr397Ile|1190/1773|1190/1773|397/590||'],PPE53,missense_variant,c.1190C>T,p.Thr397Ile,,0.08866658869469671,0.0
MFS-261,3527991,G,A,0.0,299,299.0,241,58.0,0.1939799331103679,0.0,60.0,59.8921,132,109,36.0,22.0,7.77673,10.3484,128.956,30.2663,58.0,0.0,['A|synonymous_variant|LOW|PPE53|Rv3159c|transcript|CCP45970|protein_coding|1/1|c.1173C>T|p.Phe391Phe|1173/1773|1173/1773|391/590||'],PPE53,synonymous_variant,c.1173C>T,p.Phe391Phe,0.16685030312681412,0.09229113776465751,0.0
MFS-262,3527974,G,A,1329.87,72,52.7812,0,49.0,0.6805555555555556,1.0,60.0,0.0,0,0,27.0,22.0,0.0,4.11819,109.412,0.0,49.0,0.0,['A|missense_variant|MODERATE|PPE53|Rv3159c|transcript|CCP45970|protein_coding|1/1|c.1190C>T|p.Thr397Ile|1190/1773|1190/1773|397/590||'],PPE53,missense_variant,c.1190C>T,p.Thr397Ile,,0.3874190751148843,0.0
MFS-262,3527982,G,C,1.13671e-13,244,244.0,199,45.0,0.1844262295081967,0.0,60.0,59.8392,104,95,26.0,19.0,3.89417,5.37479,100.727,29.2098,45.0,0.0,['C|synonymous_variant|LOW|PPE53|Rv3159c|transcript|CCP45970|protein_coding|1/1|c.1182C>G|p.Ala394Ala|1182/1773|1182/1773|394/590||'],PPE53,synonymous_variant,c.1182C>G,p.Ala394Ala,0.40792751521070425,0.29008214624553436,0.0
MFS-262,3527991,G,A,0.0,264,264.0,221,43.0,0.1628787878787878,0.0,60.0,59.8552,114,107,26.0,17.0,3.49176,7.10075,96.3836,42.0084,43.0,0.0,['A|synonymous_variant|LOW|PPE53|Rv3159c|transcript|CCP45970|protein_coding|1/1|c.1173C>T|p.Phe391Phe|1173/1773|1173/1773|391/590||'],PPE53,synonymous_variant,c.1173C>T,p.Phe391Phe,0.44753190289122874,0.19495079025984724,0.0
MFS-313,36008,G,C,0.0,317,317.0,173,144.0,0.4542586750788643,0.0,59.9931,59.9306,91,82,82.0,62.0,4.027,9.04217,3.07062,24.11,71.0,73.0,['C|missense_variant|MODERATE|bioF2|Rv0032|transcript|CCP42754|protein_coding|1/1|c.1714G>C|p.Asp572His|1714/2316|1714/2316|572/771||'],bioF2,missense_variant,c.1714G>C,p.Asp572His,0.39563982400425163,0.12467604010778938,0.0
MFS-313,54394,A,G,0.0,320,320.0,212,108.0,0.3375,0.0,60.0,59.9623,111,101,59.0,49.0,4.03458,5.02092,4.2971,5.01789,50.0,58.0,['G|synonymous_variant|LOW|ponA1|Rv0050|transcript|CCP42772|protein_coding|1/1|c.732A>G|p.Ala244Ala|732/2037|732/2037|244/678||WARNING_TRANSCRIPT_NO_START_CODON'],ponA1,synonymous_variant,c.732A>G,p.Ala244Ala,0.3949498925430128,0.31470815725566514,0.0
MFS-313,854252,GC,G,0.0,277,268.308,164,112.0,0.4043321299638989,0.0,60.0,60.0,100,64,58.0,54.0,20.1702,3.32051,7.97367,14.9269,48.0,64.0,['G|intergenic_region|MODIFIER|Rv0759c-Rv0760c|Rv0759c-Rv0760c|intergenic_region|Rv0759c-Rv0760c|||n.854253delC||||||'],Rv0759c-Rv0760c,intergenic_region,n.854253delC,,0.00961567995521374,0.46553142210158355,0.0
MFS-313,1546703,C,T,0.0,368,368.0,214,154.0,0.4184782608695652,0.0,59.9091,60.0,129,85,89.0,65.0,22.655,11.1322,25.5711,47.2109,97.0,57.0,['T|missense_variant|MODERATE|Rv1373|Rv1373|transcript|CCP44132|protein_coding|1/1|c.692C>T|p.Pro231Leu|692/981|692/981|231/326||'],Rv1373,missense_variant,c.692C>T,p.Pro231Leu,0.005426252513290141,0.07705130523752993,0.0
MFS-313,2536599,C,T,2.16974e-13,212,212.0,109,103.0,0.4858490566037736,0.0,60.0,60.0,38,71,60.0,43.0,24.7051,9.10307,16.1867,13.5489,39.0,64.0,['T|synonymous_variant|LOW|Rv2264c|Rv2264c|transcript|CCP45045|protein_coding|1/1|c.1752G>A|p.Gly584Gly|1752/1779|1752/1779|584/592||'],Rv2264c,synonymous_variant,c.1752G>A,p.Gly584Gly,0.0033844647875842047,0.12293994089724146,0.0
MFS-313,2536628,G,GA,0.0,171,183.286,93,75.0,0.4385964912280701,0.0,60.0,60.0,39,54,43.0,32.0,8.26386,6.51361,3.73412,6.95631,40.0,35.0,['GA|frameshift_variant|HIGH|Rv2264c|Rv2264c|transcript|CCP45045|protein_coding|1/1|c.1722_1723insT|p.Pro575fs|1722/1779|1722/1779|574/592||'],Rv2264c,frameshift_variant,c.1722_1723insT,p.Pro575fs,0.14914682065738885,0.22317163748309488,0.0
MFS-313,2536892,T,C,1.92865e-13,213,213.0,129,84.0,0.3943661971830985,0.0,60.0,60.0,73,56,36.0,48.0,7.87507,6.73282,6.73282,3.1618,48.0,36.0,['C|missense_variant|MODERATE|Rv2264c|Rv2264c|transcript|CCP45045|protein_coding|1/1|c.1459A>G|p.Thr487Ala|1459/1779|1459/1779|487/592||'],Rv2264c,missense_variant,c.1459A>G,p.Thr487Ala,0.16311466180387468,0.21218662253179157,0.0
MFS-313,4357597,C,G,0.0,302,302.0,170,132.0,0.4370860927152318,0.0,60.0,60.0,86,84,57.0,75.0,3.06139,8.34028,22.0271,21.455,49.0,83.0,['G|missense_variant|MODERATE|espK|Rv3879c|transcript|CCP46708|protein_coding|1/1|c.2186G>C|p.Cys729Ser|2186/2190|2186/2190|729/729||'],espK,missense_variant,c.2186G>C,p.Cys729Ser,0.49415250355596335,0.14654533566406322,0.0
MFS-313,4359653,C,T,0.0,406,406.0,245,161.0,0.396551724137931,0.0,60.0,60.0,104,141,70.0,91.0,15.144,8.95825,12.8426,3.09007,67.0,94.0,['T|missense_variant|MODERATE|espK|Rv3879c|transcript|CCP46708|protein_coding|1/1|c.130G>A|p.Asp44Asn|130/2190|130/2190|44/729||'],espK,missense_variant,c.130G>A,p.Asp44Asn,0.0305914455948641,0.12710861892483416,0.0
MFS-168,36008,G,C,2.31921e-13,347,347.0,187,160.0,0.4610951008645533,0.0,60.0,59.8289,99,88,75.0,85.0,4.41537,4.36747,5.67035,4.97275,87.0,73.0,['C|missense_variant|MODERATE|bioF2|Rv0032|transcript|CCP42754|protein_coding|1/1|c.1714G>C|p.Asp572His|1714/2316|1714/2316|572/771||'],bioF2,missense_variant,c.1714G>C,p.Asp572His,0.36179536602857154,0.36580783237964126,0.0
MFS-168,344045,C,T,0.0,326,326.0,177,149.0,0.4570552147239264,0.0,60.0,60.0,88,89,81.0,68.0,3.02257,5.47325,12.1188,7.43912,87.0,62.0,['T|synonymous_variant|LOW|eccB3|Rv0283|transcript|CCP43013|protein_coding|1/1|c.24C>T|p.His8His|24/1617|24/1617|8/538||'],eccB3,synonymous_variant,c.24C>T,p.His8His,0.49858935272985805,0.2835796094112876,0.0
MFS-168,2536599,C,T,1.65382e-13,276,276.0,145,131.0,0.4746376811594203,0.0,60.0,60.0,73,72,63.0,68.0,3.02528,3.4247,5.81167,15.6048,59.0,72.0,['T|synonymous_variant|LOW|Rv2264c|Rv2264c|transcript|CCP45045|protein_coding|1/1|c.1752G>A|p.Gly584Gly|1752/1779|1752/1779|584/592||'],Rv2264c,synonymous_variant,c.1752G>A,p.Gly584Gly,0.498278329743795,0.45449593159187995,0.0
MFS-168,2536628,G,GA,0.0,264,283.0,148,111.0,0.4204545454545454,0.0,60.0,60.0,79,69,62.0,49.0,4.47751,6.31642,11.6375,5.12308,66.0,45.0,['GA|frameshift_variant|HIGH|Rv2264c|Rv2264c|transcript|CCP45045|protein_coding|1/1|c.1722_1723insT|p.Pro575fs|1722/1779|1722/1779|574/592||'],Rv2264c,frameshift_variant,c.1722_1723insT,p.Pro575fs,0.35665556103176876,0.2335382384204078,0.0
MFS-168,2536892,T,C,7.11516e-05,270,270.0,136,134.0,0.4962962962962963,0.0,59.7761,59.9632,61,75,65.0,69.0,6.13977,3.26958,3.59368,19.3602,64.0,70.0,['C|missense_variant|MODERATE|Rv2264c|Rv2264c|transcript|CCP45045|protein_coding|1/1|c.1459A>G|p.Thr487Ala|1459/1779|1459/1779|487/592||'],Rv2264c,missense_variant,c.1459A>G,p.Thr487Ala,0.24323328206886533,0.4710228761450208,0.0
MFS-168,4323355,G,C,0.0,417,417.0,214,203.0,0.486810551558753,0.0,60.0,60.0,100,114,94.0,109.0,4.99913,5.4171,3.10657,4.47148,103.0,100.0,['C|intergenic_region|MODIFIER|Rv3848-espR|Rv3848-Rv3849|intergenic_region|Rv3848-Rv3849|||n.4323355G>C||||||'],Rv3848-espR,intergenic_region,n.4323355G>C,,0.31629112065896414,0.2872698184999115,0.0
MFS-145,36008,G,C,9.69151e-14,473,473.0,423,50.0,0.1057082452431289,0.0,60.0,60.0,222,201,18.0,32.0,5.27418,11.5225,5.78978,19.6891,29.0,21.0,['C|missense_variant|MODERATE|bioF2|Rv0032|transcript|CCP42754|protein_coding|1/1|c.1714G>C|p.Asp572His|1714/2316|1714/2316|572/771||'],bioF2,missense_variant,c.1714G>C,p.Asp572His,0.29688072369132285,0.07042875317624007,0.0
MFS-145,54394,A,G,0.0,511,511.0,451,60.0,0.1174168297455968,0.0,60.0,60.0,216,235,33.0,27.0,4.74844,4.31318,17.4868,3.59289,40.0,20.0,['G|synonymous_variant|LOW|ponA1|Rv0050|transcript|CCP42772|protein_coding|1/1|c.732A>G|p.Ala244Ala|732/2037|732/2037|244/678||WARNING_TRANSCRIPT_NO_START_CODON'],ponA1,synonymous_variant,c.732A>G,p.Ala244Ala,0.33508578145279905,0.37040940052685545,0.0
MFS-145,1546703,C,T,0.0,496,496.0,435,61.0,0.1229838709677419,0.0,60.0,59.8805,240,195,32.0,29.0,13.1189,3.33068,15.8611,40.7939,40.0,21.0,['T|missense_variant|MODERATE|Rv1373|Rv1373|transcript|CCP44132|protein_coding|1/1|c.692C>T|p.Pro231Leu|692/981|692/981|231/326||'],Rv1373,missense_variant,c.692C>T,p.Pro231Leu,0.04876519890846157,0.4644425490719977,0.0
MFS-145,1573660,T,G,1.20564e-15,301,301.0,259,42.0,0.1395348837209302,0.0,60.0,59.8842,192,67,26.0,16.0,134.011,8.18047,4.87156,4.42721,24.0,18.0,['G|missense_variant|MODERATE|PE_PGRS25|Rv1396c|transcript|CCP44155|protein_coding|1/1|c.198A>C|p.Arg66Ser|198/1731|198/1731|66/576||'],PE_PGRS25,missense_variant,c.198A>C,p.Arg66Ser,3.9710010326389104e-14,0.15203829827028872,0.0
MFS-145,2536599,C,T,9.9326e-14,307,307.0,270,37.0,0.1205211726384364,0.0,60.0,60.0,117,153,21.0,16.0,13.4334,4.47751,3.06899,9.31561,19.0,18.0,['T|synonymous_variant|LOW|Rv2264c|Rv2264c|transcript|CCP45045|protein_coding|1/1|c.1752G>A|p.Gly584Gly|1752/1779|1752/1779|584/592||'],Rv2264c,synonymous_variant,c.1752G>A,p.Gly584Gly,0.045358637439632525,0.35665556103176876,0.0
MFS-145,2536628,G,GA,0.0,269,274.8,238,28.0,0.104089219330855,0.0,60.0,60.0,123,115,19.0,9.0,3.59423,10.7656,4.25114,10.1634,12.0,16.0,['GA|frameshift_variant|HIGH|Rv2264c|Rv2264c|transcript|CCP45045|protein_coding|1/1|c.1722_1723insT|p.Pro575fs|1722/1779|1722/1779|574/592||'],Rv2264c,frameshift_variant,c.1722_1723insT,p.Pro575fs,0.43709616893742603,0.08383782443855772,0.0
MFS-145,2536892,T,C,0.0,302,302.0,269,33.0,0.1092715231788079,0.0,60.0,59.9219,139,130,19.0,14.0,3.66416,4.65535,6.23461,4.37453,20.0,13.0,['C|missense_variant|MODERATE|Rv2264c|Rv2264c|transcript|CCP45045|protein_coding|1/1|c.1459A>G|p.Thr487Ala|1459/1779|1459/1779|487/592||'],Rv2264c,missense_variant,c.1459A>G,p.Thr487Ala,0.4301144170895174,0.34234579670319965,0.0
MFS-145,4323354,C,CG,9.06473e-14,467,471.455,416,48.0,0.1027837259100642,0.0,60.0,60.0,195,221,25.0,23.0,6.53894,3.19126,3.73412,12.2182,22.0,26.0,['CG|intergenic_region|MODIFIER|Rv3848-espR|Rv3848-Rv3849|intergenic_region|Rv3848-Rv3849|||n.4323354_4323355insG||||||'],Rv3848-espR,intergenic_region,n.4323354_4323355insG,,0.22187378899939483,0.47959428581200514,0.0
MFS-145,4357597,C,G,0.0,402,402.0,356,46.0,0.1144278606965174,0.0,60.0,59.9213,162,194,21.0,25.0,9.25633,3.76559,12.2627,56.9067,16.0,30.0,['G|missense_variant|MODERATE|espK|Rv3879c|transcript|CCP46708|protein_coding|1/1|c.2186G>C|p.Cys729Ser|2186/2190|2186/2190|729/729||'],espK,missense_variant,c.2186G>C,p.Cys729Ser,0.11867712040432161,0.4201854405485145,0.0
MFS-145,4357804,T,G,1.06438e-13,431,431.0,391,40.0,0.0928074245939675,0.0,60.0,59.9795,253,138,23.0,17.0,76.4572,4.96463,8.43898,3.28243,15.0,25.0,['G|missense_variant|MODERATE|espK|Rv3879c|transcript|CCP46708|protein_coding|1/1|c.1979A>C|p.Glu660Ala|1979/2190|1979/2190|660/729||'],espK,missense_variant,c.1979A>C,p.Glu660Ala,2.2608929519848688e-08,0.31881371795403324,0.0
MFS-145,4359653,C,T,6.1958e-14,532,532.0,485,47.0,0.0883458646616541,0.0,60.0,60.0,197,288,26.0,21.0,40.0865,4.16534,10.8184,66.4128,30.0,17.0,['T|missense_variant|MODERATE|espK|Rv3879c|transcript|CCP46708|protein_coding|1/1|c.130G>A|p.Asp44Asn|130/2190|130/2190|44/729||'],espK,missense_variant,c.130G>A,p.Asp44Asn,9.80279679238673e-05,0.3832357365071837,0.0
MFS-270,2536599,C,T,2675.63,176,176.0,44,132.0,0.75,1.0,59.8561,59.7727,18,26,64.0,68.0,6.16881,3.27351,12.4858,10.1169,54.0,78.0,['T|synonymous_variant|LOW|Rv2264c|Rv2264c|transcript|CCP45045|protein_coding|1/1|c.1752G>A|p.Gly584Gly|1752/1779|1752/1779|584/592||'],Rv2264c,synonymous_variant,c.1752G>A,p.Gly584Gly,0.24161227798189414,0.4705968328313301,0.0
MFS-270,2536628,G,GA,2201.91,149,171.2,35,108.0,0.7248322147651006,1.0,60.0,59.7143,15,20,59.0,49.0,4.56135,5.02092,4.2971,3.07234,50.0,58.0,['GA|frameshift_variant|HIGH|Rv2264c|Rv2264c|transcript|CCP45045|protein_coding|1/1|c.1722_1723insT|p.Pro575fs|1722/1779|1722/1779|574/592||'],Rv2264c,frameshift_variant,c.1722_1723insT,p.Pro575fs,0.3498364038328274,0.31470815725566514,0.0
MFS-270,2536892,T,C,2632.42,202,202.0,58,144.0,0.7128712871287128,1.0,60.0,59.4138,30,28,66.0,78.0,3.16006,5.18177,4.51827,3.0103,67.0,77.0,['C|missense_variant|MODERATE|Rv2264c|Rv2264c|transcript|CCP45045|protein_coding|1/1|c.1459A>G|p.Thr487Ala|1459/1779|1459/1779|487/592||'],Rv2264c,missense_variant,c.1459A>G,p.Thr487Ala,0.4830521283818931,0.30326549508367434,0.0
MFS-306,1253154,G,A,1.33805e-14,311,311.0,295,16.0,0.0514469453376205,0.0,60.0,59.9695,116,179,5.0,11.0,32.2258,7.89611,3.55317,3.90097,9.0,7.0,['A|missense_variant|MODERATE|Rv1129c|Rv1129c|transcript|CCP43883|protein_coding|1/1|c.1381C>T|p.Pro461Ser|1381/1461|1381/1461|461/486||'],Rv1129c,missense_variant,c.1381C>T,p.Pro461Ser,0.0005989905903038853,0.16232634125212764,0.0
MFS-258,4359486,G,C,3.85131e-14,400,400.0,371,29.0,0.0725,0.0,60.0,59.9784,206,165,11.0,18.0,12.8492,6.67934,19.8579,19.4514,22.0,7.0,['C|synonymous_variant|LOW|espK|Rv3879c|transcript|CCP46708|protein_coding|1/1|c.297C>G|p.Ala99Ala|297/2190|297/2190|99/729||'],espK,synonymous_variant,c.297C>G,p.Ala99Ala,0.051889561423037196,0.21481569060544484,0.0
MFS-134,54757,G,T,0.0,344,344.0,185,159.0,0.4622093023255814,0.0,60.0,59.9351,90,95,80.0,79.0,3.30374,3.02396,9.03306,11.5671,69.0,90.0,['T|missense_variant|MODERATE|ponA1|Rv0050|transcript|CCP42772|protein_coding|1/1|c.1095G>T|p.Gln365His|1095/2037|1095/2037|365/678||WARNING_TRANSCRIPT_NO_START_CODON'],ponA1,missense_variant,c.1095G>T,p.Gln365His,0.4673325166890938,0.49842980009122934,0.0
MFS-134,4323354,C,CG,1147.18,268,281.909,116,151.0,0.5634328358208955,1.0,60.0,60.0,57,59,66.0,85.0,3.08518,8.2017,9.35215,5.70592,86.0,65.0,['CG|intergenic_region|MODIFIER|Rv3848-espR|Rv3848-Rv3849|intergenic_region|Rv3848-Rv3849|||n.4323354_4323355insG||||||'],Rv3848-espR,intergenic_region,n.4323354_4323355insG,,0.4914530107543729,0.1512968896772124,0.0
MFS-283,2141408,T,TG,0.0,264,265.417,245,17.0,0.0643939393939393,0.0,60.0,59.9551,112,133,5.0,12.0,6.91895,9.26925,6.20364,5.00451,6.0,11.0,['TG|frameshift_variant|HIGH|Rv1894c|Rv1894c|transcript|CCP44661|protein_coding|1/1|c.461dupC|p.Ala155fs|461/1131|461/1131|154/376||'],Rv1894c,frameshift_variant,c.461dupC,p.Ala155fs,0.20328484362106125,0.11832458774060045,0.0
