covariate,Coef_lower,Coef_upper,Coef,pval,OR,OR_lower,OR_upper
const,-20.20047770005317,-10.824420422843563,-15.512449061448367,8.848409281999838e-11,1.8324366602397617e-07,1.6867239169201295e-09,1.9907372392761614e-05
Mean_BQ_ALT_allele,-0.07948541264604653,1.0132388704058042,0.4668767288798788,0.09396835669411145,1.5950047732728403,0.9235914926263523,2.754508077514699
NEG_COV_RATIO,-2.2157257411806377,0.6274521139915705,-0.7941368135945337,0.27356604726195155,0.45197120198846263,0.10907432578680215,1.872832730831448
POS_COV_RATIO,-0.6570089180250265,0.06657671495391199,-0.2952161015355573,0.10975538662555243,0.7443707104301004,0.5183995935325926,1.0688429571682834
DISCORDANT_READS_RATIO,-7.620054502163064,-3.9911624934334506,-5.805608497798257,3.582382866558609e-10,0.0030106222386004156,0.0004905150962506422,0.01847822081896528
CLIPPED_BASES_RATIO,-144.3254495530353,-73.0194140477802,-108.67243180040775,2.313893679036302e-09,6.370338853023847e-48,2.0905167946743026e-63,1.9412050267057355e-32
SAF_prop_deviation_from_half,-1.6459157033323701,-0.604401141360371,-1.1251584223463706,2.2881962304493777e-05,0.324601039226506,0.19283590144385995,0.5464015459673245
VariantSupportMedianIndex,1.7792450124027155,3.026166084132025,2.4027055482673703,4.241993442394771e-14,11.053040497587004,5.9253811401438705,20.61803306012008
Soft_Clipped_Read_Support,-1.5700692339034317,-0.1889269640342628,-0.8794980989688472,0.01255415746855707,0.41499114390427133,0.2080307790755592,0.8278469670895391
