SampleID	mix_phylotypes
MFS-108	2.2.M4.4
MFS-109	2.2.M4.4
MFS-110	2.2.M1.1
MFS-113	2.2.M1.1
MFS-114	2.2.M4.4
MFS-115	2.2.M1.1
MFS-116	2.2.M1.1
MFS-119	2.2.M1.1
MFS-120	2.2.M1.1
MFS-121	2.2.M1.1
MFS-122	2.2.M1.1
MFS-123	2.2.M1.1
MFS-124	2.2.M1.1
MFS-129	2.2.M1.1
MFS-130	2.2.M1.1
MFS-132	2.2.M1.1
MFS-133	2.2.M4.4
MFS-138	2.2.M1.1
MFS-139	2.2.M1.1
MFS-142	2.2.M4.8
MFS-143	2.2.M4.8
MFS-144	2.2.M1.1
MFS-156	2.2.M1.1
MFS-157	2.2.M1.1
MFS-158	2.2.M1.1
MFS-159	2.2.M1.1
MFS-161	2.2.M1.1
MFS-162	2.2.M4.3
MFS-163	2.2.M4.3
MFS-164	2.2.M1.1
MFS-165	2.2.M1.1
MFS-166	2.2.M1.1
MFS-167	2.2.M1.1
MFS-169	2.2.M1.1
MFS-16	2.2.M4.4
MFS-170	2.2.M1.1
MFS-172	2.2.M1.1
MFS-173	2.2.M1.1
MFS-178	2.2.M2.5
MFS-17	2.2.M4.4
MFS-182	2.2.M4.3
MFS-184	2.2.M2.5
MFS-187	2.2.M2.5
MFS-188	2.2.M2.5
MFS-18	2.2.M4.8
MFS-199	2.2.M2.5
MFS-19	2.2.M4.8
MFS-1	2.2.M1.1
MFS-22	2.2.M1.1
MFS-259	2.2.M2.1
MFS-263	2.2.M1.1
MFS-264	2.2.M1.1
MFS-266	2.2.M1.1
MFS-268	2.2.M1.1
MFS-274	2.2.M1.1
MFS-275	2.2.M1.1
MFS-276	2.2.M1.1
MFS-277	2.2.M1.1
MFS-278	2.2.M4.8
MFS-279	2.2.M1.4
MFS-282	2.2.M1.1
MFS-283	2.2.M1.1
MFS-284	2.2.M1.1
MFS-287	2.2.M2.5
MFS-288	2.2.M2.5
MFS-291	2.2.M1.1
MFS-292	2.2.M1.1
MFS-294	2.2.M1.1
MFS-295	2.2.M1.1
MFS-2	2.2.M1.1
MFS-302	2.2.M1.1
MFS-303	2.2.M1.1
MFS-305	2.2.M1.1
MFS-306	2.2.M1.1
MFS-30	2.2.M1.1
MFS-312	2.2.M2.1
MFS-315	2.2.M1.1
MFS-316	2.2.M1.1
MFS-318	2.2.M1.1
MFS-319	2.2.M1.1
MFS-31	2.2.M1.1
MFS-320	2.2.M1.1
MFS-321	2.2.M4.4
MFS-322	2.2.M4.4
MFS-323	2.2.M1.1
MFS-324	2.2.M1.1
MFS-325	2.2.M1.1
MFS-326	2.2.M1.1
MFS-32	2.2.M1.1
MFS-330	2.2.M1.1
MFS-332	2.2.M1.1
MFS-333	2.2.M1.1
MFS-337	2.2.M1.1
MFS-338	2.2.M1.1
MFS-339	2.2.M1.1
MFS-33	2.2.M1.1
MFS-340	2.2.M1.1
MFS-341	2.2.M1.1
MFS-342	2.2.M1.1
MFS-343	2.2.M1.1
MFS-344	2.2.M1.1
MFS-345	2.2.M1.1
MFS-346	2.2.M1.1
MFS-347	2.2.M1.1
MFS-348	2.2.M1.1
MFS-349	2.2.M1.1
MFS-34	2.2.M1.1
MFS-355	2.2.M1.1
MFS-356	2.2.M1.1
MFS-357	2.2.M4.3
MFS-358	2.2.M4.3
MFS-359	2.2.M1.1
MFS-360	2.2.M4.4
MFS-361	2.2.M4.4
MFS-362	2.2.M1.1
MFS-363	2.2.M1.1
MFS-368	2.2.M2.3
MFS-369	2.2.M1.1
MFS-370	2.2.M1.1
MFS-371	2.2.M1.1
MFS-374	2.2.M1.1
MFS-375	2.2.M1.1
MFS-37	2.2.M4.4
MFS-383	2.2.M1.4
MFS-388	2.2.M2.2
MFS-389	2.2.M2.2
MFS-38	2.2.M4.4
MFS-397	2.2.M2.5
MFS-398	2.2.M2.5
MFS-399	2.2.M1.1
MFS-3	2.2.M4.4
MFS-400	2.2.M1.1
MFS-402	2.2.M4.8
MFS-403	2.2.M4.3
MFS-404	2.2.M2.5
MFS-405	2.2.M2.5
MFS-406	2.2.M4.3
MFS-407	2.2.M4.3
MFS-408	2.2.M1.1
MFS-409	2.2.M1.1
MFS-40	2.2.M1.1
MFS-414	2.2.M1.1
MFS-415	2.2.M1.1
MFS-418	2.2.M1.1
MFS-419	2.2.M1.1
MFS-41	2.2.M4.4
MFS-420	2.2.M2.2
MFS-421	2.2.M2.2
MFS-426	2.2.M1.1
MFS-42	2.2.M4.4
MFS-434	2.2.M4.4
MFS-435	2.2.M1.1
MFS-436	2.2.M1.1
MFS-441	2.2.M1.1
MFS-442	2.2.M1.1
MFS-443	2.2.M1.1
MFS-444	2.2.M1.1
MFS-445	2.2.M1.1
MFS-446	2.2.M1.1
MFS-447	2.2.M1.1
MFS-448	2.2.M1.1
MFS-449	2.2.M1.1
MFS-452	2.2.M1.1
MFS-454	2.2.M2.5
MFS-455	2.2.M2.5
MFS-458	2.2.M1.1
MFS-459	2.2.M1.1
MFS-45	2.2.M1.1
MFS-462	2.2.M4.3
MFS-463	2.2.M4.3
MFS-464	2.2.M1.1
MFS-465	2.2.M1.1
MFS-466	2.2.M4.4
MFS-467	2.2.M4.4
MFS-468	2.2.M4.4
MFS-469	2.2.M1.1
MFS-46	2.2.M1.1
MFS-471	2.2.M1.1
MFS-472	2.2.M1.1
MFS-474	2.2.M1.4
MFS-475	2.2.M1.4
MFS-476	2.2.M1.1
MFS-478	2.2.M1.4
MFS-479	2.2.M1.1
MFS-480	2.2.M1.1
MFS-484	2.2.M4.4
MFS-486	2.2.M1.1
MFS-49	2.2.M1.1
MFS-50	2.2.M1.1
MFS-511	2.2.M4.4
MFS-512	2.2.M4.4
MFS-514	2.2.M1.1
MFS-515	2.2.M1.1
MFS-51	2.2.M1.1
MFS-528	2.2.M4.4
MFS-529	2.2.M4.4
MFS-52	2.2.M1.1
MFS-531	2.2.M1.1
MFS-532	2.2.M1.1
MFS-533	2.2.M4.4
MFS-534	2.2.M4.4
MFS-537	2.2.M1.1
MFS-538	2.2.M1.1
MFS-539	2.2.M4.4
MFS-540	2.2.M4.4
MFS-548	2.2.M1.1
MFS-549	2.2.M1.1
MFS-54	2.2.M1.1
MFS-550	2.2.M4.4
MFS-551	2.2.M4.4
MFS-552	2.2.M4.4
MFS-555	2.2.M1.1
MFS-556	2.2.M1.1
MFS-558	2.2.M4.4
MFS-55	2.2.M4.4
MFS-561	2.2.M1.1
MFS-563	2.2.M1.1
MFS-575	2.2.M4.4
MFS-576	2.2.M4.4
MFS-578	2.2.M1.1
MFS-583	2.2.M4.4
MFS-58	2.2.M1.1
MFS-592	2.2.M1.1
MFS-593	2.2.M1.1
MFS-599	2.2.M1.1
MFS-59	2.2.M1.1
MFS-601	2.2.M4.4
MFS-606	2.2.M4.3
MFS-607	2.2.M4.3
MFS-610	2.2.M1.1
MFS-611	2.2.M4.8
MFS-612	2.2.M4.4
MFS-613	2.2.M4.4
MFS-616	2.2.M2.5
MFS-623	2.2.M1.1
MFS-624	2.2.M1.1
MFS-625	2.2.M1.4
MFS-626	2.2.M1.4
MFS-629	2.2.M4.4
MFS-62	2.2.M1.1
MFS-632	2.2.M4.4
MFS-636	2.2.M1.1
MFS-638	2.2.M1.1
MFS-639	2.2.M1.1
MFS-63	2.2.M1.1
MFS-640	2.2.M1.1
MFS-641	2.2.M1.1
MFS-642	2.2.M1.1
MFS-644	2.2.M1.1
MFS-645	2.2.M1.1
MFS-646	2.2.M1.4
MFS-647	2.2.M1.4
MFS-64	2.2.M1.1
MFS-654	2.2.M1.1
MFS-658	2.2.M4.4
MFS-65	2.2.M1.1
MFS-662	2.2.M4.4
MFS-663	2.2.M1.1
MFS-667	2.2.M1.1
MFS-669	2.2.M4.4
MFS-66	2.2.M1.1
MFS-671	2.2.M1.1
MFS-672	2.2.M1.1
MFS-673	2.2.M1.1
MFS-676	2.2.M1.1
MFS-67	2.2.M1.1
MFS-682	2.2.M1.1
MFS-694	2.2.M4.8
MFS-700	2.2.M1.1
MFS-703	2.2.M4.4
MFS-704	2.2.M4.8
MFS-706	2.2.M1.4
MFS-708	2.2.M1.1
MFS-709	2.2.M1.1
MFS-70	2.2.M2.5
MFS-713	2.2.M1.1
MFS-715	2.2.M1.1
MFS-719	2.2.M1.1
MFS-71	2.2.M1.1
MFS-720	2.2.M1.1
MFS-723	2.2.M1.1
MFS-724	2.2.M1.1
MFS-732	2.2.M4.4
MFS-733	2.2.M4.4
MFS-734	2.2.M1.1
MFS-735	2.2.M1.1
MFS-738	2.2.M4.4
MFS-739	2.2.M4.8
MFS-740	2.2.M4.8
MFS-74	2.2.M1.1
MFS-753	2.2.M1.1
MFS-756	2.2.M4.4
MFS-757	2.2.M4.8
MFS-758	2.2.M1.1
MFS-759	2.2.M1.1
MFS-75	2.2.M1.1
MFS-761	2.2.M1.1
MFS-762	2.2.M1.1
MFS-763	2.2.M1.1
MFS-765	2.2.M4.4
MFS-766	2.2.M1.1
MFS-768	2.2.M1.1
MFS-76	2.2.M4.8
MFS-770	2.2.M1.1
MFS-771	2.2.M4.4
MFS-772	2.2.M1.1
MFS-777	2.2.M1.4
MFS-778	2.2.M1.1
MFS-77	2.2.M4.8
MFS-780	2.2.M1.1
MFS-789	2.2.M1.1
MFS-791	2.2.M1.1
MFS-7	2.2.M1.1
MFS-801	2.2.M1.1
MFS-805	2.2.M4.8
MFS-806	2.2.M1.1
MFS-807	2.2.M1.1
MFS-809	2.2.M1.1
MFS-80	2.2.M1.1
MFS-811	2.2.M1.1
MFS-812	2.2.M2.5
MFS-817	2.2.M1.1
MFS-820	2.2.M4.4
MFS-821	2.2.M4.4
MFS-822	2.2.M1.1
MFS-824	2.2.M1.1
MFS-825	2.2.M1.1
MFS-826	2.2.M1.1
MFS-830	2.2.M1.1
MFS-832	2.2.M1.1
MFS-835	2.2.M1.1
MFS-836	2.2.M1.1
MFS-837	2.2.M1.1
MFS-838	2.2.M1.1
MFS-842	2.2.M1.1
MFS-843	2.2.M1.1
MFS-846	2.2.M4.4
MFS-847	2.2.M4.4
MFS-856	2.2.M1.1
MFS-857	2.2.M1.1
MFS-858	2.2.M2.5
MFS-859	2.2.M2.5
MFS-860	2.2.M1.1
MFS-861	2.2.M1.1
MFS-864	2.2.M4.8
MFS-865	2.2.M4.8
MFS-866	2.2.M1.1
MFS-867	2.2.M1.1
MFS-868	2.2.M1.1
MFS-869	2.2.M1.1
MFS-86	2.2.M4.4
MFS-871	2.2.M4.4
MFS-872	2.2.M4.4
MFS-87	2.2.M4.4
MFS-880	2.2.M4.3
MFS-881	2.2.M1.4
MFS-882	2.2.M4.3
MFS-885	2.2.M1.1
MFS-886	2.2.M1.1
MFS-887	2.2.M1.1
MFS-88	2.2.M1.1
MFS-890	2.2.M1.1
MFS-891	2.2.M1.1
MFS-893	2.2.M1.1
MFS-89	2.2.M1.1
MFS-8	2.2.M1.1
MFS-93	2.2.M1.1
MFS-94	2.2.M1.1
MFS-97	2.2.M1.1
