covariate,coef,exp(coef),se(coef),coef_transformed,se_transformed,imp_num,pval,OR,OR_lower,OR_upper,Indel
RIF_pred_MIC_high,1.3498706576325008,3.856926634411291,0.4850848640978354,2.818563101289926,1.0128691154294471,1,0.005390006372899681,16.752761348153975,2.3010743302701653,121.96694782790891,espR_c.-145_-144insG
smoked_substance_use,0.2097167445187083,1.2333286633706964,0.26697901754251996,0.4297188928974973,0.5470518251106973,1,0.4321500951912568,1.536825450272315,0.5259847905343735,4.4903056269083415,espR_c.-145_-144insG
screen_years,-0.06825436293065888,0.9340228625661534,0.2621123164717953,-0.0053471084525040825,0.020534115662842245,1,0.7945543139178851,0.9946671618855527,0.9554305182756903,1.0355151358562515,espR_c.-145_-144insG
Indel_Change,-0.2675785925278687,0.7652301868846437,2.0143091321131767,-5.543429188719563,41.73046854223804,1,0.8943207958273793,0.003913085097070511,1.178908422056268e-38,1.298848552647329e+33,espR_c.-145_-144insG
Lineage_2,1.2337071059357558,3.4339359340408873,0.5029757534242177,2.465281750886101,1.0050821139709656,1,0.014174271946458586,11.766796990457731,1.641084011323367,84.3695450441889,espR_c.-145_-144insG
HIV_High_CD4,0.016040778783208597,1.0161701227423454,0.231362935654406,0.04130106949470486,0.5957027905630267,1,0.9447256170982589,1.0421658226554096,0.32424530174451677,3.3496540923415044,espR_c.-145_-144insG
bl_prevtb,0.1734907598929005,1.1894496960762497,0.23090457802191472,0.35549024680989283,0.47313370165199,1,0.45244046846251296,1.4268800062110918,0.5644887818550687,3.606779474756152,espR_c.-145_-144insG
peth_value_baseline,-0.19951242690653598,0.8191300414972089,0.3296784489247742,-0.0006023540718620486,0.0009953422911748292,1,0.5450641929882643,0.999397827306932,0.9974500675002995,1.0013493905804125,espR_c.-145_-144insG
high_lung_involvement,0.24767027387221968,1.2810374710247434,0.2618143505938549,0.502660274998535,0.5313664470527786,1,0.3441604734412915,1.6531131619051687,0.583448656264912,4.68384509368601,espR_c.-145_-144insG
underweight,0.2833404628830748,1.3275570687911034,0.2513029263051126,0.5708670288744275,0.5063186296355077,1,0.25953717124229214,1.769800854854869,0.656062480497413,4.774232880182781,espR_c.-145_-144insG
screen_sex,0.0629162935764844,1.0649376933747376,0.23998601997914237,0.1299125336118767,0.495534465154407,1,0.7931930837254465,1.138728778475342,0.43114226109714054,3.0075994583045156,espR_c.-145_-144insG
diabetes,0.031941860514407255,1.0324574770135184,0.2400666332591517,0.1478740703683676,1.1113826698870257,1,0.8941505599902346,1.1593668885246116,0.13128353102632448,10.2383868844731,espR_c.-145_-144insG
fstrom1_baseline,-0.23615964210417784,0.7896546017476593,0.22819540440277256,-0.5104504600499045,0.49323605049877645,1,0.3007151682786007,0.6002251404592767,0.22828159303684345,1.5781833937930014,espR_c.-145_-144insG
HIV_Low_CD4,0.26057585352782614,1.2976771435085372,0.1833570518252009,1.1647524591381617,0.8195908182678947,1,0.15527635998773778,3.2051293845050473,0.6429964815251316,15.976532790741533,espR_c.-145_-144insG
smear_pos_no_contam_sputum_specimen_1,0.5330121328723617,1.7040574333766403,0.4185522558563507,1.406729496654767,1.1046461569862924,1,0.2028526743304978,4.0825814499219915,0.46844471586039704,35.580444673463404,espR_c.-145_-144insG
TTP_baseline,0.15898925982541398,1.1723253556341116,0.28128681204901274,0.4857440704437669,0.8593876164772094,1,0.5719233419471492,1.6253839591801447,0.3016087272953616,8.759272446957304,espR_c.-145_-144insG
RIF_pred_MIC_high,1.352957808445209,3.8688519467529323,0.4859566237947542,2.8250091480423443,1.014689371096932,1,0.005367444852751202,16.861099231433247,2.3077073100398593,123.19442160424074,phoT
smoked_substance_use,0.2141801249499529,1.2388457817319185,0.26710292696842614,0.4388645569783341,0.5473057210093875,1,0.4226318414760827,1.550945208455701,0.5305532522441944,4.533816406660279,phoT
screen_years,-0.06878583148293393,0.9335265906757265,0.26258469082940494,-0.005388744179014301,0.020571121896757093,1,0.7933547887121618,0.9946257490577644,0.9553214462365499,1.0355471287554032,phoT
Indel_Change,-0.00831186263851585,0.9917225853832645,0.2375925550676068,-0.16475173579158167,4.7093879628326745,1,0.9720927519590591,0.8481042318793605,8.314017392654307e-05,8651.422701703586,phoT
Lineage_2,1.2351147535824858,3.438773109598129,0.5036746909483674,2.468094613062597,1.0064787809067441,1,0.014198283955680112,11.799941962916265,1.6412078280432585,84.83912149882947,phoT
HIV_High_CD4,0.016170164781599813,1.0163016094342967,0.23146328956583256,0.04163420669355404,0.5959611772614476,1,0.944304611419095,1.042513064694714,0.32418911768265535,3.352467528299492,phoT
bl_prevtb,0.17713104452054906,1.193787522190812,0.23106960900798854,0.36294935115377785,0.47347185744776193,1,0.44333718099944686,1.4375630464876081,0.5683383010404932,3.636192579038398,phoT
peth_value_baseline,-0.20144615367024626,0.8175475983124781,0.3308483158521699,-0.0006081922454938854,0.0009988742722056832,1,0.5426055223190964,0.9993919926659208,0.9974373393912616,1.0013504764262389,phoT
high_lung_involvement,0.2530538498316842,1.2879526309996552,0.26159176484672325,0.5135865348598865,0.530914697187465,1,0.333363258031223,1.6712745431981995,0.5903810220182563,4.73111176438862,phoT
underweight,0.28105566396207,1.3245273303223626,0.25125086544584263,0.5662636751622973,0.5062137387641168,1,0.26329987385273534,1.7616725585851423,0.6531836026591139,4.751329015360453,phoT
screen_sex,0.060929196369985034,1.0628236597499068,0.23971757880361463,0.12580948147776466,0.49498017514054654,1,0.7993636481975186,1.1340660871049129,0.42984360968361457,2.992032127377868,phoT
diabetes,0.032713724463056586,1.0332547013533215,0.24017652553775612,0.1514473958421889,1.11189141353181,1,0.8916576400649512,1.1635170943629587,0.13162218050798774,10.285287963244656,phoT
fstrom1_baseline,-0.2364864412358772,0.7893965854715096,0.22924891190442195,-0.5111568244635423,0.4955131685706515,1,0.30227331161296855,0.5998013124860069,0.22710455138924632,1.5841233135100063,phoT
HIV_Low_CD4,0.26178215553183914,1.29924347859395,0.18344313751895494,1.170144529073327,0.8199756141810199,1,0.15356607046404092,3.222458343791977,0.6459855506125115,16.07503103997975,phoT
smear_pos_no_contam_sputum_specimen_1,0.5330643215792105,1.704146368251162,0.41927158932836806,1.4068672334693508,1.1065446271159776,1,0.20358432783232105,4.083143810414165,0.46676919016543533,35.71800308973795,phoT
TTP_baseline,0.15978962519856638,1.1732640198418862,0.2860073882371674,0.4881893471538051,0.8738099233361263,1,0.5763729294313518,1.6293633360763702,0.293920301443511,9.032465154368223,phoT
RIF_pred_MIC_high,1.3476855151667497,3.8485079016502315,0.48385133800752844,2.814000470129523,1.0102934826434768,1,0.005347331638553246,16.67649878846995,2.3021918107068644,120.80036535116075,moaE2
smoked_substance_use,0.20525333117103764,1.2278360747179322,0.2672882393422054,0.4205731613694464,0.5476854342663493,1,0.4425406130744609,1.5228341352286712,0.5205493594176013,4.45495467713612,moaE2
screen_years,-0.08109468029660621,0.9221063820056807,0.2643078197514918,-0.006353030514805708,0.02070611337317605,1,0.7589810897120657,0.9936671073155707,0.9541482063935502,1.0348228016829066,moaE2
Indel_Change,0.6113937522529935,1.8429982925816522,8.11883576009688,7.229544330132799,96.00275243309936,1,0.939971570485194,1379.5937215514145,2.6427749725355228e-79,7.201819512911182e+84,moaE2
Lineage_2,1.234589697399574,3.4369680344397096,0.5019451875024247,2.4670454082556423,1.0030227634591158,1,0.013908783961787909,11.787567899685445,1.650629806846,84.1780249050465,moaE2
HIV_High_CD4,0.013356708887751685,1.0134463081967902,0.23132499700912804,0.03439024809512584,0.595605107860314,1,0.9539557191755544,1.0349884301906835,0.32207388207490145,3.325948207062183,moaE2
bl_prevtb,0.17443156869661594,1.1905692673905897,0.230665313166673,0.3574180056948051,0.4726434373722363,1,0.44952290250103244,1.4296333398497876,0.5661217549931237,3.610268406722654,moaE2
peth_value_baseline,-0.19695849087130746,0.821224720927806,0.3317573968098753,-0.0005946434054441828,0.0010016189063370832,1,0.5527246307899756,0.9994055333599066,0.9974454879450044,1.0013694303918392,moaE2
high_lung_involvement,0.25854530435202644,1.2950448196902626,0.26150398603909286,0.5247317401208187,0.5307365453289772,1,0.32281684249482434,1.690005426912777,0.5972062343908113,4.78246571874465,moaE2
underweight,0.2733947350251129,1.3144189896475156,0.25097766514393594,0.5508286338831293,0.5056633018690467,1,0.2760132443119896,1.7346898452657549,0.6438733549095764,4.673510460284109,moaE2
screen_sex,0.06727211841719395,1.0695864927610523,0.24019344311649965,0.13890664640617567,0.4959627622420454,1,0.7794201567162102,1.1490168301462107,0.43467245642280833,3.0373207606120816,moaE2
diabetes,0.029069293566463886,1.0294959294481865,0.24016926933475755,0.13457559118909657,1.1118578211156032,1,0.9036619738466076,1.144051135919659,0.12942862680690229,10.112546458147714,moaE2
fstrom1_baseline,-0.24127825264817254,0.785622994293649,0.22759661371451842,-0.5215141502033888,0.49194178624782503,1,0.28909294705054633,0.5936210357317415,0.2263433162911848,1.5568647656018704,moaE2
HIV_Low_CD4,0.2613164799691755,1.2986385935070512,0.18300487976147237,1.1680629979205754,0.8180166383440294,1,0.1533146470924591,3.21575767260821,0.6471221861589583,15.980131156248744,moaE2
smear_pos_no_contam_sputum_specimen_1,0.5280753591195778,1.695665618655221,0.4196783290028348,1.3937003274707043,1.10761809742227,1,0.20828834826404574,4.029733833383862,0.4596953681175017,35.32503456455936,moaE2
TTP_baseline,0.15924112333280005,1.1726206587964632,0.28090683349605927,0.4865135639643248,0.8582267058018869,1,0.5707941226580339,1.626635162940007,0.3025284761290876,8.74609222631938,moaE2
RIF_pred_MIC_high,1.3332926375864507,3.793513511676166,0.4960277016661302,2.7839477880893315,1.0357180291524106,1,0.007189434096252529,16.18278120011096,2.1254376897449174,123.21340147219007,Rv0888
smoked_substance_use,0.2210375851045827,1.2473703122266717,0.2696954739471816,0.45291579638937385,0.5526179645312497,1,0.41245437671092167,1.5728917377744775,0.5324876834690122,4.646095103349348,Rv0888
screen_years,-0.06852998942902505,0.9337654565907337,0.2631376385888198,-0.005368701281385148,0.020614440323758806,1,0.7945290144618151,0.9946456844396128,0.9552594864225257,1.035655810422127,Rv0888
Indel_Change,0.04470961937589872,1.0457241577826697,0.259660323834448,1.0318383799479234,5.992613930113652,1,0.8632920702979756,2.8062199941625052,2.2243313834591253e-05,354033.1586470245,Rv0888
Lineage_2,1.2201402445917284,3.387662801694229,0.5096834686373446,2.4381714784986657,1.0184859501209729,1,0.0166694915833632,11.45208120942949,1.5557779306838477,84.29876876433156,Rv0888
HIV_High_CD4,0.010412404097547939,1.010466801816833,0.23359171038605075,0.026809385694536496,0.6014413386300357,1,0.9644458870321694,1.0271719904262193,0.31600603204295236,3.3388042978013504,Rv0888
bl_prevtb,0.17383443048784156,1.1898585452116415,0.23138292557321632,0.3561944430719434,0.4741138569592703,1,0.45248139057282777,1.4278851636503787,0.5638022885604755,3.6162606678638425,Rv0888
peth_value_baseline,-0.20367859740014263,0.8157245050364719,0.3327494561590698,-0.0006149322846571398,0.0010046140630688293,1,0.5404663182667842,0.999385256747451,0.9974193958319385,1.0013549922709322,Rv0888
high_lung_involvement,0.25351010674798163,1.2885404023725928,0.26177489663716424,0.5145125330567245,0.5312863731044204,1,0.33283072390906043,1.6728228571689585,0.5904976496020213,4.73894572375168,Rv0888
underweight,0.27520598160824644,1.3168018839044144,0.25314644476016696,0.5544778866052832,0.5100329028896823,1,0.2769743216732605,1.7410317314404462,0.6407164766761841,4.730940439689163,Rv0888
screen_sex,0.05503891343240538,1.0565817290972332,0.24204584256846806,0.11364694715457639,0.49978768409275676,1,0.8201201444160247,1.1203565099980382,0.42066482035007047,2.9838452106606574,Rv0888
diabetes,0.0321717223607825,1.032694826873282,0.24030662266793512,0.14893821022429632,1.112493695048071,1,0.8934992039769144,1.1606012737010822,0.13113743742470443,10.271630611128744,Rv0888
fstrom1_baseline,-0.2363853237977648,0.7894764112677091,0.228488084726585,-0.5109382628060819,0.4938686683525574,1,0.30087302983518194,0.5999324203820684,0.2278875289377725,1.5793708006012344,Rv0888
HIV_Low_CD4,0.25995949998251905,1.2968775620382216,0.18350735051797745,1.1619974098967387,0.8202626409623104,1,0.1565951465300752,3.196311248003432,0.6403836531062281,15.953570245832836,Rv0888
smear_pos_no_contam_sputum_specimen_1,0.529618585924878,1.698284435485184,0.4190803211539981,1.39777322287619,1.1060398307594528,1,0.2063147778438662,4.046179986795803,0.46300148809216435,35.35965414065358,Rv0888
TTP_baseline,0.16285177306252624,1.1768622340744903,0.28259538934095785,0.4975448229222556,0.8633855825094916,1,0.5644314343637503,1.6446783331234147,0.302806944449823,8.932974850891647,Rv0888
RIF_pred_MIC_high,1.3429983759227244,3.830511617724878,0.481836671262303,2.8042136082186286,1.006086808976351,1,0.005315775402138024,16.514084258332044,2.2986447205062808,118.64163977077071,espK
smoked_substance_use,0.19519145221944068,1.2155436827498018,0.26783458693005785,0.3999559259957437,0.5488049246586304,1,0.4661386186154224,1.4917589484021236,0.5088093142201995,4.373632121000712,espK
screen_years,-0.08407406266221862,0.919363163090177,0.2626839061344697,-0.0065864380208810695,0.02057889451338628,1,0.748924429699052,0.9934352050191042,0.9541634126575798,1.03432335958319,espK
Indel_Change,5.846873281260429,346.15037181251256,16.60685603055835,279.08310328676885,792.6788719193348,1,0.7247813643872751,1.600485522040975e+121,0.0,inf,espK
Lineage_2,1.2288531475064006,3.4173081397263254,0.4996002839940155,2.4555822240876615,0.9983370096046907,1,0.013906379775454808,11.653216357392619,1.646871851312163,82.45781319536474,espK
HIV_High_CD4,0.014894579124507625,1.0150060561482857,0.231484954940925,0.03834988661271348,0.5960169602863502,1,0.9486966245846037,1.0390947346195774,0.32309079708898936,3.341840365749388,espK
bl_prevtb,0.17850818945068536,1.1954326731703162,0.23083396275197068,0.36577118207670056,0.47298900783799985,1,0.43933386970762267,1.4416253351962105,0.5704839528085592,3.6430185228663348,espK
peth_value_baseline,-0.19273537574385502,0.8247001809383523,0.33118200781371776,-0.0005818932693629108,0.000999881731815606,1,0.5605922117605087,0.9994182759976923,0.9974616017427633,1.001378788569939,espK
high_lung_involvement,0.25792971915301516,1.2942478545923315,0.2615262523624916,0.5234823765190338,0.5307817360418868,1,0.32401147549553466,1.6878953140691393,0.5964077450896554,4.776917494302965,espK
underweight,0.27152588590628024,1.311964832815634,0.2509298024754064,0.5470633250633902,0.5055668694036677,1,0.279217397531617,1.7281704836990466,0.641574780281008,4.655066427985971,espK
screen_sex,0.06381022507660242,1.065890100354385,0.24018912997636838,0.1317583655808979,0.4959538562666545,1,0.7904960028160258,1.1408326215317488,0.4315839080519839,3.015633915141799,espK
diabetes,0.025736870087904335,1.026070922997338,0.24017942513013704,0.11914821732828314,1.1119048371245774,1,0.9146645487676025,1.1265368782011707,0.12743546266987613,9.958651315409954,espK
fstrom1_baseline,-0.24861746627076076,0.7798782460652026,0.22897767641767267,-0.5373775929858862,0.49492690295066905,1,0.2775800383255629,0.584278461016477,0.22148143725000405,1.5413540938080426,espK
HIV_Low_CD4,0.26311700872790406,1.3009789359365167,0.18296847321539686,1.1761112121779034,0.8178539041017883,1,0.1504211148687491,3.241743207668987,0.6525594815495962,16.104124331337765,espK
smear_pos_no_contam_sputum_specimen_1,0.5373623608872835,1.7114866193727531,0.4240217268396255,1.4182106500626386,1.1190812245743553,1,0.20504835540774036,4.129724303162886,0.4606354886245741,37.02411829157607,espK
TTP_baseline,0.1529256434847516,1.1652383326595694,0.2824104287672086,0.4672185066028069,0.8628204908670548,1,0.588162030672527,1.5955500035407812,0.29408731068294086,8.656544234727699,espK
RIF_pred_MIC_high,1.350027965206897,3.8575334059083994,0.4856573246425457,2.8188915633705256,1.0140644271129344,1,0.005439316793439993,16.758264898806548,2.296443928059602,122.2931851229083,ceoC
smoked_substance_use,0.2151001820520418,1.2399861150972582,0.2665854054598528,0.4407497947080131,0.5462452965295723,1,0.4197404854115895,1.5538718667358442,0.5326603429439579,4.53294075712179,ceoC
screen_years,-0.06549002180511637,0.9366083923740703,0.2633574817612462,-0.005130547471442556,0.02063166303649148,1,0.8036133634594939,0.9948825913079219,0.9554547594241993,1.0359374535787116,ceoC
Indel_Change,0.0469600349782077,1.0480801216977425,0.24030326901738844,1.0659221499084672,5.454522707657991,1,0.8450642579493687,2.903515226221848,6.607329446218645e-05,127591.65011405289,ceoC
Lineage_2,1.2325913248348692,3.4301065499984884,0.5037687093049263,2.4630521173103803,1.006666655109266,1,0.014415457011086128,11.740590571022045,1.6323516887094094,84.44348599005258,ceoC
HIV_High_CD4,0.01776711443098171,1.0179258885339255,0.2316621660216036,0.04574596020253631,0.5964732353374095,1,0.9388669219174036,1.0468084461698988,0.3251983097798676,3.3696605733111267,ceoC
bl_prevtb,0.1793005932343064,1.1963803139510851,0.23121060389947518,0.3673948525061022,0.4737607622217364,1,0.43805251742298856,1.4439679609346576,0.5705473140650034,3.654461989051166,ceoC
peth_value_baseline,-0.19934146970134675,0.8192700896505692,0.33006917287728943,-0.0006018379297336782,0.0009965219378134911,1,0.5458845540692144,0.9993983431383868,0.9974482761585921,1.001352222607828,ceoC
high_lung_involvement,0.2564199203510985,1.2922952751040784,0.26268281780739233,0.5204181578338498,0.5331290484403362,1,0.32898619873811963,1.682731149814151,0.5918538342303273,4.784262530354593,ceoC
underweight,0.287166219484578,1.332645706749418,0.25354317111677643,0.5785750642255172,0.5108322168816527,1,0.25737692656688815,1.783495253058248,0.6553160222359233,4.853925754521151,ceoC
screen_sex,0.057961046773684195,1.0596737171962,0.24002023927541632,0.11968070604814156,0.4956051227730406,1,0.8091800179797322,1.1271369061211889,0.42669428381472446,2.9773954171180876,ceoC
diabetes,0.0321982439302665,1.0327222159240874,0.24020585067738,0.14906099118849178,1.1120271735561313,1,0.8933674822159572,1.1607437821929998,0.131273516685791,10.263502966288273,ceoC
fstrom1_baseline,-0.2391723515871769,0.7872791818623793,0.22855448667137104,-0.5169623218053316,0.4940121937363285,1,0.2953502713824626,0.5963292558204252,0.22645513583729907,1.5703268553945966,ceoC
HIV_Low_CD4,0.26290356164359713,1.3007012754098652,0.1835070014962103,1.1751571214094132,0.820261080863951,1,0.1519543701542579,3.238651765393511,0.6488685955256422,16.16485268329187,ceoC
smear_pos_no_contam_sputum_specimen_1,0.5327745162482218,1.7036525691051263,0.4186255126647011,1.4061023771326056,1.1048394968875475,1,0.20313314490821854,4.080021986022702,0.4679736699375731,35.571615404450526,ceoC
TTP_baseline,0.16232447236822184,1.17624183738354,0.2831894040896266,0.4959338135630039,0.8652004166828116,1,0.5665085529775595,1.6420308740490583,0.3012460692050617,8.950375347453695,ceoC
RIF_pred_MIC_high,1.3476213572818612,3.8482609974437954,0.48392362496917785,2.8138665068894295,1.0104444195955895,1,0.005356387284008564,16.67426490029162,2.3012025545533983,120.81992061713817,Rv3705A
smoked_substance_use,0.20591096587374993,1.2286438078974826,0.2672644620961237,0.42192068398634114,0.5476367136365978,1,0.4410395243751215,1.524887571883116,0.5213010612921932,4.460535915886515,Rv3705A
screen_years,-0.08118262641612209,0.9220252898935231,0.2643043458639797,-0.006359920293258493,0.020705841225690066,1,0.7587247476040343,0.9936602611929296,0.9541421414850302,1.0348151200378481,Rv3705A
Indel_Change,0.3975660199947558,1.4881980415505247,2.363748437131818,4.681552582345993,27.83440244721301,1,0.8664314213624709,107.93752444127261,2.1902119073271863e-22,5.319352498967965e+25,Rv3705A
Lineage_2,1.2342026179214651,3.435637912094801,0.5019830544030517,2.466271918365754,1.0030984318074856,1,0.013945897088566219,11.778453860351707,1.6491089620943964,84.1254147113736,Rv3705A
HIV_High_CD4,0.01332922027875023,1.0134184503503685,0.23132853413746757,0.03431947167173483,0.5956142150978949,1,0.9540510769150744,1.0349151800035674,0.32204533912935657,3.3257721807040506,Rv3705A
bl_prevtb,0.17464465536886067,1.190822988865227,0.23069332355652353,0.35785462971878734,0.4727008319009556,1,0.4490243879319079,1.430257688404322,0.5663052833732578,3.612251404497975,Rv3705A
peth_value_baseline,-0.19673531686300735,0.8214080173932332,0.3316096450809229,-0.0005939696139680443,0.0010011728245719565,1,0.5529979245626124,0.999406206751063,0.9974470320872406,1.0013692296045535,Rv3705A
high_lung_involvement,0.2587986140736432,1.2953729086853314,0.2615532855524138,0.525245845961366,0.530836601369356,1,0.3224342043882673,1.690874491949874,0.5973961759365005,4.785863490078055,Rv3705A
underweight,0.2729019403436159,1.313771410535035,0.2509905530794399,0.5498357639174041,0.5056892681478289,1,0.2769044035425321,1.7329683785562555,0.6432016543746747,4.6691101937472625,Rv3705A
screen_sex,0.06700380011560383,1.0692995416287527,0.24015599463821058,0.13835261010822317,0.49588543685591896,1,0.7802439376471556,1.1483804094317192,0.4344975440779856,3.0351784095006593,Rv3705A
diabetes,0.029300563171597314,1.0297340480990183,0.24015787558598767,0.13564624823013335,1.1118050740313625,1,0.9028947235118094,1.1452766782743424,0.12958067035277768,10.122332800317965,Rv3705A
fstrom1_baseline,-0.24087198294753034,0.7859422339566685,0.22759677905175932,-0.5206360130511244,0.49194214361824584,1,0.28990605410094517,0.5941425453625618,0.2265420053838292,1.5582335982759936,Rv3705A
HIV_Low_CD4,0.2607069228697488,1.2978472403447616,0.18305498835542566,1.1653383282286978,0.8182406196041534,1,0.15438857154350819,3.2070077209184937,0.6450781434538135,15.9436474889142,Rv3705A
smear_pos_no_contam_sputum_specimen_1,0.5303260871875235,1.6994863990128402,0.4200228965964726,1.3996404653528678,1.10852748272078,1,0.20672853534787627,4.053742244022177,0.46161065714478566,35.598888211577275,Rv3705A
TTP_baseline,0.15918124132761904,1.1725504420224795,0.28096560135205595,0.4863306124305237,0.8584062533865126,1,0.5710195183925773,1.6263375947631196,0.3023667095175728,8.747570049493723,Rv3705A
Indel_2,-1.4825766292395708,0.227051905456689,1.4348345394088868,-151.22808692109479,146.3582240294798,1,0.30147588495842637,2.101243298644387e-66,5.522429563340099e-191,7.995074177872149e+58,Rv0759c
RIF_pred_MIC_high,1.3619283718795976,3.9037138602821186,0.4867364426948659,2.8437399049122605,1.0163176521215735,1,0.005140709497509458,17.179896720269117,2.3438477344558746,125.92492548908363,Rv0759c
smoked_substance_use,0.1862702276577864,1.2047477725632543,0.2681220672585663,0.38167594195955223,0.5493939845774269,1,0.4872297044473174,1.4647373483011097,0.4990163186124594,4.299369418366348,Rv0759c
screen_years,-0.09795695039603369,0.9066879354703079,0.26753138519701497,-0.007674035987652265,0.020958650402324912,1,0.714252218793723,0.992355334249079,0.9524170751885156,1.0339683475516037,Rv0759c
Lineage_2,1.2466654014359537,3.4787234488132586,0.5103604475760966,2.4911759434910765,1.01983873784134,1,0.014577221673095216,12.075467842288687,1.6361219014333575,89.12350814594085,Rv0759c
HIV_High_CD4,0.013638165847254925,1.0137315898586863,0.23246411521779303,0.0351149307056971,0.5985380577460143,1,0.9532166808836141,1.0357387401436366,0.32045990692220033,3.347547429996493,Rv0759c
bl_prevtb,0.17386720214573018,1.189897539487771,0.232353390554077,0.35626159364963633,0.4761023826639216,1,0.45428659541431304,1.427981050183379,0.5616468938421314,3.6306261140936487,Rv0759c
peth_value_baseline,-0.18957501856439407,0.8273106509120954,0.32849837337515697,-0.0005723517383159322,0.0009917794889803084,1,0.5638747681839784,0.9994278120236957,0.9974869591700393,1.0013724412773992,Rv0759c
high_lung_involvement,0.2632041189688122,1.3010922694612261,0.26364684602273414,0.534187057466044,0.5350855960722093,1,0.31812384535345495,1.7060607490061064,0.5977626922573749,4.869228737423544,Rv0759c
underweight,0.291086041036918,1.3378796915539082,0.253289957419337,0.5864726192041921,0.5103220484798061,1,0.25046502177261154,1.7976362711077467,0.6611726908235683,4.8875221376384355,Rv0759c
Indel_1,0.21811553876500164,1.2437307584337964,0.5407409866240235,3.9347743659741146,9.75489313987915,1,0.686680341830614,51.15060733704253,2.543728173507017e-07,10285629801.949749,Rv0759c
diabetes,0.003400931693225276,1.0034067214230475,0.24261971808284544,0.015744530982945426,1.1232021143024509,1,0.9888159872185545,1.0158691291653337,0.11240002035715321,9.181404810354701,Rv0759c
TTP_baseline,0.20006360692914993,1.221480450309725,0.2862588931143554,0.6112344373710531,0.8745783211695137,1,0.48462049550480457,1.8427046989137945,0.33190464214368515,10.230530629122686,Rv0759c
fstrom1_baseline,-0.24239656450417724,0.7847449138601723,0.22969292954794085,-0.5239313405255398,0.4964728965257968,1,0.29128492456064836,0.5921878735198675,0.223800480294994,1.5669603437925537,Rv0759c
HIV_Low_CD4,0.2715554681197363,1.3120036442134257,0.18414373553286853,1.2138304259688486,0.8231072292118272,1,0.14029511299809544,3.3663545601266054,0.6707021711771605,16.896237274132574,Rv0759c
smear_pos_no_contam_sputum_specimen_1,0.5481744751812758,1.7300918077777927,0.4216769081146187,1.4467460607231757,1.1128927619459343,1,0.193605443948495,4.249265144132396,0.4797531053109814,37.636555272392116,Rv0759c
screen_sex,0.056723114801533324,1.0583627248487282,0.24353063029972524,0.11712456566225309,0.5028535439055087,1,0.8158236540578885,1.1242594650933682,0.4196013144280614,3.012286428546747,Rv0759c
Indel_2,0.3754382961904059,1.4556292715872305,0.23308165278578835,57.83211587076752,35.90364991540833,1,0.10723232958576855,1.3066786629436953e+25,3.5886126559395777e-06,4.7578529417666394e+55,htrA
RIF_pred_MIC_high,1.2837784484089896,3.610255149608141,0.4783500915387035,2.6805609444559946,0.9988067448434818,1,0.007279861378465324,14.593277018197519,2.060473265701777,103.3567082256311,htrA
smoked_substance_use,0.2585380697529443,1.2950354505940898,0.27951505416774175,0.5297559494405576,0.5727387190793962,1,0.35499076184131106,1.6985177338288397,0.5527821415438384,5.21898642397127,htrA
screen_years,-0.0644887772111099,0.937546636090979,0.27457198989817433,-0.005052109065430694,0.021510217735047008,1,0.8143094823377116,0.9949606313731822,0.9538857619136869,1.037804208332546,htrA
Lineage_2,1.0990894810746024,3.001431918842705,0.5005943854291494,2.196279187537719,1.0003234941720356,1,0.028122811867017903,8.991495512474785,1.2657706751867897,63.87175270822541,htrA
HIV_High_CD4,-0.03364292127060115,0.9669167083910467,0.23524128750104392,-0.08662226742111125,0.6056885949499424,1,0.8862787088883513,0.9170234198413444,0.2797804475264256,3.005685207713049,htrA
bl_prevtb,0.18031851946649333,1.1975987608956715,0.23489092006308948,0.36948062841565377,0.48130189295486214,1,0.4426837521971627,1.4469828976699148,0.5633502404970583,3.7166213052502552,htrA
peth_value_baseline,-0.19222641313792616,0.8251200293260542,0.32460481870323954,-0.0005803566447883905,0.0009800243389527581,1,0.5537260763156497,0.9994198117295553,0.9975019562640159,1.00134135457592,htrA
high_lung_involvement,0.2780268837006108,1.3205216972418659,0.2665233840118109,0.5642706637052352,0.5409236861830115,1,0.29687358694097055,1.7581650214341766,0.6090101896747877,5.075685587863995,htrA
underweight,0.24284531655363809,1.27487140736281,0.2599989901074288,0.4892784564774788,0.5238392338415483,1,0.35029147378891823,1.6311388575703456,0.584249258015917,4.553902185021529,htrA
Indel_1,0.10119419872786607,1.1064915001418587,0.25642715085143913,22.234557718595102,56.342600246818,1,0.6931149562426806,4532582573.845421,4.982386864440256e-39,4.123386109447521e+57,htrA
diabetes,0.03217247983026652,1.032695609108396,0.2432755103142146,0.14894171691094443,1.1262380885696597,1,0.8947888507950723,1.1606053435732084,0.12765239481201027,10.55213077290385,htrA
TTP_baseline,0.06282333150919259,1.064838699166649,0.2866057247164444,0.19193787554972602,0.8756379612630789,1,0.8264960039923137,1.2115952449382617,0.21777758440683462,6.740652586239891,htrA
fstrom1_baseline,-0.21909122907031803,0.8032484352029317,0.24024688588899257,-0.4735577073008461,0.5192848885394871,1,0.3617992429204927,0.6227826438779613,0.22507144664151035,1.7232671105251167,htrA
HIV_Low_CD4,0.25149093124598054,1.2859412381262505,0.1825240816978644,1.1241436098315287,0.8158675108659669,1,0.16824939301022845,3.077580110691355,0.6219302519730615,15.229198624242613,htrA
smear_pos_no_contam_sputum_specimen_1,0.4745837721996062,1.6073450365447153,0.41963341405333743,1.2525249423294886,1.107499557560976,1,0.25807677615452007,3.4991670075603536,0.3992632507296858,30.666908923928414,htrA
screen_sex,0.08776925091976726,1.0917361758427075,0.23941877889665839,0.18123009338339727,0.49436319898462455,1,0.7139226226214632,1.1986909584227776,0.45488803287461854,3.1587113970099994,htrA
