covariate,coef_pooled,V_w,V_b,V_t,se_pooled,riv,wald_stat,dof_old,lambda,dof_observed,dof_adj,pval,t_critical,coef_lower,coef_upper,HR_TCC_assoc,HR_TCC_assoc_lower,HR_TCC_assoc_upper
HIV_High_CD4,-0.07001839874785389,0.03409121233339142,0.010757024470096112,0.04520680428582407,0.21261891798667415,0.3260544636467864,-0.3293140582732261,479.66764097826615,0.24588316135228944,267.7240463339147,171.82230404511478,0.7423193989064443,1.9738666322503906,-0.4896997863469324,0.34966298885122465,1.0725279142433453,0.7049256174838621,1.6318262498915561
HIV_Low_CD4,-0.012949141187599792,0.06746294521719355,0.11448805247221602,0.18576726610515013,0.43100726920221444,1.7536192721364563,-0.030043904390680894,71.50479462597733,0.6368415887705027,128.9272886266587,45.99522763685134,0.9761620268300177,2.012901231337058,-0.88052420407996,0.8546259217047604,1.0130333443768045,0.4254423100530094,2.4121638411830415
NumVar1_above_3,0.004694428712151378,0.0013176365659097278,0.00034075180965924186,0.0016697467692242778,0.04086253503179016,0.26722862162788014,0.11488344295084031,652.1417452749961,0.21087640940795557,280.15202672001897,195.96701934044174,0.9086551343402548,1.9721432835338717,-0.07589234529896112,0.08528120272326388,0.9953165728961608,0.918254032557995,1.0788464250160437
NumVar1_leq_3,0.018943531122011005,0.004041545496429909,0.0015794775963971404,0.005673672346040287,0.07532378340232444,0.40383730705298615,0.2514946842331133,350.444043581528,0.28766674387699814,252.890178144601,146.89015378158985,0.8017831723865665,1.9762455742426701,-0.12991476246204617,0.16780182470606816,0.9812347699048874,0.8455213795304,1.1387313165340012
TTP_baseline,1.2477357485799487,0.06263841800566536,0.025218098568670796,0.08869711985995851,0.29782061691554956,0.416017879824747,4.189554643672498,335.9784943328193,0.2937942279911291,250.7148191593493,143.57550275576415,4.858373606633298e-05,1.9766245871114692,0.6590561946359675,1.83641530252393,0.2871542507392961,0.15938776016022757,0.5173393718234983
diabetes,0.36012118162177725,0.1012838231680596,0.020350667275500323,0.12231284601940993,0.3497325349740998,0.2076246945818486,1.029704547357731,981.0789446706351,0.17192816237808103,293.9793035530749,226.19900328997048,0.30424848979034214,1.9705069101480523,-0.3290291952482817,1.0492715584918362,0.6975917856448385,0.3501927511586434,1.389618425250329
fstrom1_baseline,0.10121278735293725,0.024868230258541714,0.007029597362344956,0.03213214753296484,0.1792544212368689,0.2920962689706526,0.5646320277879979,567.4606137803473,0.22606385916070387,274.7602289336308,185.12437622736024,0.5730075904862617,1.9728612193939168,-0.25243130871018277,0.4548568834160573,0.9037407078314591,0.6345387744718951,1.2871510770503465
screen_sex,-0.05780504011155172,0.022255019870983696,0.013385900349865034,0.03608711689917756,0.18996609407780526,0.6215270580921065,-0.30429135468709617,197.3905319046571,0.3832973708273466,218.93971173344482,103.80371547468778,0.7615151045413631,1.983081659719988,-0.4345233172458892,0.31891323702278573,1.0595084139311717,0.7269386179290316,1.5442267772057452
screen_years,-0.023911500572464398,3.461138431249039e-05,1.3058538967164955e-05,4.810520791189418e-05,0.006935791801365881,0.3898666253153648,-3.4475516649383064,368.5633383782849,0.28050650200115634,255.43218334788946,150.8711760679345,0.0007332371237457192,1.9758125518083243,-0.03761532507033237,-0.010207676074596422,1.270124599784608,1.1074684785718427,1.4566703524224611
