Region,Start,End
NC_1,1525,2051
NC_2,3261,3279
NC_3,4998,5239
NC_4,7268,7301
NC_5,9819,9913
NC_6,10829,11873
NC_7,12312,12467
NC_8,13017,13132
NC_9,13559,13713
NC_10,13996,14088
NC_11,14878,14913
NC_12,23182,23269
NC_13,23738,23860
NC_14,25445,25912
NC_15,26882,27022
NC_16,27443,27594
NC_17,29208,29244
NC_18,29608,29721
NC_19,31069,31188
NC_20,31507,31513
NC_21,31820,32056
NC_22,33155,33223
NC_23,33554,33581
NC_24,33795,34294
NC_25,38948,39055
NC_26,39830,39876
NC_27,41203,41303
NC_28,41913,42003
NC_29,42352,42432
NC_30,43366,43561
NC_31,46472,46580
NC_32,47208,47365
NC_33,48101,48232
NC_34,49028,49042
NC_35,49940,50020
NC_36,51125,51184
NC_37,51728,51827
NC_38,52698,52830
NC_39,53245,53662
NC_40,57379,57409
NC_41,57974,58191
NC_42,58483,58585
NC_43,59081,59121
NC_44,59377,59408
NC_45,59868,59895
NC_46,63021,63199
NC_47,63893,63908
NC_48,64968,65011
NC_49,65351,65551
NC_50,66695,66922
NC_51,68363,68619
NC_52,71560,71588
NC_53,72223,72273
NC_54,74512,74628
NC_55,75199,75300
NC_56,76213,76236
NC_57,78897,79485
NC_58,80194,80623
NC_59,81674,81675
NC_60,82669,82747
NC_61,83984,83995
NC_62,85169,85182
NC_63,85573,85635
NC_64,86467,86527
NC_65,87134,87207
NC_66,88005,88203
NC_67,89481,89574
NC_68,89920,89923
NC_69,92323,92327
NC_70,93279,93288
NC_71,96893,96926
NC_72,97602,97757
NC_73,98352,98479
NC_74,99251,99683
NC_75,100452,100582
NC_76,103664,103709
NC_77,104664,104804
NC_78,105216,105323
NC_79,106716,106733
NC_80,108152,108155
NC_81,109779,109782
NC_82,117540,117713
NC_83,119700,119914
NC_84,122174,122316
NC_85,123832,123979
NC_86,124265,124373
NC_87,125571,125642
NC_88,130542,130894
NC_89,131105,131381
NC_90,132873,133019
NC_91,133770,133949
NC_92,136008,136288
NC_93,137246,137318
NC_94,137910,137940
NC_95,139674,140266
NC_96,141023,141199
NC_97,143877,144048
NC_98,147772,147907
NC_99,148343,148490
NC_100,149225,149532
NC_101,150997,151147
NC_102,152216,152323
NC_103,154130,154231
NC_104,155600,155666
NC_105,156447,156577
NC_106,157601,157846
NC_107,158303,158314
NC_108,159659,159699
NC_109,160783,160868
NC_110,161475,161770
NC_111,163250,163365
NC_112,164692,164711
NC_113,165261,165322
NC_114,166850,166909
NC_115,167682,167710
NC_116,168638,168703
NC_117,170183,170283
NC_118,171127,171214
NC_119,172169,172210
NC_120,173144,173237
NC_121,174759,174832
NC_122,175694,175699
NC_123,176953,177542
NC_124,179310,179318
NC_125,180897,181154
NC_126,181986,181986
NC_127,183199,183621
NC_128,186480,186494
NC_129,186624,186784
NC_130,187430,187432
NC_131,188840,188930
NC_132,190440,190606
NC_133,191957,191983
NC_134,193573,193625
NC_135,194112,194143
NC_136,194816,194992
NC_137,196658,196860
NC_138,197659,197659
NC_139,198530,198533
NC_140,206779,206813
NC_141,209673,209702
NC_142,210813,210891
NC_143,212251,212276
NC_144,213012,213027
NC_145,214928,214968
NC_146,216225,216268
NC_147,218345,218389
NC_148,218552,218704
NC_149,219368,219485
NC_150,219918,219995
NC_151,221724,221870
NC_152,222162,222288
NC_153,223531,223563
NC_154,224665,224723
NC_155,226572,226877
NC_156,230463,230898
NC_157,231535,231646
NC_158,236508,236549
NC_159,241293,241513
NC_160,241925,241975
NC_161,243215,243383
NC_162,247319,247383
NC_163,248113,248114
NC_164,248907,249037
NC_165,251599,251781
NC_166,253603,253668
NC_167,255951,256063
NC_168,257678,257782
NC_169,258857,258912
NC_170,260832,260923
NC_171,262253,262253
NC_172,262803,262811
NC_173,264024,264066
NC_174,265477,265506
NC_175,266296,266300
NC_176,267765,267862
NC_177,268628,268662
NC_178,269818,269833
NC_179,271565,271573
NC_180,272840,273054
NC_181,274279,274305
NC_182,275964,276057
NC_183,277765,277898
NC_184,279530,279604
NC_185,281141,281165
NC_186,282615,282648
NC_187,286852,286897
NC_188,287072,287185
NC_189,288353,288427
NC_190,289043,289103
NC_191,289338,289344
NC_192,289783,289811
NC_193,290655,290664
NC_194,292030,292170
NC_195,293494,293797
NC_196,295634,296004
NC_197,296494,296808
NC_198,300804,300833
NC_199,301656,301734
NC_200,302029,302172
NC_201,302653,302865
NC_202,305428,305452
NC_203,305810,305824
NC_204,306350,306373
NC_205,307859,307876
NC_206,309548,309698
NC_207,310074,310293
NC_208,310750,310773
NC_209,312660,312758
NC_210,314169,314308
NC_211,314855,314863
NC_212,315767,315782
NC_213,316416,316510
NC_214,317504,317524
NC_215,321155,321330
NC_216,322723,322763
NC_217,323274,323337
NC_218,324532,324566
NC_219,326250,326265
NC_220,328462,328574
NC_221,330326,330421
NC_222,331659,331747
NC_223,332669,332707
NC_224,333137,333159
NC_225,333418,333436
NC_226,336311,336559
NC_227,339074,339363
NC_228,340975,340997
NC_229,341907,342129
NC_230,349933,349934
NC_231,351477,351524
NC_232,351819,351847
NC_233,352139,352148
NC_234,353037,353082
NC_235,358065,358170
NC_236,359749,359757
NC_237,361156,361333
NC_238,363110,363251
NC_239,363779,363825
NC_240,364470,364604
NC_241,366143,366149
NC_242,372765,372819
NC_243,375712,375913
NC_244,377056,377112
NC_245,377830,377930
NC_246,378588,378656
NC_247,379149,379171
NC_248,380402,380555
NC_249,382419,382489
NC_250,382877,382878
NC_251,383542,383601
NC_252,384487,384534
NC_253,385150,385172
NC_254,385944,386304
NC_255,387100,387147
NC_256,387817,387887
NC_257,388551,388581
NC_258,389155,389259
NC_259,391252,391351
NC_260,392033,392038
NC_261,392264,392272
NC_262,394046,394110
NC_263,395321,395346
NC_264,396088,396200
NC_265,397368,397441
NC_266,398228,398253
NC_267,398629,398657
NC_268,399525,399534
NC_269,400051,400191
NC_270,401704,401872
NC_271,403163,403192
NC_272,405842,405949
NC_273,408449,408633
NC_274,409174,409361
NC_275,410802,410837
NC_276,414239,414380
NC_277,414942,415049
NC_278,415461,415501
NC_279,416966,417303
NC_280,418291,418292
NC_281,418947,418948
NC_282,419609,419834
NC_283,422417,422451
NC_284,424020,424268
NC_285,424695,424776
NC_286,434680,434829
NC_287,436770,436859
NC_288,437508,437517
NC_289,438298,438301
NC_290,438740,438821
NC_291,439650,439870
NC_292,441254,441264
NC_293,442300,442394
NC_294,444198,444221
NC_295,444816,444843
NC_296,445234,445313
NC_297,446526,446530
NC_298,447047,447146
NC_299,449386,449403
NC_300,452280,452293
NC_301,453155,453229
NC_302,454373,454420
NC_303,455387,455636
NC_304,455859,455976
NC_305,456193,456267
NC_306,456820,456914
NC_307,457824,457840
NC_308,458381,458460
NC_309,459316,459455
NC_310,462003,462134
NC_311,463308,463410
NC_312,466669,466671
NC_313,467407,467458
NC_314,468002,468334
NC_315,472640,472780
NC_316,474107,474121
NC_317,474842,474939
NC_318,475345,475349
NC_319,475743,475815
NC_320,476185,476393
NC_321,476643,476678
NC_322,477321,477326
NC_323,478557,478565
NC_324,479754,479788
NC_325,480161,480354
NC_326,483657,483976
NC_327,490706,490782
NC_328,495009,495061
NC_329,499620,499712
NC_330,501019,501147
NC_331,503125,503495
NC_332,504999,505085
NC_333,506972,507131
NC_334,508556,508581
NC_335,510226,510376
NC_336,510653,510701
NC_337,515322,515372
NC_338,515817,516016
NC_339,516893,516894
NC_340,518397,518732
NC_341,519042,519072
NC_342,519568,519599
NC_343,520323,520323
NC_344,521455,521513
NC_345,522168,522346
NC_346,526083,526142
NC_347,527361,527378
NC_348,528315,528607
NC_349,530231,530295
NC_350,530725,530750
NC_351,532215,532395
NC_352,532912,533090
NC_353,533790,533832
NC_354,534397,534444
NC_355,535216,535223
NC_356,537170,537228
NC_357,538549,538587
NC_358,541911,542141
NC_359,542853,543173
NC_360,544731,544834
NC_361,545186,545374
NC_362,545822,545888
NC_363,546804,547075
NC_364,547518,547585
NC_365,549608,549674
NC_366,551690,551748
NC_367,551989,552025
NC_368,552551,552613
NC_369,554009,554015
NC_370,554310,554312
NC_371,556307,556457
NC_372,557253,557526
NC_373,558814,558894
NC_374,559756,559887
NC_375,560749,560847
NC_376,561712,561853
NC_377,562714,562722
NC_378,563428,563563
NC_379,564935,565020
NC_380,565444,565796
NC_381,566397,566507
NC_382,566772,566775
NC_383,567897,567920
NC_384,569807,569987
NC_385,570513,570538
NC_386,571649,571709
NC_387,573802,573983
NC_388,575301,575347
NC_389,577339,577663
NC_390,578270,578425
NC_391,579176,579348
NC_392,580582,580808
NC_393,584691,584694
NC_394,586315,586393
NC_395,588310,588324
NC_396,589168,589182
NC_397,590059,590082
NC_398,590971,591110
NC_399,591348,591474
NC_400,591577,591653
NC_401,592785,592790
NC_402,593868,593870
NC_403,594780,594801
NC_404,595303,595463
NC_405,596586,596758
NC_406,600392,600440
NC_407,601848,601856
NC_408,602787,602818
NC_409,604517,604601
NC_410,605592,605603
NC_411,606449,606550
NC_412,608536,608745
NC_413,610057,610187
NC_414,610884,611171
NC_415,612075,612254
NC_416,612904,613037
NC_417,614722,614834
NC_418,616832,616845
NC_419,618273,618304
NC_420,620866,620906
NC_421,622283,622328
NC_422,622647,622792
NC_423,625481,625561
NC_424,626441,626456
NC_425,628289,628297
NC_426,629732,630039
NC_427,631687,631742
NC_428,633035,633054
NC_429,634405,634415
NC_430,635505,635572
NC_431,635876,635934
NC_432,637464,637582
NC_433,637970,638031
NC_434,638917,639011
NC_435,639957,640227
NC_436,640905,641095
NC_437,642812,642888
NC_438,646256,646297
NC_439,648475,648535
NC_440,649673,649688
NC_441,650394,650406
NC_442,650746,650778
NC_443,651505,651528
NC_444,652756,652770
NC_445,653779,653878
NC_446,654740,654923
NC_447,655950,656009
NC_448,657471,657547
NC_449,658040,658320
NC_450,659341,659449
NC_451,660869,661002
NC_452,661270,661294
NC_453,663374,663486
NC_454,664819,665041
NC_455,665384,665850
NC_456,667243,667251
NC_457,668395,668578
NC_458,669746,669847
NC_459,671153,671165
NC_460,671952,671995
NC_461,675917,676237
NC_462,676997,677124
NC_463,677617,677709
NC_464,678330,678388
NC_465,679076,679228
NC_466,681863,681884
NC_467,684273,684409
NC_468,685927,685927
NC_469,686816,686820
NC_470,693233,693236
NC_471,694788,694838
NC_472,695486,695667
NC_473,696904,697153
NC_474,697801,697903
NC_475,698411,698523
NC_476,698995,699037
NC_477,699800,699855
NC_478,700168,700238
NC_479,701190,701405
NC_480,702015,702015
NC_481,702760,702812
NC_482,703200,703243
NC_483,704058,704751
NC_484,705910,705960
NC_485,706930,706947
NC_486,711408,711535
NC_487,713808,714201
NC_488,715267,715369
NC_489,716318,716409
NC_490,717060,717152
NC_491,717894,718024
NC_492,718690,718760
NC_493,719913,720004
NC_494,728307,728582
NC_495,729279,729326
NC_496,730167,730319
NC_497,731034,731112
NC_498,731365,731711
NC_499,731880,731929
NC_500,732822,732824
NC_501,733326,733736
NC_502,734223,734253
NC_503,734971,735021
NC_504,735451,735516
NC_505,736225,736297
NC_506,737204,737267
NC_507,738150,738296
NC_508,739161,739326
NC_509,740188,740233
NC_510,741140,741150
NC_511,742618,742718
NC_512,747946,748275
NC_513,748813,748848
NC_514,749930,749999
NC_515,751506,751516
NC_516,752597,752983
NC_517,753368,753461
NC_518,753618,753692
NC_519,754410,754684
NC_520,755226,755334
NC_521,756024,756136
NC_522,758501,758531
NC_523,759310,759806
NC_524,763326,763369
NC_525,767321,767683
NC_526,769598,769791
NC_527,770551,770581
NC_528,771425,771483
NC_529,773113,773122
NC_530,774062,774063
NC_531,775575,775585
NC_532,778906,778989
NC_533,779488,779542
NC_534,780041,780041
NC_535,780417,780720
NC_536,781312,781559
NC_537,782405,782484
NC_538,784591,784820
NC_539,786012,786148
NC_540,786947,787098
NC_541,787927,787939
NC_542,789412,790023
NC_543,793333,793334
NC_544,794526,794714
NC_545,795471,795518
NC_546,796932,796932
NC_547,798373,798832
NC_548,799445,799628
NC_549,799851,800486
NC_550,800793,800808
NC_551,802436,802527
NC_552,803371,803410
NC_553,805107,805109
NC_554,806167,806334
NC_555,808699,808745
NC_556,809646,809945
NC_557,810888,811372
NC_558,812623,812626
NC_559,812813,812975
NC_560,813375,813397
NC_561,813938,813939
NC_562,814309,814327
NC_563,814991,814992
NC_564,815631,815662
NC_565,818445,818536
NC_566,819641,819842
NC_567,821477,821506
NC_568,822854,822865
NC_569,823595,823682
NC_570,824640,824799
NC_571,826668,826669
NC_572,827471,827542
NC_573,828077,828139
NC_574,828893,829206
NC_575,829705,830061
NC_576,830611,830854
NC_577,831662,831775
NC_578,832304,832533
NC_579,832849,832980
NC_580,833509,833885
NC_581,834947,835153
NC_582,835682,835700
NC_583,838053,838450
NC_584,840857,840946
NC_585,841205,841227
NC_586,841657,841736
NC_587,841875,842032
NC_588,842279,842346
NC_589,843232,843241
NC_590,844415,844420
NC_591,845954,846158
NC_592,847914,848102
NC_593,850041,850341
NC_594,850528,850740
NC_595,851467,851607
NC_596,852352,852395
NC_597,854158,854266
NC_598,854687,854698
NC_599,855827,855924
NC_600,856471,856472
NC_601,856680,856681
NC_602,860711,860911
NC_603,862382,862411
NC_604,863159,863255
NC_605,864575,864585
NC_606,867390,867439
NC_607,868352,868406
NC_608,869764,870007
NC_609,871427,871430
NC_610,873293,873342
NC_611,876391,876817
NC_612,878441,878637
NC_613,879325,879339
NC_614,881041,881074
NC_615,882419,882523
NC_616,883435,883450
NC_617,884051,884071
NC_618,886647,886718
NC_619,887025,887136
NC_620,888637,889071
NC_621,890334,890387
NC_622,893274,893317
NC_623,894620,894630
NC_624,895629,895819
NC_625,898711,898830
NC_626,901331,901634
NC_627,902025,902110
NC_628,903695,903724
NC_629,904820,904904
NC_630,905088,905233
NC_631,906341,906422
NC_632,907293,907337
NC_633,908019,908180
NC_634,908484,908484
NC_635,909319,909610
NC_636,910843,910971
NC_637,912684,912725
NC_638,913503,913557
NC_639,914200,914256
NC_640,916312,916476
NC_641,917647,917733
NC_642,918751,918911
NC_643,919554,919633
NC_644,920690,920740
NC_645,921134,921190
NC_646,921866,921969
NC_647,922876,922893
NC_648,923710,924950
NC_649,927611,927836
NC_650,930486,930952
NC_651,931598,932278
NC_652,932933,933002
NC_653,934032,934719
NC_654,935491,935576
NC_655,936390,936456
NC_656,937318,937592
NC_657,937836,938111
NC_658,940393,940455
NC_659,941107,941189
NC_660,942468,942679
NC_661,944195,944342
NC_662,944736,944937
NC_663,948469,948558
NC_664,949396,949435
NC_665,951119,951182
NC_666,951627,951631
NC_667,952712,952824
NC_668,953230,953256
NC_669,954921,955076
NC_670,956289,956292
NC_671,958456,958522
NC_672,960152,960341
NC_673,962881,962889
NC_674,964295,964311
NC_675,965536,965982
NC_676,966262,966264
NC_677,967734,967897
NC_678,968306,968423
NC_679,970245,970504
NC_680,972458,972545
NC_681,973707,973805
NC_682,975938,976074
NC_683,976864,976871
NC_684,978204,978480
NC_685,978757,978933
NC_686,981268,981423
NC_687,982555,982761
NC_688,983785,983802
NC_689,985972,987232
NC_690,988706,988739
NC_691,989862,989947
NC_692,992597,992597
NC_693,993456,993852
NC_694,996296,996523
NC_695,997706,997781
NC_696,999300,999471
NC_697,1000768,1000807
NC_698,1002416,1002440
NC_699,1002705,1002811
NC_700,1003793,1003804
NC_701,1004485,1004500
NC_702,1005842,1005851
NC_703,1006563,1006692
NC_704,1008181,1008206
NC_705,1008939,1008943
NC_706,1010063,1010135
NC_707,1014125,1014680
NC_708,1014861,1014865
NC_709,1015301,1015397
NC_710,1016172,1016235
NC_711,1016686,1017216
NC_712,1018726,1018726
NC_713,1019966,1020057
NC_714,1021330,1021343
NC_715,1021644,1022086
NC_716,1023869,1024210
NC_717,1025185,1025496
NC_718,1026817,1027103
NC_719,1029338,1029512
NC_720,1031865,1031895
NC_721,1032634,1032709
NC_722,1033787,1033839
NC_723,1034632,1034902
NC_724,1036016,1036027
NC_725,1039915,1039935
NC_726,1041049,1041263
NC_727,1042095,1042114
NC_728,1043240,1043298
NC_729,1044316,1044316
NC_730,1046021,1046135
NC_731,1050347,1050592
NC_732,1051460,1051543
NC_733,1052318,1052359
NC_734,1052639,1052695
NC_735,1053737,1053764
NC_736,1054242,1054246
NC_737,1055009,1055023
NC_738,1056686,1057299
NC_739,1057531,1057645
NC_740,1057964,1058259
NC_741,1060576,1060655
NC_742,1061655,1061963
NC_743,1063128,1063139
NC_744,1064052,1064113
NC_745,1064963,1065126
NC_746,1066039,1066077
NC_747,1067446,1067560
NC_748,1069777,1069882
NC_749,1073274,1073326
NC_750,1073929,1074073
NC_751,1074422,1074439
NC_752,1075115,1075296
NC_753,1076098,1076195
NC_754,1076679,1076777
NC_755,1077198,1077232
NC_756,1077836,1077974
NC_757,1078335,1078390
NC_758,1078688,1078742
NC_759,1081685,1081774
NC_760,1085751,1085755
NC_761,1087346,1087347
NC_762,1090176,1090372
NC_763,1093145,1093360
NC_764,1094357,1094669
NC_765,1094865,1094885
NC_766,1095060,1095077
NC_767,1096452,1096821
NC_768,1099023,1099065
NC_769,1101006,1101024
NC_770,1101481,1101802
NC_771,1105110,1105115
NC_772,1106277,1106404
NC_773,1107383,1107442
NC_774,1108100,1108171
NC_775,1108505,1108577
NC_776,1109172,1109271
NC_777,1110193,1110268
NC_778,1111550,1111611
NC_779,1112224,1112383
NC_780,1113461,1114292
NC_781,1114725,1114747
NC_782,1115750,1115766
NC_783,1116526,1116530
NC_784,1117149,1117184
NC_785,1118394,1118427
NC_786,1119940,1120021
NC_787,1120880,1120888
NC_788,1122149,1122221
NC_789,1123599,1123713
NC_790,1125418,1125443
NC_791,1127004,1127088
NC_792,1127884,1128090
NC_793,1130106,1130190
NC_794,1131112,1131127
NC_795,1131422,1131624
NC_796,1133260,1133332
NC_797,1133909,1133920
NC_798,1134569,1134784
NC_799,1135466,1135500
NC_800,1136482,1136572
NC_801,1138061,1138314
NC_802,1138909,1138966
NC_803,1143649,1143735
NC_804,1144468,1144563
NC_805,1145854,1145857
NC_806,1146545,1146560
NC_807,1147979,1148426
NC_808,1151687,1151919
NC_809,1156423,1156425
NC_810,1157956,1157962
NC_811,1158737,1158917
NC_812,1159308,1159374
NC_813,1160062,1160094
NC_814,1160434,1160543
NC_815,1160829,1160854
NC_816,1161152,1161296
NC_817,1162473,1162548
NC_818,1163377,1164571
NC_819,1165500,1165780
NC_820,1166807,1167052
NC_821,1168555,1168703
NC_822,1169229,1169422
NC_823,1170671,1171037
NC_824,1172154,1172385
NC_825,1172833,1172880
NC_826,1173787,1173944
NC_827,1174701,1175722
NC_828,1176287,1176927
NC_829,1177374,1177627
NC_830,1178393,1179395
NC_831,1180578,1180683
NC_832,1182316,1182390
NC_833,1183456,1183507
NC_834,1183982,1184014
NC_835,1184879,1184882
NC_836,1186824,1186903
NC_837,1187324,1187434
NC_838,1188394,1188420
NC_839,1190425,1190756
NC_840,1192149,1192509
NC_841,1195044,1195054
NC_842,1196093,1196278
NC_843,1197116,1197230
NC_844,1198083,1198155
NC_845,1199374,1199425
NC_846,1200371,1200766
NC_847,1201661,1201716
NC_848,1203112,1203312
NC_849,1204036,1204066
NC_850,1205234,1205303
NC_851,1205799,1205983
NC_852,1206419,1206519
NC_853,1209658,1209755
NC_854,1210485,1210594
NC_855,1211384,1211559
NC_856,1213864,1214039
NC_857,1214361,1214512
NC_858,1215132,1215516
NC_859,1216055,1216468
NC_860,1219031,1219247
NC_861,1220187,1220573
NC_862,1221855,1221958
NC_863,1222787,1222996
NC_864,1224299,1224384
NC_865,1225261,1225262
NC_866,1227566,1227595
NC_867,1229385,1229390
NC_868,1230549,1230659
NC_869,1231292,1231300
NC_870,1231991,1232310
NC_871,1232827,1232843
NC_872,1233957,1233965
NC_873,1236096,1236184
NC_874,1237193,1237208
NC_875,1238193,1238254
NC_876,1239329,1239415
NC_877,1239985,1240186
NC_878,1240886,1241002
NC_879,1241391,1241632
NC_880,1241957,1241970
NC_881,1242832,1242863
NC_882,1243505,1243706
NC_883,1245108,1245128
NC_884,1247053,1247126
NC_885,1248078,1248081
NC_886,1249327,1249329
NC_887,1251405,1251616
NC_888,1252973,1253073
NC_889,1254535,1254554
NC_890,1257314,1257324
NC_891,1259056,1259066
NC_892,1261347,1261921
NC_893,1262159,1262271
NC_894,1264129,1264313
NC_895,1264557,1264605
NC_896,1264948,1265086
NC_897,1265456,1265471
NC_898,1266986,1267346
NC_899,1268196,1268202
NC_900,1269010,1269151
NC_901,1269959,1270061
NC_902,1271145,1271155
NC_903,1271909,1272422
NC_904,1273335,1273354
NC_905,1274768,1274899
NC_906,1275551,1276299
NC_907,1277749,1277892
NC_908,1278821,1278903
NC_909,1279618,1279654
NC_910,1281873,1282305
NC_911,1282894,1283055
NC_912,1284172,1284178
NC_913,1284863,1284991
NC_914,1286569,1286594
NC_915,1287021,1287327
NC_916,1291027,1291064
NC_917,1292742,1292797
NC_918,1293404,1293405
NC_919,1294147,1294167
NC_920,1296055,1296151
NC_921,1298060,1298086
NC_922,1298693,1298763
NC_923,1299805,1299821
NC_924,1300125,1300303
NC_925,1301216,1301306
NC_926,1301748,1301754
NC_927,1302682,1302930
NC_928,1305502,1305668
NC_929,1306002,1306201
NC_930,1308793,1309004
NC_931,1309332,1309363
NC_932,1310453,1310479
NC_933,1313300,1313724
NC_934,1315192,1315233
NC_935,1319983,1320034
NC_936,1321454,1321519
NC_937,1324529,1324531
NC_938,1325612,1325775
NC_939,1327513,1327688
NC_940,1329306,1329389
NC_941,1332011,1332091
NC_942,1332965,1332979
NC_943,1333859,1333930
NC_944,1334846,1334926
NC_945,1335755,1335793
NC_946,1337216,1337247
NC_947,1338514,1339002
NC_948,1339303,1339348
NC_949,1340525,1340658
NC_950,1340956,1341005
NC_951,1341291,1341357
NC_952,1342606,1342941
NC_953,1345170,1345259
NC_954,1346906,1346935
NC_955,1348625,1348718
NC_956,1349283,1349331
NC_957,1351126,1351190
NC_958,1353119,1353156
NC_959,1354137,1354242
NC_960,1354471,1354497
NC_961,1355662,1355835
NC_962,1357051,1357292
NC_963,1357626,1357758
NC_964,1359445,1359471
NC_965,1360147,1360154
NC_966,1363362,1363502
NC_967,1364151,1364412
NC_968,1365187,1365343
NC_969,1365809,1365874
NC_970,1367462,1367462
NC_971,1367859,1367890
NC_972,1368722,1368831
NC_973,1370826,1370919
NC_974,1371478,1371776
NC_975,1372950,1372961
NC_976,1374198,1374321
NC_977,1376169,1376229
NC_978,1376827,1376975
NC_979,1377504,1377523
NC_980,1379851,1379854
NC_981,1380680,1380683
NC_982,1381866,1381941
NC_983,1383043,1383212
NC_984,1384203,1384277
NC_985,1384967,1384988
NC_986,1386678,1386856
NC_987,1387718,1387797
NC_988,1388629,1388684
NC_989,1389245,1389356
NC_990,1393053,1393193
NC_991,1393983,1394178
NC_992,1399241,1399295
NC_993,1399905,1399969
NC_994,1404604,1404716
NC_995,1408239,1408239
NC_996,1409359,1409483
NC_997,1409934,1409937
NC_998,1410373,1410430
NC_999,1411820,1411893
NC_1000,1413088,1413259
NC_1001,1413941,1413959
NC_1002,1415841,1416180
NC_1003,1417348,1417657
NC_1004,1418357,1418578
NC_1005,1418954,1419013
NC_1006,1419749,1419960
NC_1007,1420303,1420409
NC_1008,1424051,1424196
NC_1009,1425294,1425437
NC_1010,1425915,1426163
NC_1011,1430042,1430061
NC_1012,1431649,1431664
NC_1013,1437118,1437323
NC_1014,1437816,1437908
NC_1015,1440752,1440804
NC_1016,1441291,1441347
NC_1017,1442719,1442766
NC_1018,1443400,1443481
NC_1019,1445048,1445057
NC_1020,1445373,1445498
NC_1021,1445835,1446378
NC_1022,1449372,1449374
NC_1023,1451780,1451996
NC_1024,1452948,1453203
NC_1025,1455013,1455162
NC_1026,1455406,1455494
NC_1027,1457543,1457557
NC_1028,1458212,1458294
NC_1029,1459510,1459765
NC_1030,1460997,1461044
NC_1031,1461291,1461320
NC_1032,1461837,1461842
NC_1033,1463184,1463227
NC_1034,1464878,1464883
NC_1035,1465802,1465840
NC_1036,1467302,1467314
NC_1037,1467681,1467687
NC_1038,1468132,1468170
NC_1039,1469506,1469670
NC_1040,1470253,1470320
NC_1041,1471578,1477133
NC_1042,1479119,1479198
NC_1043,1480825,1480893
NC_1044,1482502,1482513
NC_1045,1484218,1484278
NC_1046,1484960,1484981
NC_1047,1485279,1485312
NC_1048,1485772,1485861
NC_1049,1487032,1487160
NC_1050,1488076,1488153
NC_1051,1489966,1490116
NC_1052,1492313,1492319
NC_1053,1494426,1494563
NC_1054,1497156,1497194
NC_1055,1499190,1499212
NC_1056,1500560,1500660
NC_1057,1501583,1501598
NC_1058,1502634,1502640
NC_1059,1503082,1503102
NC_1060,1503385,1503393
NC_1061,1505891,1505916
NC_1062,1506739,1506754
NC_1063,1507535,1507572
NC_1064,1508924,1508967
NC_1065,1512606,1513046
NC_1066,1517363,1517490
NC_1067,1518561,1518762
NC_1068,1519135,1519199
NC_1069,1519986,1520004
NC_1070,1521877,1521884
NC_1071,1524821,1525292
NC_1072,1526217,1526611
NC_1073,1530092,1530172
NC_1074,1530926,1531347
NC_1075,1532371,1532442
NC_1076,1533634,1533947
NC_1077,1535393,1535682
NC_1078,1537645,1537782
NC_1079,1538170,1538389
NC_1080,1539441,1539511
NC_1081,1540646,1541019
NC_1082,1541806,1541993
NC_1083,1543256,1543358
NC_1084,1546007,1546011
NC_1085,1546993,1547071
NC_1086,1547531,1547831
NC_1087,1551218,1551227
NC_1088,1561270,1561463
NC_1089,1563389,1563693
NC_1090,1564267,1564400
NC_1091,1565028,1565092
NC_1092,1565426,1565440
NC_1093,1566698,1566824
NC_1094,1568037,1568108
NC_1095,1570970,1571046
NC_1096,1572082,1572126
NC_1097,1573858,1574111
NC_1098,1574768,1574849
NC_1099,1575810,1575833
NC_1100,1576797,1576929
NC_1101,1577533,1577612
NC_1102,1579581,1579597
NC_1103,1580423,1580590
NC_1104,1581074,1581144
NC_1105,1581970,1582165
NC_1106,1584475,1584498
NC_1107,1587767,1587771
NC_1108,1588483,1588566
NC_1109,1589173,1589385
NC_1110,1590293,1590396
NC_1111,1592615,1592638
NC_1112,1593326,1593504
NC_1113,1593979,1594041
NC_1114,1598884,1598892
NC_1115,1599655,1599657
NC_1116,1601038,1601058
NC_1117,1603929,1603931
NC_1118,1604760,1604877
NC_1119,1606147,1606385
NC_1120,1607973,1608082
NC_1121,1611271,1611433
NC_1122,1612250,1612255
NC_1123,1612951,1613306
NC_1124,1614327,1614328
NC_1125,1616350,1616960
NC_1126,1617387,1617836
NC_1127,1618071,1618208
NC_1128,1619685,1619790
NC_1129,1622092,1622206
NC_1130,1622693,1623286
NC_1131,1623698,1623713
NC_1132,1625366,1625417
NC_1133,1628081,1628096
NC_1134,1630200,1630637
NC_1135,1634628,1635028
NC_1136,1635956,1636003
NC_1137,1638230,1638380
NC_1138,1639647,1639673
NC_1139,1640661,1640679
NC_1140,1642426,1642536
NC_1141,1644261,1644362
NC_1142,1646139,1646185
NC_1143,1651517,1651517
NC_1144,1653579,1653672
NC_1145,1655503,1655608
NC_1146,1656722,1656962
NC_1147,1658937,1658979
NC_1148,1659355,1659369
NC_1149,1659742,1659762
NC_1150,1660621,1660655
NC_1151,1662285,1662380
NC_1152,1662573,1662640
NC_1153,1663205,1663214
NC_1154,1666047,1666203
NC_1155,1666765,1666989
NC_1156,1668409,1668418
NC_1157,1669145,1669282
NC_1158,1671367,1671376
NC_1159,1672385,1672456
NC_1160,1673300,1673439
NC_1161,1674184,1674201
NC_1162,1675012,1675016
NC_1163,1676884,1676940
NC_1164,1677376,1677396
NC_1165,1678543,1678551
NC_1166,1678909,1678941
NC_1167,1679173,1679321
NC_1168,1680630,1681207
NC_1169,1681967,1682156
NC_1170,1686258,1686270
NC_1171,1687889,1687940
NC_1172,1689231,1689302
NC_1173,1689921,1690133
NC_1174,1690347,1690406
NC_1175,1690806,1690849
NC_1176,1691879,1691889
NC_1177,1692712,1692923
NC_1178,1693824,1693995
NC_1179,1695145,1695280
NC_1180,1696444,1696726
NC_1181,1697860,1698094
NC_1182,1701094,1701294
NC_1183,1702594,1703073
NC_1184,1705790,1705806
NC_1185,1706596,1706629
NC_1186,1707527,1707528
NC_1187,1708540,1708870
NC_1188,1709636,1709643
NC_1189,1710604,1710732
NC_1190,1711003,1711027
NC_1191,1712069,1712301
NC_1192,1714054,1714171
NC_1193,1717613,1717652
NC_1194,1718697,1718725
NC_1195,1719971,1720016
NC_1196,1722061,1722082
NC_1197,1728410,1728952
NC_1198,1729451,1729501
NC_1199,1731257,1731372
NC_1200,1733040,1733115
NC_1201,1733551,1733609
NC_1202,1735412,1735975
NC_1203,1736213,1736518
NC_1204,1739645,1739855
NC_1205,1742193,1742243
NC_1206,1743772,1743777
NC_1207,1744372,1744425
NC_1208,1744837,1745063
NC_1209,1746090,1746093
NC_1210,1746898,1746918
NC_1211,1747147,1747194
NC_1212,1747627,1747693
NC_1213,1751249,1751296
NC_1214,1753334,1753509
NC_1215,1755432,1755444
NC_1216,1757311,1757680
NC_1217,1759433,1759434
NC_1218,1760930,1760996
NC_1219,1761606,1761743
NC_1220,1762938,1762946
NC_1221,1763394,1763427
NC_1222,1764718,1764754
NC_1223,1764974,1764978
NC_1224,1765384,1765399
NC_1225,1769433,1769435
NC_1226,1771602,1771639
NC_1227,1773830,1773927
NC_1228,1774621,1774859
NC_1229,1775145,1775391
NC_1230,1779049,1779193
NC_1231,1779299,1779313
NC_1232,1779725,1779929
NC_1233,1782065,1782071
NC_1234,1782585,1782757
NC_1235,1783229,1783308
NC_1236,1783893,1783905
NC_1237,1784302,1784496
NC_1238,1786529,1786583
NC_1239,1789164,1789167
NC_1240,1789837,1790283
NC_1241,1792236,1792399
NC_1242,1793741,1793996
NC_1243,1794708,1794755
NC_1244,1798246,1798293
NC_1245,1799053,1799072
NC_1246,1799484,1799582
NC_1247,1803285,1803293
NC_1248,1804032,1804038
NC_1249,1804852,1804852
NC_1250,1806001,1806180
NC_1251,1807264,1807297
NC_1252,1807763,1807902
NC_1253,1810151,1810239
NC_1254,1811059,1811126
NC_1255,1814578,1815252
NC_1256,1816082,1816188
NC_1257,1817608,1817614
NC_1258,1818518,1818574
NC_1259,1823274,1823359
NC_1260,1824401,1824429
NC_1261,1825888,1825997
NC_1262,1826586,1826613
NC_1263,1827946,1828179
NC_1264,1828798,1828864
NC_1265,1830562,1830664
NC_1266,1833380,1833541
NC_1267,1834988,1835012
NC_1268,1836237,1836386
NC_1269,1836831,1837074
NC_1270,1842243,1842450
NC_1271,1842892,1842897
NC_1272,1843693,1843740
NC_1273,1846660,1846715
NC_1274,1846974,1846988
NC_1275,1848459,1848516
NC_1276,1852036,1852272
NC_1277,1852879,1852927
NC_1278,1853123,1853183
NC_1279,1853574,1853605
NC_1280,1854389,1854398
NC_1281,1855455,1855763
NC_1282,1856697,1856773
NC_1283,1857725,1857730
NC_1284,1858538,1858732
NC_1285,1862254,1862346
NC_1286,1865383,1865575
NC_1287,1871355,1871362
NC_1288,1872560,1872638
NC_1289,1874052,1874159
NC_1290,1875222,1875303
NC_1291,1881685,1881703
NC_1292,1888021,1888025
NC_1293,1891080,1891225
NC_1294,1893563,1893576
NC_1295,1895343,1895724
NC_1296,1896088,1896119
NC_1297,1896468,1896474
NC_1298,1896868,1896875
NC_1299,1898208,1898299
NC_1300,1899233,1899259
NC_1301,1899917,1900240
NC_1302,1900976,1901046
NC_1303,1902297,1902396
NC_1304,1904421,1904428
NC_1305,1906243,1906402
NC_1306,1907321,1907593
NC_1307,1911400,1911400
NC_1308,1912082,1912152
NC_1309,1912921,1912978
NC_1310,1913591,1913601
NC_1311,1914877,1915526
NC_1312,1915911,1915948
NC_1313,1917933,1917939
NC_1314,1919670,1919682
NC_1315,1921447,1921541
NC_1316,1922724,1922744
NC_1317,1923690,1923828
NC_1318,1927138,1927210
NC_1319,1928576,1929130
NC_1320,1929722,1929785
NC_1321,1931457,1931496
NC_1322,1932655,1932693
NC_1323,1933879,1934481
NC_1324,1934650,1934881
NC_1325,1936343,1936359
NC_1326,1941680,1941852
NC_1327,1943574,1943575
NC_1328,1944757,1944808
NC_1329,1945628,1945640
NC_1330,1946421,1947029
NC_1331,1947644,1947860
NC_1332,1950590,1950631
NC_1333,1951752,1951851
NC_1334,1953238,1953269
NC_1335,1953840,1953863
NC_1336,1955570,1955691
NC_1337,1957246,1957676
NC_1338,1959234,1959242
NC_1339,1959792,1959854
NC_1340,1960488,1960773
NC_1341,1961017,1961290
NC_1342,1961789,1962227
NC_1343,1965371,1965656
NC_1344,1965942,1965954
NC_1345,1967638,1967704
NC_1346,1968166,1968172
NC_1347,1968911,1969003
NC_1348,1970705,1970988
NC_1349,1971992,1972137
NC_1350,1973569,1973629
NC_1351,1976228,1976599
NC_1352,1977886,1977968
NC_1353,1979568,1979620
NC_1354,1981004,1981129
NC_1355,1981580,1981613
NC_1356,1984776,1984978
NC_1357,1986671,1986853
NC_1358,1987697,1987744
NC_1359,1989007,1989041
NC_1360,1989567,1989832
NC_1361,1992578,1993152
NC_1362,1994662,1994670
NC_1363,1995843,1996151
NC_1364,1997414,1997417
NC_1365,1998516,1999141
NC_1366,1999358,1999736
NC_1367,2000007,2000073
NC_1368,2000434,2000613
NC_1369,2002471,2002625
NC_1370,2003871,2003877
NC_1371,2006448,2006635
NC_1372,2006948,2007019
NC_1373,2007767,2007831
NC_1374,2009991,2009994
NC_1375,2010556,2010655
NC_1376,2011961,2012080
NC_1377,2012531,2012685
NC_1378,2014480,2014698
NC_1379,2015263,2015301
NC_1380,2017477,2017739
NC_1381,2023433,2023446
NC_1382,2024629,2024827
NC_1383,2025032,2025300
NC_1384,2026399,2026476
NC_1385,2026777,2026789
NC_1386,2027972,2028424
NC_1387,2029478,2029903
NC_1388,2030204,2030346
NC_1389,2030644,2030693
NC_1390,2030979,2031065
NC_1391,2031969,2032239
NC_1392,2038533,2039158
NC_1393,2039351,2039452
NC_1394,2041421,2042000
NC_1395,2043273,2043383
NC_1396,2044776,2044922
NC_1397,2046843,2047022
NC_1398,2047350,2047686
NC_1399,2048035,2048071
NC_1400,2048372,2048397
NC_1401,2049598,2049920
NC_1402,2051151,2051281
NC_1403,2052689,2052932
NC_1404,2053290,2053442
NC_1405,2054148,2054156
NC_1406,2055360,2055680
NC_1407,2056113,2056520
NC_1408,2057424,2057527
NC_1409,2058194,2058255
NC_1410,2058961,2059594
NC_1411,2061059,2061177
NC_1412,2062675,2062808
NC_1413,2064729,2064798
NC_1414,2066443,2066456
NC_1415,2068884,2069079
NC_1416,2070626,2070653
NC_1417,2071020,2071035
NC_1418,2071915,2071951
NC_1419,2072357,2072595
NC_1420,2073825,2073942
NC_1421,2074438,2074840
NC_1422,2075519,2075570
NC_1423,2075829,2075876
NC_1424,2078703,2078928
NC_1425,2079790,2079829
NC_1426,2080697,2080700
NC_1427,2082588,2082602
NC_1428,2084637,2084755
NC_1429,2086982,2087256
NC_1430,2087913,2087970
NC_1431,2089519,2089680
NC_1432,2092086,2092258
NC_1433,2093699,2093730
NC_1434,2095189,2095217
NC_1435,2096169,2096182
NC_1436,2096600,2096876
NC_1437,2097300,2097347
NC_1438,2100330,2100339
NC_1439,2101015,2101021
NC_1440,2101649,2101650
NC_1441,2103043,2103183
NC_1442,2104108,2104145
NC_1443,2104824,2104984
NC_1444,2105771,2105772
NC_1445,2106568,2106573
NC_1446,2107684,2107735
NC_1447,2108714,2109164
NC_1448,2109471,2109543
NC_1449,2110585,2110590
NC_1450,2112967,2113139
NC_1451,2115477,2115763
NC_1452,2117249,2117346
NC_1453,2119447,2119459
NC_1454,2120696,2120794
NC_1455,2121431,2121494
NC_1456,2121885,2121906
NC_1457,2123152,2123173
NC_1458,2123612,2123683
NC_1459,2124371,2124380
NC_1460,2124825,2125339
NC_1461,2125820,2125903
NC_1462,2127968,2128021
NC_1463,2129375,2129376
NC_1464,2130514,2130540
NC_1465,2131858,2131906
NC_1466,2132330,2132369
NC_1467,2133204,2133230
NC_1468,2133693,2133730
NC_1469,2134262,2134272
NC_1470,2134873,2134889
NC_1471,2135868,2136257
NC_1472,2137401,2137518
NC_1473,2138080,2138443
NC_1474,2138618,2138660
NC_1475,2139018,2139075
NC_1476,2139688,2139740
NC_1477,2140149,2140164
NC_1478,2140477,2140485
NC_1479,2140705,2140738
NC_1480,2141870,2142520
NC_1481,2144447,2144450
NC_1482,2144883,2144939
NC_1483,2147634,2147661
NC_1484,2148955,2149005
NC_1485,2150275,2150363
NC_1486,2150769,2150953
NC_1487,2151386,2151432
NC_1488,2152396,2152424
NC_1489,2152896,2153234
NC_1490,2153883,2153888
NC_1491,2156112,2156148
NC_1492,2156593,2156705
NC_1493,2157300,2157381
NC_1494,2157988,2158086
NC_1495,2159092,2159190
NC_1496,2160329,2160462
NC_1497,2162763,2162931
NC_1498,2167312,2167648
NC_1499,2170613,2171060
NC_1500,2171526,2171622
NC_1501,2172487,2172523
NC_1502,2173796,2174066
NC_1503,2176514,2176549
NC_1504,2176931,2177086
NC_1505,2178950,2178956
NC_1506,2179437,2179672
NC_1507,2180447,2180449
NC_1508,2181218,2181261
NC_1509,2181907,2181917
NC_1510,2182443,2182459
NC_1511,2183240,2183371
NC_1512,2184958,2184958
NC_1513,2186189,2186202
NC_1514,2187160,2187383
NC_1515,2188494,2188495
NC_1516,2191016,2191026
NC_1517,2194435,2194643
NC_1518,2195935,2195988
NC_1519,2197354,2197507
NC_1520,2197961,2198023
NC_1521,2198426,2198713
NC_1522,2199065,2199074
NC_1523,2200487,2200725
NC_1524,2202097,2202137
NC_1525,2203633,2203680
NC_1526,2204707,2204865
NC_1527,2205274,2205276
NC_1528,2205550,2205581
NC_1529,2206803,2207699
NC_1530,2208498,2208506
NC_1531,2209323,2209326
NC_1532,2216571,2216591
NC_1533,2217647,2217658
NC_1534,2218037,2218051
NC_1535,2218718,2218843
NC_1536,2219252,2219753
NC_1537,2220801,2220907
NC_1538,2223165,2223342
NC_1539,2224030,2224219
NC_1540,2225189,2225412
NC_1541,2225833,2225840
NC_1542,2226102,2226243
NC_1543,2228562,2228990
NC_1544,2229903,2230010
NC_1545,2230611,2231025
NC_1546,2231455,2231679
NC_1547,2232220,2232738
NC_1548,2233638,2233880
NC_1549,2234217,2234304
NC_1550,2234892,2234990
NC_1551,2237576,2237627
NC_1552,2237985,2238140
NC_1553,2238909,2239003
NC_1554,2239958,2240158
NC_1555,2242877,2242944
NC_1556,2243722,2243815
NC_1557,2245139,2245208
NC_1558,2246823,2246831
NC_1559,2247585,2247659
NC_1560,2248443,2248562
NC_1561,2249421,2249477
NC_1562,2250975,2250995
NC_1563,2251884,2252001
NC_1564,2255986,2256083
NC_1565,2256429,2256616
NC_1566,2257943,2258029
NC_1567,2258672,2258853
NC_1568,2259286,2259325
NC_1569,2259821,2260664
NC_1570,2261689,2261815
NC_1571,2263073,2263425
NC_1572,2265039,2265279
NC_1573,2266406,2266420
NC_1574,2266721,2266804
NC_1575,2267111,2267118
NC_1576,2267725,2267748
NC_1577,2268109,2268267
NC_1578,2270241,2270749
NC_1579,2271749,2271862
NC_1580,2272748,2272786
NC_1581,2274509,2274568
NC_1582,2276425,2276440
NC_1583,2278487,2278497
NC_1584,2278933,2279128
NC_1585,2280125,2280239
NC_1586,2281083,2281293
NC_1587,2282741,2282746
NC_1588,2283722,2283722
NC_1589,2284797,2284798
NC_1590,2287847,2287883
NC_1591,2289242,2289281
NC_1592,2289600,2289684
NC_1593,2291221,2291268
NC_1594,2291926,2291961
NC_1595,2294527,2294530
NC_1596,2306987,2307292
NC_1597,2307518,2307820
NC_1598,2310756,2310912
NC_1599,2312518,2312521
NC_1600,2313050,2313124
NC_1601,2313839,2314086
NC_1602,2314660,2314660
NC_1603,2315062,2315173
NC_1604,2317086,2317168
NC_1605,2320754,2320830
NC_1606,2322543,2322551
NC_1607,2325871,2325885
NC_1608,2326810,2326943
NC_1609,2330147,2330213
NC_1610,2330964,2330992
NC_1611,2331407,2331415
NC_1612,2332880,2333036
NC_1613,2333289,2333322
NC_1614,2334595,2335058
NC_1615,2337870,2338064
NC_1616,2338506,2338708
NC_1617,2342945,2343026
NC_1618,2343917,2343993
NC_1619,2344225,2344410
NC_1620,2346181,2346196
NC_1621,2347325,2347372
NC_1622,2348555,2348557
NC_1623,2349293,2349333
NC_1624,2352055,2352102
NC_1625,2353030,2353045
NC_1626,2353298,2353364
NC_1627,2355311,2355318
NC_1628,2356678,2356728
NC_1629,2358207,2358388
NC_1630,2360042,2360239
NC_1631,2363282,2363390
NC_1632,2364521,2364526
NC_1633,2364782,2365464
NC_1634,2366727,2367358
NC_1635,2367656,2367710
NC_1636,2368443,2368982
NC_1637,2370793,2370904
NC_1638,2372570,2372629
NC_1639,2373824,2373833
NC_1640,2374458,2374460
NC_1641,2376291,2376570
NC_1642,2377141,2377147
NC_1643,2377442,2377469
NC_1644,2378313,2378385
NC_1645,2379223,2379244
NC_1646,2379728,2379805
NC_1647,2380661,2380662
NC_1648,2380945,2381070
NC_1649,2386068,2386292
NC_1650,2387172,2387201
NC_1651,2387973,2388615
NC_1652,2390289,2390307
NC_1653,2391190,2391214
NC_1654,2392460,2392516
NC_1655,2393321,2393410
NC_1656,2393642,2393850
NC_1657,2394640,2394649
NC_1658,2395238,2395300
NC_1659,2396839,2396901
NC_1660,2397316,2397329
NC_1661,2398407,2398719
NC_1662,2399794,2399797
NC_1663,2400329,2400375
NC_1664,2401723,2402192
NC_1665,2402723,2402976
NC_1666,2404036,2404164
NC_1667,2404522,2404615
NC_1668,2405399,2405665
NC_1669,2405957,2406117
NC_1670,2407617,2407621
NC_1671,2408375,2408384
NC_1672,2409525,2409696
NC_1673,2414923,2414933
NC_1674,2416395,2416395
NC_1675,2420609,2420630
NC_1676,2423138,2423239
NC_1677,2424839,2425047
NC_1678,2429426,2429426
NC_1679,2429859,2430158
NC_1680,2431421,2431564
NC_1681,2431970,2432234
NC_1682,2432856,2432950
NC_1683,2434537,2434846
NC_1684,2435906,2435908
NC_1685,2437887,2437940
NC_1686,2439141,2439281
NC_1687,2439948,2440331
NC_1688,2441721,2441810
NC_1689,2442318,2442326
NC_1690,2443215,2443301
NC_1691,2445330,2445414
NC_1692,2446947,2447065
NC_1693,2447501,2447604
NC_1694,2447995,2448159
NC_1695,2449963,2449992
NC_1696,2451151,2451246
NC_1697,2452021,2452114
NC_1698,2453273,2453818
NC_1699,2456744,2456900
NC_1700,2457513,2457552
NC_1701,2461328,2461503
NC_1702,2463048,2463232
NC_1703,2463653,2463659
NC_1704,2464752,2464996
NC_1705,2466956,2467052
NC_1706,2468028,2468230
NC_1707,2468924,2468930
NC_1708,2469288,2469386
NC_1709,2470464,2470621
NC_1710,2471333,2471410
NC_1711,2473243,2473399
NC_1712,2475971,2476041
NC_1713,2477182,2477189
NC_1714,2478327,2478337
NC_1715,2479886,2479922
NC_1716,2481702,2481964
NC_1717,2484532,2484583
NC_1718,2486209,2486234
NC_1719,2486988,2486993
NC_1720,2487417,2487614
NC_1721,2489052,2489368
NC_1722,2492354,2492401
NC_1723,2493743,2493836
NC_1724,2495400,2495460
NC_1725,2497024,2497741
NC_1726,2498588,2498831
NC_1727,2500374,2500930
NC_1728,2501633,2501643
NC_1729,2505700,2505735
NC_1730,2506162,2506206
NC_1731,2509376,2509488
NC_1732,2510257,2510350
NC_1733,2510588,2510714
NC_1734,2511653,2511689
NC_1735,2512281,2512538
NC_1736,2515245,2515303
NC_1737,2516549,2516786
NC_1738,2517696,2517770
NC_1739,2519366,2519395
NC_1740,2520713,2520742
NC_1741,2522165,2522359
NC_1742,2523176,2523240
NC_1743,2525355,2525401
NC_1744,2527919,2527983
NC_1745,2528488,2528519
NC_1746,2528976,2528979
NC_1747,2529175,2529340
NC_1748,2529875,2530003
NC_1749,2530823,2530835
NC_1750,2531898,2532244
NC_1751,2533966,2534041
NC_1752,2534465,2534469
NC_1753,2535553,2535640
NC_1754,2538351,2538699
NC_1755,2539930,2540103
NC_1756,2541391,2541643
NC_1757,2544277,2544288
NC_1758,2544622,2544697
NC_1759,2545226,2545331
NC_1760,2545632,2545736
NC_1761,2546432,2546487
NC_1762,2546806,2546838
NC_1763,2548940,2549123
NC_1764,2550030,2550064
NC_1765,2551327,2551559
NC_1766,2552940,2553172
NC_1767,2554832,2554937
NC_1768,2555877,2555940
NC_1769,2556136,2556144
NC_1770,2557441,2557472
NC_1771,2558811,2558876
NC_1772,2559570,2559702
NC_1773,2562458,2562598
NC_1774,2563115,2563173
NC_1775,2564254,2564291
NC_1776,2565033,2565326
NC_1777,2566551,2566771
NC_1778,2567411,2567503
NC_1779,2568407,2568437
NC_1780,2568891,2569081
NC_1781,2570054,2570058
NC_1782,2572003,2572075
NC_1783,2573009,2573014
NC_1784,2573708,2573812
NC_1785,2574056,2574095
NC_1786,2575226,2575808
NC_1787,2577099,2577107
NC_1788,2578697,2579227
NC_1789,2579420,2579503
NC_1790,2579936,2580027
NC_1791,2580211,2580418
NC_1792,2581136,2581842
NC_1793,2582299,2583044
NC_1794,2583333,2583434
NC_1795,2583780,2583883
NC_1796,2584409,2584485
NC_1797,2584756,2585051
NC_1798,2585907,2585916
NC_1799,2588805,2588837
NC_1800,2591841,2591847
NC_1801,2596270,2596333
NC_1802,2596781,2597008
NC_1803,2599948,2599987
NC_1804,2600480,2600730
NC_1805,2601880,2601913
NC_1806,2603462,2603694
NC_1807,2604223,2604296
NC_1808,2604684,2604739
NC_1809,2605079,2605107
NC_1810,2608322,2608795
NC_1811,2609729,2609731
NC_1812,2610422,2610836
NC_1813,2611806,2611868
NC_1814,2612988,2613106
NC_1815,2614064,2614692
NC_1816,2617582,2617666
NC_1817,2618909,2619596
NC_1818,2620017,2620271
NC_1819,2620530,2620532
NC_1820,2622453,2622456
NC_1821,2623753,2623820
NC_1822,2625804,2625887
NC_1823,2626173,2626222
NC_1824,2626520,2626653
NC_1825,2626981,2627171
NC_1826,2628699,2628780
NC_1827,2630320,2630536
NC_1828,2632076,2632922
NC_1829,2634099,2634527
NC_1830,2635593,2635627
NC_1831,2636890,2637687
NC_1832,2639536,2639672
NC_1833,2641065,2641245
NC_1834,2642043,2642149
NC_1835,2644259,2644319
NC_1836,2646674,2646746
NC_1837,2648913,2648915
NC_1838,2651559,2651752
NC_1839,2651939,2652036
NC_1840,2652826,2652838
NC_1841,2653988,2654061
NC_1842,2655094,2655264
NC_1843,2655583,2655608
NC_1844,2656116,2656214
NC_1845,2667116,2667254
NC_1846,2675838,2675935
NC_1847,2677634,2677728
NC_1848,2678650,2678652
NC_1849,2680006,2680764
NC_1850,2683143,2683247
NC_1851,2684267,2684678
NC_1852,2687974,2688009
NC_1853,2689942,2690071
NC_1854,2692076,2692223
NC_1855,2692440,2692550
NC_1856,2692716,2692798
NC_1857,2693885,2693908
NC_1858,2694965,2694980
NC_1859,2697715,2697727
NC_1860,2698246,2698528
NC_1861,2700458,2700534
NC_1862,2703249,2703268
NC_1863,2703839,2704008
NC_1864,2704438,2704696
NC_1865,2705519,2706016
NC_1866,2709966,2710074
NC_1867,2710336,2710350
NC_1868,2711302,2711331
NC_1869,2712877,2712890
NC_1870,2713785,2714123
NC_1871,2715333,2715471
NC_1872,2716315,2716394
NC_1873,2718809,2719082
NC_1874,2719356,2719596
NC_1875,2720644,2720775
NC_1876,2721778,2721865
NC_1877,2724184,2724229
NC_1878,2725478,2725570
NC_1879,2726088,2726192
NC_1880,2726781,2726805
NC_1881,2727921,2727966
NC_1882,2728267,2728436
NC_1883,2732750,2733229
NC_1884,2734145,2734375
NC_1885,2736988,2737116
NC_1886,2739687,2739771
NC_1887,2740033,2740046
NC_1888,2740362,2740708
NC_1889,2744985,2745313
NC_1890,2745725,2745766
NC_1891,2750226,2750312
NC_1892,2751573,2751661
NC_1893,2752181,2752261
NC_1894,2752661,2752847
NC_1895,2752995,2753017
NC_1896,2753624,2753624
NC_1897,2756705,2756935
NC_1898,2758193,2758207
NC_1899,2759489,2759778
NC_1900,2760688,2760853
NC_1901,2762381,2762530
NC_1902,2763775,2763890
NC_1903,2765292,2765654
NC_1904,2766840,2766858
NC_1905,2767666,2767670
NC_1906,2768160,2768260
NC_1907,2768885,2768985
NC_1908,2771572,2771643
NC_1909,2772332,2772366
NC_1910,2773036,2773177
NC_1911,2775205,2775271
NC_1912,2775566,2775567
NC_1913,2776285,2776315
NC_1914,2776970,2776974
NC_1915,2782263,2782365
NC_1916,2784043,2784122
NC_1917,2784609,2784656
NC_1918,2785919,2786574
NC_1919,2786899,2786913
NC_1920,2792495,2792722
NC_1921,2793989,2794349
NC_1922,2795121,2795300
NC_1923,2797386,2797466
NC_1924,2801146,2801253
NC_1925,2806237,2806664
NC_1926,2808031,2808082
NC_1927,2808305,2808309
NC_1928,2808736,2808757
NC_1929,2810983,2810992
NC_1930,2812097,2812354
NC_1931,2814912,2814915
NC_1932,2816881,2816884
NC_1933,2819871,2819952
NC_1934,2821597,2821711
NC_1935,2822360,2822437
NC_1936,2824594,2824677
NC_1937,2825485,2825487
NC_1938,2827090,2827156
NC_1939,2827805,2828555
NC_1940,2829804,2830160
NC_1941,2830584,2830876
NC_1942,2831339,2831343
NC_1943,2832592,2832709
NC_1944,2833762,2834108
NC_1945,2835336,2835784
NC_1946,2837264,2837387
NC_1947,2837616,2837683
NC_1948,2839931,2840122
NC_1949,2849333,2849851
NC_1950,2850575,2851090
NC_1951,2851717,2851750
NC_1952,2852672,2852874
NC_1953,2854908,2854937
NC_1954,2857782,2857852
NC_1955,2858725,2858726
NC_1956,2859291,2859299
NC_1957,2860419,2860451
NC_1958,2861145,2861147
NC_1959,2863204,2863206
NC_1960,2864413,2864426
NC_1961,2864835,2865129
NC_1962,2866342,2866467
NC_1963,2868062,2868153
NC_1964,2868568,2868605
NC_1965,2869238,2869252
NC_1966,2869628,2869726
NC_1967,2870365,2870774
NC_1968,2871195,2871205
NC_1969,2876486,2876575
NC_1970,2876966,2877071
NC_1971,2877747,2877830
NC_1972,2878542,2878570
NC_1973,2879930,2880074
NC_1974,2881053,2881408
NC_1975,2881703,2881757
NC_1976,2882148,2882289
NC_1977,2883340,2883341
NC_1978,2884335,2884610
NC_1979,2886363,2886372
NC_1980,2894409,2894511
NC_1981,2895961,2896012
NC_1982,2897804,2898042
NC_1983,2898784,2898805
NC_1984,2899310,2899338
NC_1985,2900221,2900225
NC_1986,2900691,2900917
NC_1987,2902508,2902508
NC_1988,2903532,2903638
NC_1989,2904542,2904820
NC_1990,2906764,2906813
NC_1991,2907741,2907825
NC_1992,2910199,2910228
NC_1993,2910901,2911003
NC_1994,2912678,2912682
NC_1995,2914012,2914014
NC_1996,2915737,2915845
NC_1997,2916194,2916359
NC_1998,2917710,2917870
NC_1999,2921378,2921550
NC_2000,2923183,2923198
NC_2001,2925384,2925491
NC_2002,2926139,2926354
NC_2003,2926976,2926985
NC_2004,2927909,2927989
NC_2005,2929960,2930069
NC_2006,2930785,2930804
NC_2007,2931561,2931692
NC_2008,2932290,2932296
NC_2009,2933143,2933170
NC_2010,2934071,2934197
NC_2011,2934873,2935045
NC_2012,2936789,2936809
NC_2013,2939002,2939011
NC_2014,2943268,2943375
NC_2015,2944986,2945329
NC_2016,2945831,2945846
NC_2017,2946288,2946433
NC_2018,2947450,2947461
NC_2019,2948559,2948635
NC_2020,2949458,2949592
NC_2021,2950487,2950488
NC_2022,2951308,2951321
NC_2023,2952504,2952561
NC_2024,2952994,2953506
NC_2025,2954749,2955057
NC_2026,2955421,2955766
NC_2027,2956892,2956892
NC_2028,2957433,2957571
NC_2029,2958871,2958908
NC_2030,2959191,2959334
NC_2031,2959821,2960104
NC_2032,2962442,2962469
NC_2033,2963391,2963585
NC_2034,2964243,2964404
NC_2035,2964852,2965025
NC_2036,2965359,2965477
NC_2037,2965838,2965938
NC_2038,2966398,2966532
NC_2039,2968407,2968532
NC_2040,2968851,2970122
NC_2041,2971550,2971658
NC_2042,2972028,2972159
NC_2043,2973422,2973794
NC_2044,2975235,2975241
NC_2045,2975776,2975927
NC_2046,2976555,2976585
NC_2047,2976910,2976988
NC_2048,2978659,2978659
NC_2049,2979310,2979325
NC_2050,2979689,2979690
NC_2051,2980819,2980962
NC_2052,2981755,2981852
NC_2053,2982087,2982096
NC_2054,2982352,2982698
NC_2055,2982981,2983070
NC_2056,2983875,2983895
NC_2057,2984655,2984732
NC_2058,2985255,2985282
NC_2059,2987616,2987681
NC_2060,2989269,2989290
NC_2061,2990593,2990705
NC_2062,2991117,2991183
NC_2063,2992629,2992633
NC_2064,2995063,2995114
NC_2065,2995946,2996104
NC_2066,2996738,2996738
NC_2067,2999969,3000111
NC_2068,3000610,3000613
NC_2069,3001904,3001982
NC_2070,3003270,3003279
NC_2071,3005651,3005844
NC_2072,3007063,3007235
NC_2073,3009210,3009343
NC_2074,3010687,3010696
NC_2075,3011369,3011398
NC_2076,3011768,3011915
NC_2077,3012624,3012828
NC_2078,3013609,3013682
NC_2079,3014148,3014172
NC_2080,3014659,3014662
NC_2081,3014966,3015202
NC_2082,3015854,3015862
NC_2083,3016736,3016857
NC_2084,3017656,3017834
NC_2085,3019422,3019457
NC_2086,3020458,3020572
NC_2087,3021797,3021838
NC_2088,3022286,3022460
NC_2089,3023433,3023564
NC_2090,3024258,3024269
NC_2091,3025329,3025440
NC_2092,3026848,3027064
NC_2093,3028040,3028097
NC_2094,3029124,3029171
NC_2095,3029859,3029866
NC_2096,3030362,3030412
NC_2097,3030878,3031039
NC_2098,3031538,3031787
NC_2099,3032499,3032519
NC_2100,3034620,3034634
NC_2101,3034884,3034908
NC_2102,3036103,3036130
NC_2103,3037292,3037426
NC_2104,3038915,3038930
NC_2105,3039801,3039824
NC_2106,3041462,3041569
NC_2107,3042476,3042541
NC_2108,3043019,3043025
NC_2109,3046525,3046820
NC_2110,3048553,3048561
NC_2111,3051425,3051618
NC_2112,3051793,3051805
NC_2113,3052013,3052022
NC_2114,3053190,3053232
NC_2115,3053683,3053913
NC_2116,3055492,3055514
NC_2117,3056349,3056419
NC_2118,3057233,3057250
NC_2119,3058064,3058192
NC_2120,3058532,3058601
NC_2121,3059232,3059261
NC_2122,3059787,3059854
NC_2123,3063635,3063637
NC_2124,3066192,3066221
NC_2125,3067125,3067192
NC_2126,3067946,3068188
NC_2127,3070084,3070169
NC_2128,3070850,3070874
NC_2129,3071537,3071545
NC_2130,3073057,3073129
NC_2131,3073610,3073679
NC_2132,3074472,3074635
NC_2133,3075374,3075587
NC_2134,3076721,3076893
NC_2135,3078079,3078157
NC_2136,3078986,3079308
NC_2137,3080458,3080580
NC_2138,3081034,3081118
NC_2139,3081593,3081603
NC_2140,3082342,3082351
NC_2141,3082757,3082908
NC_2142,3083371,3083373
NC_2143,3084304,3084484
NC_2144,3085556,3085712
NC_2145,3086184,3086214
NC_2146,3086755,3086819
NC_2147,3087936,3087949
NC_2148,3088985,3089044
NC_2149,3092598,3092950
NC_2150,3093467,3093478
NC_2151,3093749,3093904
NC_2152,3094901,3095110
NC_2153,3096875,3096958
NC_2154,3097646,3097705
NC_2155,3098939,3098963
NC_2156,3100170,3100201
NC_2157,3102163,3102363
NC_2158,3104912,3105055
NC_2159,3107308,3107310
NC_2160,3107638,3107767
NC_2161,3108398,3108415
NC_2162,3110066,3110166
NC_2163,3110738,3110779
NC_2164,3112290,3112464
NC_2165,3113460,3113657
NC_2166,3114813,3115045
NC_2167,3115304,3115407
NC_2168,3115720,3115740
NC_2169,3116748,3116817
NC_2170,3119037,3120565
NC_2171,3121828,3123624
NC_2172,3124984,3124995
NC_2173,3126145,3126239
NC_2174,3128964,3128972
NC_2175,3132715,3132891
NC_2176,3133540,3133708
NC_2177,3134594,3134595
NC_2178,3135484,3135787
NC_2179,3136600,3136619
NC_2180,3137225,3137270
NC_2181,3138021,3138098
NC_2182,3140485,3140486
NC_2183,3142223,3142308
NC_2184,3143629,3143634
NC_2185,3147874,3147958
NC_2186,3148259,3148384
NC_2187,3149977,3150170
NC_2188,3152951,3153038
NC_2189,3154632,3154653
NC_2190,3155872,3156147
NC_2191,3158145,3158164
NC_2192,3160522,3160579
NC_2193,3162062,3162267
NC_2194,3164116,3164151
NC_2195,3165193,3165204
NC_2196,3166585,3166683
NC_2197,3167803,3168582
NC_2198,3173001,3173159
NC_2199,3174018,3174058
NC_2200,3174644,3174746
NC_2201,3175373,3175453
NC_2202,3177266,3177536
NC_2203,3177819,3177821
NC_2204,3178086,3178457
NC_2205,3179313,3179367
NC_2206,3180532,3180547
NC_2207,3181763,3181769
NC_2208,3183012,3183137
NC_2209,3183826,3183904
NC_2210,3184568,3184846
NC_2211,3186935,3187029
NC_2212,3187612,3187662
NC_2213,3187978,3188007
NC_2214,3188872,3188875
NC_2215,3189398,3189582
NC_2216,3190679,3190700
NC_2217,3191622,3191643
NC_2218,3192202,3192372
NC_2219,3193159,3193392
NC_2220,3194152,3194165
NC_2221,3196851,3196863
NC_2222,3198286,3198291
NC_2223,3199108,3199118
NC_2224,3199983,3200265
NC_2225,3202021,3202419
NC_2226,3204291,3204380
NC_2227,3205233,3205264
NC_2228,3208329,3208575
NC_2229,3211746,3211802
NC_2230,3212109,3212161
NC_2231,3212957,3212969
NC_2232,3213855,3213911
NC_2233,3214254,3214627
NC_2234,3215573,3215664
NC_2235,3216358,3216360
NC_2236,3216892,3216904
NC_2237,3217148,3217154
NC_2238,3217644,3217826
NC_2239,3218271,3218338
NC_2240,3219215,3219273
NC_2241,3219862,3219862
NC_2242,3221699,3221766
NC_2243,3223525,3223567
NC_2244,3224681,3224707
NC_2245,3226286,3226362
NC_2246,3228244,3228253
NC_2247,3230681,3230737
NC_2248,3232507,3232870
NC_2249,3234140,3234188
NC_2250,3237807,3237817
NC_2251,3238500,3238600
NC_2252,3239471,3239828
NC_2253,3241172,3241221
NC_2254,3241960,3242197
NC_2255,3243282,3243696
NC_2256,3267732,3267736
NC_2257,3272204,3272213
NC_2258,3274903,3274948
NC_2259,3276218,3276379
NC_2260,3282716,3283334
NC_2261,3287833,3288463
NC_2262,3290507,3290623
NC_2263,3291326,3291502
NC_2264,3299955,3299970
NC_2265,3300571,3300595
NC_2266,3302456,3303102
NC_2267,3304249,3304440
NC_2268,3305254,3305278
NC_2269,3306536,3306665
NC_2270,3307392,3307579
NC_2271,3308546,3308667
NC_2272,3309400,3309469
NC_2273,3310298,3310713
NC_2274,3312001,3312100
NC_2275,3312839,3312952
NC_2276,3313202,3313282
NC_2277,3313673,3313772
NC_2278,3315123,3315235
NC_2279,3316457,3316528
NC_2280,3317462,3318329
NC_2281,3318816,3318900
NC_2282,3319468,3319662
NC_2283,3323047,3323070
NC_2284,3323704,3323708
NC_2285,3324477,3324572
NC_2286,3325704,3325933
NC_2287,3326950,3327022
NC_2288,3329947,3329948
NC_2289,3331613,3332070
NC_2290,3332755,3332786
NC_2291,3335749,3335959
NC_2292,3336506,3336795
NC_2293,3337918,3337994
NC_2294,3339000,3339117
NC_2295,3339763,3339853
NC_2296,3342083,3342164
NC_2297,3343119,3343175
NC_2298,3343821,3344032
NC_2299,3344630,3344653
NC_2300,3346076,3346146
NC_2301,3346849,3346858
NC_2302,3347720,3347981
NC_2303,3348474,3348804
NC_2304,3350994,3351268
NC_2305,3353469,3353482
NC_2306,3355070,3355098
NC_2307,3356542,3356814
NC_2308,3357429,3357601
NC_2309,3358568,3358611
NC_2310,3359272,3359584
NC_2311,3360587,3360623
NC_2312,3362987,3363347
NC_2313,3363687,3363692
NC_2314,3364533,3364708
NC_2315,3365831,3365835
NC_2316,3366451,3366643
NC_2317,3368794,3368822
NC_2318,3369855,3369949
NC_2319,3371731,3371814
NC_2320,3372472,3372544
NC_2321,3374621,3374650
NC_2322,3375665,3375757
NC_2323,3376388,3376489
NC_2324,3376853,3376938
NC_2325,3378244,3378328
NC_2326,3378416,3378710
NC_2327,3379002,3379035
NC_2328,3379330,3379375
NC_2329,3380994,3381374
NC_2330,3382623,3382784
NC_2331,3385067,3385162
NC_2332,3386920,3387074
NC_2333,3388032,3388069
NC_2334,3388871,3389100
NC_2335,3391503,3391533
NC_2336,3392779,3392811
NC_2337,3393202,3393379
NC_2338,3393929,3394018
NC_2339,3394922,3395378
NC_2340,3397142,3397213
NC_2341,3398291,3398424
NC_2342,3399409,3399418
NC_2343,3400184,3400191
NC_2344,3401919,3401932
NC_2345,3403163,3403199
NC_2346,3404922,3405135
NC_2347,3406216,3406284
NC_2348,3407689,3408021
NC_2349,3408307,3408403
NC_2350,3409379,3409508
NC_2351,3411084,3411216
NC_2352,3411958,3412084
NC_2353,3414167,3414231
NC_2354,3414685,3414718
NC_2355,3414959,3415434
NC_2356,3415990,3416080
NC_2357,3416696,3416704
NC_2358,3417746,3417798
NC_2359,3418663,3418725
NC_2360,3419377,3419491
NC_2361,3420971,3421740
NC_2362,3423214,3423261
NC_2363,3425428,3425583
NC_2364,3427108,3427242
NC_2365,3429520,3429824
NC_2366,3430251,3430386
NC_2367,3431316,3431427
NC_2368,3431839,3431978
NC_2369,3433623,3433691
NC_2370,3435574,3435797
NC_2371,3436323,3436328
NC_2372,3436686,3436778
NC_2373,3438974,3439071
NC_2374,3441755,3441769
NC_2375,3442598,3442655
NC_2376,3445989,3446039
NC_2377,3447279,3447403
NC_2378,3448427,3448503
NC_2379,3449992,3449996
NC_2380,3451751,3451780
NC_2381,3452888,3452924
NC_2382,3457273,3458210
NC_2383,3459099,3459115
NC_2384,3460808,3460813
NC_2385,3461735,3461759
NC_2386,3463892,3463972
NC_2387,3464450,3464546
NC_2388,3465687,3465777
NC_2389,3467092,3467209
NC_2390,3467927,3468412
NC_2391,3469265,3469300
NC_2392,3469784,3469785
NC_2393,3471370,3471412
NC_2394,3471851,3471851
NC_2395,3473905,3474006
NC_2396,3476962,3477059
NC_2397,3477501,3477648
NC_2398,3478729,3478778
NC_2399,3479684,3479699
NC_2400,3479952,3480073
NC_2401,3480743,3480758
NC_2402,3481290,3481450
NC_2403,3482699,3482775
NC_2404,3483946,3483973
NC_2405,3484808,3484808
NC_2406,3485112,3485131
NC_2407,3486175,3486508
NC_2408,3487712,3488088
NC_2409,3488560,3488568
NC_2410,3489064,3489505
NC_2411,3490376,3490475
NC_2412,3491652,3491807
NC_2413,3492123,3492146
NC_2414,3494182,3494659
NC_2415,3496367,3496550
NC_2416,3499916,3499942
NC_2417,3500750,3501333
NC_2418,3501733,3501793
NC_2419,3502937,3502944
NC_2420,3503278,3503392
NC_2421,3504176,3504194
NC_2422,3505284,3505362
NC_2423,3506770,3506789
NC_2424,3507996,3508094
NC_2425,3509067,3509117
NC_2426,3509547,3509653
NC_2427,3510056,3510087
NC_2428,3511318,3511681
NC_2429,3512069,3512076
NC_2430,3519167,3519281
NC_2431,3522224,3522233
NC_2432,3527386,3527390
NC_2433,3529164,3529337
NC_2434,3529980,3529989
NC_2435,3531139,3531207
NC_2436,3532914,3532942
NC_2437,3533906,3533912
NC_2438,3535352,3535430
NC_2439,3536058,3536101
NC_2440,3538363,3538504
NC_2441,3540746,3540881
NC_2442,3541365,3541442
NC_2443,3542046,3542137
NC_2444,3542846,3542859
NC_2445,3545301,3545446
NC_2446,3546308,3546437
NC_2447,3546798,3547617
NC_2448,3548908,3549253
NC_2449,3549689,3549690
NC_2450,3550144,3550373
NC_2451,3551045,3551280
NC_2452,3552543,3552763
NC_2453,3554026,3554297
NC_2454,3555263,3555421
NC_2455,3556688,3556854
NC_2456,3557065,3557310
NC_2457,3558346,3559562
NC_2458,3560025,3560193
NC_2459,3563173,3563263
NC_2460,3564287,3564363
NC_2461,3565783,3565787
NC_2462,3566688,3566695
NC_2463,3566897,3567023
NC_2464,3568368,3568400
NC_2465,3568680,3569108
NC_2466,3571212,3571334
NC_2467,3571590,3571601
NC_2468,3572544,3572601
NC_2469,3573670,3573730
NC_2470,3580201,3580637
NC_2471,3581313,3581314
NC_2472,3581621,3581626
NC_2473,3582506,3582531
NC_2474,3583711,3583800
NC_2475,3584659,3585003
NC_2476,3585950,3586273
NC_2477,3586835,3586843
NC_2478,3587540,3587797
NC_2479,3589382,3589393
NC_2480,3590618,3590691
NC_2481,3591493,3591645
NC_2482,3594236,3594467
NC_2483,3595434,3595712
NC_2484,3595968,3596028
NC_2485,3597535,3597550
NC_2486,3597767,3598050
NC_2487,3599552,3599850
NC_2488,3602441,3602563
NC_2489,3603323,3603376
NC_2490,3605719,3605750
NC_2491,3607035,3607111
NC_2492,3608255,3608363
NC_2493,3609758,3609780
NC_2494,3610372,3610373
NC_2495,3611190,3611299
NC_2496,3611942,3611958
NC_2497,3613117,3613120
NC_2498,3613604,3613663
NC_2499,3614399,3614456
NC_2500,3617604,3617681
NC_2501,3620532,3620609
NC_2502,3621255,3621569
NC_2503,3622212,3622248
NC_2504,3623092,3623158
NC_2505,3626614,3626662
NC_2506,3627350,3627418
NC_2507,3628064,3628159
NC_2508,3629648,3629751
NC_2509,3630567,3630570
NC_2510,3631989,3632096
NC_2511,3633585,3633674
NC_2512,3636268,3636274
NC_2513,3638710,3638810
NC_2514,3639303,3639424
NC_2515,3639845,3639871
NC_2516,3640142,3640542
NC_2517,3642882,3643176
NC_2518,3644839,3644897
NC_2519,3645978,3645978
NC_2520,3646885,3646894
NC_2521,3647810,3647884
NC_2522,3649382,3649419
NC_2523,3650110,3650233
NC_2524,3650516,3650525
NC_2525,3653348,3653447
NC_2526,3654633,3654636
NC_2527,3658090,3658113
NC_2528,3661170,3661211
NC_2529,3662013,3662061
NC_2530,3664888,3664927
NC_2531,3666250,3666356
NC_2532,3668160,3668168
NC_2533,3669389,3669585
NC_2534,3670000,3670033
NC_2535,3670412,3670444
NC_2536,3671795,3671844
NC_2537,3672298,3672327
NC_2538,3673576,3673601
NC_2539,3675087,3675185
NC_2540,3675996,3676065
NC_2541,3676732,3676774
NC_2542,3681317,3681319
NC_2543,3682088,3682109
NC_2544,3683025,3683050
NC_2545,3685964,3685982
NC_2546,3686901,3686911
NC_2547,3687578,3687684
NC_2548,3689443,3689456
NC_2549,3690939,3691140
NC_2550,3691621,3691638
NC_2551,3693990,3694053
NC_2552,3694861,3694863
NC_2553,3696469,3696469
NC_2554,3697094,3697197
NC_2555,3698098,3698120
NC_2556,3699384,3699403
NC_2557,3700331,3700704
NC_2558,3701017,3701086
NC_2559,3703866,3704101
NC_2560,3704872,3704999
NC_2561,3707564,3707641
NC_2562,3708071,3708073
NC_2563,3708317,3708437
NC_2564,3710380,3710432
NC_2565,3711695,3711748
NC_2566,3714333,3714391
NC_2567,3715709,3715776
NC_2568,3716995,3717089
NC_2569,3719747,3719936
NC_2570,3720783,3721256
NC_2571,3721698,3721730
NC_2572,3722601,3722620
NC_2573,3723632,3723655
NC_2574,3724549,3724614
NC_2575,3725845,3726126
NC_2576,3727477,3727487
NC_2577,3729356,3729363
NC_2578,3736936,3736983
NC_2579,3742775,3743197
NC_2580,3743456,3743710
NC_2581,3753185,3753764
NC_2582,3754257,3754292
NC_2583,3755034,3755951
NC_2584,3767103,3767345
NC_2585,3768141,3768221
NC_2586,3768594,3768735
NC_2587,3768997,3769110
NC_2588,3769501,3769513
NC_2589,3770650,3770772
NC_2590,3771303,3771343
NC_2591,3772535,3772650
NC_2592,3773568,3773573
NC_2593,3777502,3777736
NC_2594,3778202,3778567
NC_2595,3781413,3781500
NC_2596,3784741,3784931
NC_2597,3786273,3786313
NC_2598,3787490,3787725
NC_2599,3788617,3788620
NC_2600,3790049,3790155
NC_2601,3790810,3790847
NC_2602,3792354,3792357
NC_2603,3793249,3793256
NC_2604,3794868,3795099
NC_2605,3796362,3796447
NC_2606,3798490,3799242
NC_2607,3799944,3800091
NC_2608,3801464,3801652
NC_2609,3803849,3803918
NC_2610,3804792,3804864
NC_2611,3805576,3805620
NC_2612,3808438,3808460
NC_2613,3809388,3809441
NC_2614,3811637,3811718
NC_2615,3812346,3812500
NC_2616,3814079,3814089
NC_2617,3814999,3815026
NC_2618,3816107,3816128
NC_2619,3817176,3817238
NC_2620,3818028,3818041
NC_2621,3820403,3820652
NC_2622,3821892,3822261
NC_2623,3823864,3823879
NC_2624,3824585,3824701
NC_2625,3825269,3825329
NC_2626,3826218,3826251
NC_2627,3826959,3826990
NC_2628,3828728,3828782
NC_2629,3829911,3829929
NC_2630,3831520,3831725
NC_2631,3832137,3832145
NC_2632,3833677,3833693
NC_2633,3834522,3834891
NC_2634,3835201,3835271
NC_2635,3836892,3836985
NC_2636,3837289,3837554
NC_2637,3841421,3841713
NC_2638,3842077,3842238
NC_2639,3842770,3843035
NC_2640,3843735,3843884
NC_2641,3844641,3844737
NC_2642,3845971,3847164
NC_2643,3848806,3849293
NC_2644,3850140,3850371
NC_2645,3851755,3851791
NC_2646,3853214,3853214
NC_2647,3853929,3853938
NC_2648,3854794,3855014
NC_2649,3856890,3856910
NC_2650,3857388,3857396
NC_2651,3858240,3858258
NC_2652,3859663,3859664
NC_2653,3859977,3860023
NC_2654,3861371,3861494
NC_2655,3862391,3862623
NC_2656,3862927,3862946
NC_2657,3863265,3863316
NC_2658,3868239,3868351
NC_2659,3872497,3872616
NC_2660,3873406,3873451
NC_2661,3874133,3874403
NC_2662,3874737,3874821
NC_2663,3876823,3876889
NC_2664,3877433,3877463
NC_2665,3878508,3878658
NC_2666,3879265,3879272
NC_2667,3879693,3879695
NC_2668,3880071,3880285
NC_2669,3880400,3880431
NC_2670,3880654,3880906
NC_2671,3881765,3881836
NC_2672,3882833,3882833
NC_2673,3883443,3883524
NC_2674,3884918,3884974
NC_2675,3886070,3886072
NC_2676,3887084,3887143
NC_2677,3888803,3888807
NC_2678,3889342,3889361
NC_2679,3889869,3889947
NC_2680,3890734,3890829
NC_2681,3892092,3892370
NC_2682,3893721,3894092
NC_2683,3894390,3894425
NC_2684,3895608,3895819
NC_2685,3898886,3898908
NC_2686,3900403,3900492
NC_2687,3901183,3901323
NC_2688,3902107,3902149
NC_2689,3902813,3903077
NC_2690,3904617,3904621
NC_2691,3905567,3905771
NC_2692,3907008,3907666
NC_2693,3907991,3908071
NC_2694,3909739,3909889
NC_2695,3913370,3913379
NC_2696,3919201,3919219
NC_2697,3920063,3920096
NC_2698,3920862,3921086
NC_2699,3922041,3922064
NC_2700,3922257,3922470
NC_2701,3923674,3923697
NC_2702,3924820,3924889
NC_2703,3926399,3926568
NC_2704,3930715,3931004
NC_2705,3936711,3936876
NC_2706,3939258,3939616
NC_2707,3944964,3945091
NC_2708,3945749,3945793
NC_2709,3950264,3950823
NC_2710,3952471,3952543
NC_2711,3953336,3953430
NC_2712,3954271,3954324
NC_2713,3955522,3955549
NC_2714,3956261,3956324
NC_2715,3957369,3957520
NC_2716,3958433,3958447
NC_2717,3959513,3959528
NC_2718,3960714,3960754
NC_2719,3961787,3961799
NC_2720,3962325,3962438
NC_2721,3963600,3963604
NC_2722,3964055,3964478
NC_2723,3965193,3965883
NC_2724,3968945,3969342
NC_2725,3970564,3970704
NC_2726,3972454,3972551
NC_2727,3974501,3974510
NC_2728,3975297,3975368
NC_2729,3977061,3977061
NC_2730,3977923,3978058
NC_2731,3985446,3985556
NC_2732,3986733,3986843
NC_2733,3987300,3987381
NC_2734,3988297,3988318
NC_2735,3989099,3989152
NC_2736,3991524,3991620
NC_2737,3994743,3994829
NC_2738,3995700,3995803
NC_2739,3996965,3997028
NC_2740,3997632,3997979
NC_2741,3999639,3999646
NC_2742,4001590,4001636
NC_2743,4008434,4008718
NC_2744,4009283,4009296
NC_2745,4011072,4011085
NC_2746,4012271,4012416
NC_2747,4013494,4013510
NC_2748,4014042,4014076
NC_2749,4016213,4016483
NC_2750,4017084,4017088
NC_2751,4018169,4018357
NC_2752,4019072,4019261
NC_2753,4020129,4020141
NC_2754,4021384,4021424
NC_2755,4023804,4023867
NC_2756,4025040,4025055
NC_2757,4025545,4025829
NC_2758,4026379,4026443
NC_2759,4027887,4027890
NC_2760,4029763,4029870
NC_2761,4033159,4033268
NC_2762,4034043,4034056
NC_2763,4035711,4035856
NC_2764,4036685,4036730
NC_2765,4038051,4038157
NC_2766,4040705,4040980
NC_2767,4041320,4041422
NC_2768,4042941,4042951
NC_2769,4043036,4043040
NC_2770,4043860,4043861
NC_2771,4046119,4046302
NC_2772,4047497,4047704
NC_2773,4050586,4050600
NC_2774,4052884,4052949
NC_2775,4053848,4053880
NC_2776,4054043,4054141
NC_2777,4054697,4054811
NC_2778,4055124,4055196
NC_2779,4056376,4057732
NC_2780,4059886,4059983
NC_2781,4060269,4060294
NC_2782,4060592,4060647
NC_2783,4061890,4061898
NC_2784,4062199,4062526
NC_2785,4063250,4063253
NC_2786,4067286,4067422
NC_2787,4067912,4067956
NC_2788,4069055,4069174
NC_2789,4070471,4070513
NC_2790,4071581,4071790
NC_2791,4073612,4073633
NC_2792,4075410,4075751
NC_2793,4076100,4076483
NC_2794,4077731,4077883
NC_2795,4078451,4078519
NC_2796,4079750,4079924
NC_2797,4080561,4080570
NC_2798,4080766,4081159
NC_2799,4081352,4081515
NC_2800,4082722,4082806
NC_2801,4087258,4087609
NC_2802,4088189,4088327
NC_2803,4088532,4088780
NC_2804,4091097,4091232
NC_2805,4091518,4091840
NC_2806,4092879,4093631
NC_2807,4094528,4094659
NC_2808,4094915,4094922
NC_2809,4095301,4095323
NC_2810,4095531,4095539
NC_2811,4096116,4096138
NC_2812,4097995,4098095
NC_2813,4099149,4099646
NC_2814,4100511,4101264
NC_2815,4104476,4104530
NC_2816,4105458,4105458
NC_2817,4107085,4107791
NC_2818,4109748,4109782
NC_2819,4110482,4110826
NC_2820,4113516,4113520
NC_2821,4114343,4114473
NC_2822,4115895,4116001
NC_2823,4116380,4116477
NC_2824,4117153,4117257
NC_2825,4118053,4118058
NC_2826,4118515,4118529
NC_2827,4118692,4118775
NC_2828,4120956,4121197
NC_2829,4121555,4121915
NC_2830,4124349,4124416
NC_2831,4125377,4125438
NC_2832,4126480,4127294
NC_2833,4128726,4128750
NC_2834,4129084,4129322
NC_2835,4129692,4129892
NC_2836,4131713,4131738
NC_2837,4132393,4132517
NC_2838,4134593,4134725
NC_2839,4136049,4136121
NC_2840,4137115,4137205
NC_2841,4138139,4138201
NC_2842,4139756,4139804
NC_2843,4140464,4140492
NC_2844,4142023,4142043
NC_2845,4142746,4142747
NC_2846,4143921,4143950
NC_2847,4148187,4148317
NC_2848,4148963,4149090
NC_2849,4149481,4149590
NC_2850,4149912,4150029
NC_2851,4151041,4151179
NC_2852,4153484,4153739
NC_2853,4155675,4155739
NC_2854,4156730,4156980
NC_2855,4158223,4158226
NC_2856,4158923,4158930
NC_2857,4159822,4159888
NC_2858,4160501,4160511
NC_2859,4160914,4161047
NC_2860,4161774,4161814
NC_2861,4162259,4162305
NC_2862,4163719,4163735
NC_2863,4166732,4166820
NC_2864,4168129,4168535
NC_2865,4169301,4169466
NC_2866,4170170,4170213
NC_2867,4171144,4171420
NC_2868,4172615,4172954
NC_2869,4174764,4174872
NC_2870,4178071,4178284
NC_2871,4180616,4180679
NC_2872,4181721,4181757
NC_2873,4182835,4182933
NC_2874,4183993,4184011
NC_2875,4184513,4184525
NC_2876,4185891,4186088
NC_2877,4186578,4186633
NC_2878,4187696,4187698
NC_2879,4190233,4190283
NC_2880,4190518,4190832
NC_2881,4193246,4193390
NC_2882,4195374,4195439
NC_2883,4195803,4195885
NC_2884,4196099,4196170
NC_2885,4196507,4196723
NC_2886,4197108,4197235
NC_2887,4197596,4197627
NC_2888,4198138,4198204
NC_2889,4198598,4198873
NC_2890,4199090,4199246
NC_2891,4199706,4199720
NC_2892,4200222,4200420
NC_2893,4201889,4201893
NC_2894,4204418,4204425
NC_2895,4205374,4205537
NC_2896,4205841,4205861
NC_2897,4206918,4206995
NC_2898,4208877,4209046
NC_2899,4209527,4209581
NC_2900,4211010,4211079
NC_2901,4211785,4212292
NC_2902,4212983,4212995
NC_2903,4213941,4214069
NC_2904,4214430,4214614
NC_2905,4214888,4215199
NC_2906,4215776,4215880
NC_2907,4216064,4216077
NC_2908,4216270,4216403
NC_2909,4216731,4217133
NC_2910,4218196,4218240
NC_2911,4218826,4218848
NC_2912,4219674,4219684
NC_2913,4220933,4221088
NC_2914,4222649,4222693
NC_2915,4223681,4223698
NC_2916,4224896,4224984
NC_2917,4226986,4226988
NC_2918,4227526,4227528
NC_2919,4230101,4230255
NC_2920,4231237,4231319
NC_2921,4233598,4233609
NC_2922,4234537,4234779
NC_2923,4235266,4235373
NC_2924,4235740,4235778
NC_2925,4237930,4237931
NC_2926,4243148,4243232
NC_2927,4249811,4249877
NC_2928,4251006,4251084
NC_2929,4252867,4252992
NC_2930,4254328,4254379
NC_2931,4261147,4261152
NC_2932,4263067,4263354
NC_2933,4264366,4264562
NC_2934,4265463,4265641
NC_2935,4266659,4266952
NC_2936,4268837,4268924
NC_2937,4269834,4269839
NC_2938,4270338,4270365
NC_2939,4273476,4273738
NC_2940,4274594,4274797
NC_2941,4276418,4276570
NC_2942,4278086,4278393
NC_2943,4279216,4279229
NC_2944,4280016,4280032
NC_2945,4280789,4280791
NC_2946,4281572,4281646
NC_2947,4282403,4282448
NC_2948,4284332,4284418
NC_2949,4285826,4285972
NC_2950,4286687,4286720
NC_2951,4287936,4288259
NC_2952,4291530,4291638
NC_2953,4293175,4293224
NC_2954,4299606,4299811
NC_2955,4305009,4305055
NC_2956,4305686,4305756
NC_2957,4306812,4306866
NC_2958,4308915,4309046
NC_2959,4310397,4310400
NC_2960,4310815,4311008
NC_2961,4312670,4312764
NC_2962,4313542,4313566
NC_2963,4313981,4314177
NC_2964,4314724,4314737
NC_2965,4315563,4315567
NC_2966,4316597,4318774
NC_2967,4319267,4319280
NC_2968,4319641,4320703
NC_2969,4321328,4321537
NC_2970,4322072,4322325
NC_2971,4323235,4323498
NC_2972,4323898,4324014
NC_2973,4324672,4324682
NC_2974,4324968,4325073
NC_2975,4325479,4325494
NC_2976,4325969,4326003
NC_2977,4327474,4327548
NC_2978,4328200,4328400
NC_2979,4329409,4329416
NC_2980,4329615,4330038
NC_2981,4336082,4336776
NC_2982,4338522,4338848
NC_2983,4340028,4340269
NC_2984,4341479,4341565
NC_2985,4341878,4341879
NC_2986,4342732,4342769
NC_2987,4345036,4345038
NC_2988,4348725,4348826
NC_2989,4350603,4350744
NC_2990,4351045,4351074
NC_2991,4352182,4352273
NC_2992,4352577,4352608
NC_2993,4352897,4353009
NC_2994,4356543,4356692
NC_2995,4357536,4357592
NC_2996,4359783,4360198
NC_2997,4361926,4362031
NC_2998,4364758,4364978
NC_2999,4366839,4366907
NC_3000,4372707,4372799
NC_3001,4373631,4373725
NC_3002,4374014,4374048
NC_3003,4374373,4374483
NC_3004,4375684,4375761
NC_3005,4375996,4376261
NC_3006,4381941,4381942
NC_3007,4382852,4383007
NC_3008,4383641,4383652
NC_3009,4383986,4384146
NC_3010,4386309,4386364
NC_3011,4386815,4387364
NC_3012,4390433,4390436
NC_3013,4390710,4390719
NC_3014,4391032,4391096
NC_3015,4391607,4391630
NC_3016,4393074,4393448
NC_3017,4400152,4400185
NC_3018,4400855,4400869
NC_3019,4401635,4401727
NC_3020,4403083,4403191
NC_3021,4404413,4404432
NC_3022,4405168,4405456
NC_3023,4408203,4408333
NC_3024,4408898,4408968
NC_3025,4410930,4411532
