pid,Original_ID,SampleID,Sampling_Week,Coll2014,Freschi2020,Lipworth2019,Shitikov2017,Stucki2016,F2,Lineage,Paired_Sample_Num,total_samples
T0002,S0002-01,MFS-509,1,4.8,4.2.1.1.1.1.1.1.i1,canetti,,4.10/PGG3,0.0055553470215082,4,1,2
T0002,S0002-05,MFS-510,5,4.8,4.2.1.1.1.1.1.1.i1,canetti,,4.10/PGG3,0.0080768660771624,4,2,2
T0003,S0003-01,MFS-511,1,2.2.1,2.2.1.1.1,"beijing,mungi",lin2.2.1,,0.0061153174140943,2,1,2
T0003,S0003-08,MFS-512,8,2.2.1,2.2.1.1.1,"beijing,mungi",lin2.2.1,,0.0062841041238035,2,2,2
T0004,04-01,MFS-1,1,2.2.1.1,2.2.1.1.1,"beijing,mungi","lin2.2.1,pacific_RD150",,0.008273864929155,2,1,2
T0004,04-08,MFS-2,8,2.2.1.1,2.2.1.1.1,"beijing,mungi","lin2.2.1,pacific_RD150",,0.0071923966092987,2,2,2
T0005,S0005-01,MFS-332,1,2.2.1.1,2.2.1.1.1,"beijing,mungi","lin2.2.1,pacific_RD150",,0.0078120399630989,2,1,2
T0005,S0005-08,MFS-333,8,2.2.1.1,2.2.1.1.1,"beijing,mungi","lin2.2.1,pacific_RD150",,0.0074412921216298,2,2,2
T0008,08-01,MFS-4,1,4.1.1.1,4.1.i1.2.1,"xtype,westafrican1",,4,0.006519558676028,4,1,2
T0008,S0008-06,MFS-513,6,4.1.1.1,4.1.i1.2.1,"xtype,westafrican1",,4,0.0061972014742816,4,2,2
T0009,S0009-01,MFS-334,1,4.1.2.1,4.1.i1.1.1.1,haarlem,,4.1.2/Haarlem,0.0122218639148661,4,1,2
T0009,S0009-08,MFS-335,8,4.1.2.1,4.1.i1.1.1.1,haarlem,,4.1.2/Haarlem,0.0120369444166583,4,2,2
T0010,S0010-01,MFS-336,1,"4.1.1.1,2.2.1.1","4.1.i1.2.1,2.2.1.1.1","beijing,xtype,westafrican1","lin2.2.1,pacific_RD150",,0.4590220783724424,"2,4",1,2
T0010,S0010-08,MFS-337,8,2.2.1.1,2.2.1.1.1,"beijing,mungi","lin2.2.1,pacific_RD150",,0.008736797634136,2,2,2
T0011,S0011-01,MFS-514,1,2.2.1.1,2.2.1.1.1,"beijing,mungi","lin2.2.1,pacific_RD150",,0.0085594568554079,2,1,2
T0011,S0011-07,MFS-515,7,2.2.1.1,2.2.1.1.1,"beijing,mungi","lin2.2.1,pacific_RD150",,0.0064030554931476,2,2,2
T0012,S0012-01,MFS-516,1,4.1.1.3,4.1.i1.2.1,xtype,,4,0.0094244633291715,4,1,2
T0012,S0012-08,MFS-517,8,4.1.1.3,4.1.i1.2.1,xtype,,4,0.0083726334495249,4,2,2
T0018,18-01,MFS-7,1,2.2.1.1,2.2.1.1.1,"beijing,mungi","lin2.2.1,pacific_RD150",,0.0082304526748971,2,1,2
T0018,18-06,MFS-8,6,2.2.1.1,2.2.1.1.1,"beijing,mungi","lin2.2.1,pacific_RD150",,0.0072462371600917,2,2,2
T0019,S0019-01,MFS-521,1,4.3.3,4.2.1.2.1.1.i4.1,lam,,4.3/LAM,0.0050325015726567,4,1,2
T0019,S0019-08,MFS-522,8,4.3.3,4.2.1.2.1.1.i4.1,lam,,4.3/LAM,0.0039060905069751,4,2,2
T0020,S0020-01,MFS-523,1,3.1.1,3.1.1.i1,"east_african_indian,ghana,mungi",,,0.0113384819715677,3,1,2
T0020,S0020-05,MFS-718,5,3.1.1,3.1.1.i1,"east_african_indian,ghana,mungi",,,0.0100142453171177,3,2,2
T0021,21-01,MFS-9,1,4.3.2.1,4.2.1.2.1.1.i1,lam,,4.3/LAM,0.0084485851513222,4,1,2
T0021,21-07,MFS-10,7,4.3.2.1,4.2.1.2.1.1.i1,lam,,4.3/LAM,0.0087206371610041,4,2,2
T0022,S0022-01,MFS-524,1,4.1.1.1,4.1.i1.2.1,"xtype,westafrican1",,4,0.0058670143415906,4,1,2
T0022,S0022-08,MFS-525,8,4.1.1.1,4.1.i1.2.1,"xtype,westafrican1",,4,0.0068327974276527,4,2,2
T0023,S0023-01,MFS-526,1,4.1.1.3,4.1.i1.2.1,xtype,,4,0.0086950424233924,4,1,2
T0023,S0023-06,MFS-527,6,4.1.1.3,4.1.i1.2.1,xtype,,4,0.009647495361781,4,2,2
T0024,24-01,MFS-11,1,4.1.1.3,4.1.i1.2.1,xtype,,4,0.010575296108291,4,1,2
T0024,24-08,MFS-12,8,4.1.1.3,4.1.i1.2.1,xtype,,4,0.0097429867293801,4,2,2
T0025,S0025-01,MFS-528,1,2.2.1,2.2.1.1.1,"beijing,mungi",lin2.2.1,,0.0089473684210526,2,1,2
T0025,S0025-09,MFS-529,9,2.2.1,2.2.1.1.1,"beijing,mungi",lin2.2.1,,0.007850328642367,2,2,2
T0026,S0026-01,MFS-338,1,2.2.1.1,2.2.1.1.1,"beijing,mungi","lin2.2.1,pacific_RD150",,0.0080918290778559,2,1,2
T0026,S0026-08,MFS-339,8,2.2.1.1,2.2.1.1.1,"beijing,mungi","lin2.2.1,pacific_RD150",,0.0097327501316783,2,2,2
T0028,28-01,MFS-13,1,4.3.2.1,4.2.1.2.1.1.i1,lam,,4.3/LAM,0.0091309130913091,4,1,2
T0028,28-06,MFS-14,6,4.3.2.1,4.2.1.2.1.1.i1,lam,,4.3/LAM,0.0089951849304195,4,2,2
T0031,31-01,MFS-16,1,2.2.1,2.2.1.1.1,"beijing,mungi",lin2.2.1,,0.0076692301191582,2,1,2
T0031,31-08,MFS-17,8,2.2.1,2.2.1.1.1,"beijing,mungi",lin2.2.1,,0.0080285131634546,2,2,2
T0032,S0032-01,MFS-531,1,2.2.1.1,2.2.1.1.1,"beijing,mungi","lin2.2.1,pacific_RD150",,0.007340146802936,2,1,2
T0032,S0032-07,MFS-532,7,2.2.1.1,2.2.1.1.1,"beijing,mungi","lin2.2.1,pacific_RD150",,0.0075656430796617,2,2,2
T0033,33-01,MFS-18,1,2.2.1,2.2.1.1.1.i2,"beijing,mungi",lin2.2.1,,0.0068973128069304,2,1,2
T0033,33-05,MFS-19,5,2.2.1,2.2.1.1.1.i2,"beijing,mungi",lin2.2.1,,0.0068347239481626,2,2,2
T0034,S0034-01,MFS-533,1,2.2.1,2.2.1.1.1,"beijing,mungi",lin2.2.1,,0.0073916824389994,2,1,2
T0034,S0034-06,MFS-534,6,2.2.1,2.2.1.1.1,"beijing,mungi",lin2.2.1,,0.0077694115390149,2,2,2
T0035,S0035-01,MFS-340,1,2.2.1.1,2.2.1.1.1,"beijing,mungi","lin2.2.1,pacific_RD150",,0.0084474220798135,2,1,2
T0035,S0035-07,MFS-341,7,2.2.1.1,2.2.1.1.1,"beijing,mungi","lin2.2.1,pacific_RD150",,0.0084895566823277,2,2,2
T0036,S0036-01,MFS-535,1,4.9,4.2.1.1.1.1.1.1.i2,,,4.10/PGG3,0.0062954744826874,4,1,2
T0036,S0036-05,MFS-536,5,4.9,4.2.1.1.1.1.1.1.i2,,,4.10/PGG3,0.0059944799033983,4,2,2
T0038,S0038-01,MFS-342,1,2.2.1.1,2.2.1.1.1,"beijing,mungi","lin2.2.1,pacific_RD150",,0.0093429706928207,2,1,2
T0038,S0038-06,MFS-343,6,2.2.1.1,2.2.1.1.1,"beijing,haarlem,mungi","lin2.2.1,pacific_RD150",,0.0085495526781432,2,2,2
T0039,39-01,MFS-20,1,3.1.1,3.1.1.i1,"east_african_indian,ghana,mungi",,,0.0105014021758587,3,1,2
T0039,39-06,MFS-21,6,3.1.1,3.1.1.i1,"east_african_indian,ghana,mungi",,,0.0104803812375613,3,2,2
T0040,S0040-01,MFS-719,1,2.2.1.1,2.2.1.1.1,"beijing,mungi","lin2.2.1,pacific_RD150",,0.0071983158657219,2,1,2
T0040,S0040-05,MFS-720,5,2.2.1.1,2.2.1.1.1,"beijing,mungi","lin2.2.1,pacific_RD150",,0.0075514107139336,2,2,2
T0042,42-01,MFS-23,1,4.3.4.2.1,4.2.1.2.1.1.i3.1,lam,,4.3/LAM,0.0038107890780687,4,1,4
T0042,S0042-05,MFS-722,5,4.3.4.2.1,4.2.1.2.1.1.i3.1,lam,,4.3/LAM,0.003160453808752,4,2,4
T0043,S0043-01,MFS-723,1,2.2.1.1,2.2.1.1.1,"beijing,mungi","lin2.2.1,pacific_RD150",,0.0064010508855714,2,1,2
T0043,S0043-08,MFS-724,8,2.2.1.1,2.2.1.1.1,"beijing,mungi","lin2.2.1,pacific_RD150",,0.0067282809611829,2,2,2
T0044,S0044-01,MFS-537,1,2.2.1.1,2.2.1.1.1,"beijing,mungi","lin2.2.1,pacific_RD150",,0.0072740529842713,2,1,2
T0044,S0044-05,MFS-538,5,2.2.1.1,2.2.1.1.1,"beijing,mungi","lin2.2.1,pacific_RD150",,0.0069435370975268,2,2,2
T0045,45-01,MFS-25,1,4.3.2.1,4.2.1.2.1.1.i1,lam,,4.3/LAM,0.0094526705446853,4,1,2
T0045,45-07,MFS-26,7,4.3.2.1,4.2.1.2.1.1.i1,lam,,4.3/LAM,0.0098408104196816,4,2,2
T0046,S0046-01,MFS-539,1,2.2.1,2.2.1.1.1,"beijing,canetti,mungi",lin2.2.1,,0.0072596970472578,2,1,2
T0046,S0046-07,MFS-540,7,2.2.1,2.2.1.1.1,"beijing,mungi",lin2.2.1,,0.007823542292915,2,2,2
T0048,S0048-01,MFS-725,1,4.4.1.1,4.2.1.2.2.1.1,stype,,4,0.0046393683543209,4,1,2
T0048,S0048-06,MFS-726,6,4.4.1.1,4.2.1.2.2.1.1,stype,,4,0.0052688645681564,4,2,2
T0049,49-01,MFS-28,1,4.1.1.1,4.1.i1.2.1,xtype,,4,0.0069541657258974,4,1,2
T0049,49-08,MFS-29,8,4.1.1.1,4.1.i1.2.1,xtype,,4,0.0076979472140762,4,2,2
T0051,S0051-01,MFS-727,1,4.4.1.1,4.2.1.2.2.1.1,stype,,4,0.0064694401193008,4,1,3
T0051,S0051-05,MFS-541,5,4.4.1.1,4.2.1.2.2.1.1,stype,,4,0.0042044700154901,4,2,3
T0052,52-01,MFS-30,1,2.2.1.1,2.2.1.1.1,"beijing,mungi","lin2.2.1,pacific_RD150",,0.0083175026954869,2,1,2
T0052,52-06,MFS-31,6,2.2.1.1,2.2.1.1.1,"beijing,mungi","lin2.2.1,pacific_RD150",,0.0074377930039668,2,2,2
T0054,S0054-02,MFS-542,2,4.3.2.1,4.2.1.2.1.1.i1,lam,,4.3/LAM,0.0055397277619499,4,1,2
T0054,S0054-09,MFS-543,9,4.3.2.1,4.2.1.2.1.1.i1,lam,,4.3/LAM,0.0061396359684868,4,2,2
T0055,55-01,MFS-33,1,2.2.1.1,2.2.1.1.1,"beijing,mungi","lin2.2.1,pacific_RD150",,0.0082946717278222,2,1,2
T0055,55-08,MFS-34,8,2.2.1.1,2.2.1.1.1,"beijing,mungi","lin2.2.1,pacific_RD150",,0.0075312910401758,2,2,2
T0056,56-01,MFS-35,1,4.2.2,4.2.2.1,tur,,4,0.0124235597038944,4,1,2
T0056,56-04,MFS-36,4,4.2.2,4.2.2.1,tur,,4,0.0115409567384846,4,2,2
T0057,S0057-01,MFS-544,1,4.1.2.1,4.1.i1.1.1.1,haarlem,,4.1.2/Haarlem,0.0056395795949756,4,1,2
T0057,S0057-04,MFS-545,4,4.1.2.1,4.1.i1.1.1.1,haarlem,,4.1.2/Haarlem,0.0055466064400418,4,2,2
T0058,S0058-01,MFS-546,1,3,3.1.1,"east_african_indian,ghana,mungi",,,0.0097172419456381,3,1,2
T0058,S0058-09,MFS-547,9,3,3.1.1,"east_african_indian,ghana,mungi",,,0.008214662786805,3,2,2
T0059,S0059-01,MFS-344,1,2.2.1.1,2.2.1.1.1,"beijing,mungi","lin2.2.1,pacific_RD150",,0.0088760993798889,2,1,2
T0059,S0059-08,MFS-345,8,2.2.1.1,2.2.1.1.1,"beijing,canetti,mungi","lin2.2.1,pacific_RD150",,0.0086907974318414,2,2,2
T0060,S0060-01,MFS-548,1,2.2.1.1,2.2.1.1.1,"beijing,mungi","lin2.2.1,pacific_RD150",,0.007029011461318,2,1,2
T0060,S0060-04,MFS-549,4,2.2.1.1,2.2.1.1.1,"beijing,mungi","lin2.2.1,pacific_RD150",,0.0073274651184567,2,2,2
T0061,S0061-01,MFS-346,1,2.2.1.1,2.2.1.1.1,"beijing,mungi","lin2.2.1,pacific_RD150",,0.0103889585947302,2,1,2
T0061,S0061-05,MFS-347,5,2.2.1.1,2.2.1.1.1,"beijing,mungi","lin2.2.1,pacific_RD150",,0.0086638464522564,2,2,2
T0064,64-01,MFS-37,1,2.2.1,2.2.1.1.1,"beijing,mungi",lin2.2.1,,0.0097662179941301,2,1,2
T0064,64-08,MFS-38,8,2.2.1,2.2.1.1.1,"beijing,mungi",lin2.2.1,,0.0068378633284746,2,2,2
T0065,S0065-01,MFS-729,1,4.3.3,4.2.1.2.1.1.i4.1,lam,,4.3/LAM,0.0061860984620671,4,1,2
T0065,S0065-05,MFS-730,5,4.3.3,4.2.1.2.1.1.i4.1,lam,,4.3/LAM,0.0060413574067041,4,2,2
T0066,66-01,MFS-39,1,2.2.1.1,2.2.1.1.1,"beijing,lam,mungi","lin2.2.1,pacific_RD150",,0.1097231285541157,2,1,2
T0066,66-08,MFS-40,8,2.2.1.1,2.2.1.1.1,"beijing,mungi","lin2.2.1,pacific_RD150",,0.0076553162900887,2,2,2
T0067,S0067-01,MFS-551,1,2.2.1,2.2.1.1.1,"beijing,mungi",lin2.2.1,,0.0075280760212267,2,1,2
T0067,S0067-07,MFS-552,7,2.2.1,2.2.1.1.1,"beijing,mungi",lin2.2.1,,0.0071586220132424,2,2,2
T0068,S0068-01,MFS-553,1,3.1.1,3.1.1.i1,"east_african_indian,ghana,mungi",,,0.0116168750395311,3,1,2
T0068,S0068-07,MFS-554,7,3.1.1,3.1.1.i1,"east_african_indian,ghana,mungi",,,0.0097229312665336,3,2,2
T0069,S0069-01,MFS-348,1,2.2.1.1,2.2.1.1.1,"beijing,mungi","lin2.2.1,pacific_RD150",,0.0086518798175239,2,1,2
T0069,S0069-08,MFS-349,8,2.2.1.1,2.2.1.1.1,"beijing,mungi","lin2.2.1,pacific_RD150",,0.007992637085836,2,2,2
T0070,70-01,MFS-41,1,2.2.1,2.2.1.1.1,"beijing,mungi",lin2.2.1,,0.0086163737450923,2,1,2
T0070,70-08,MFS-42,8,2.2.1,2.2.1.1.1,"beijing,mungi",lin2.2.1,,0.0103910919326439,2,2,2
T0071,S0071-01,MFS-555,1,2.2.1.1,2.2.1.1.1,"beijing,mungi","lin2.2.1,pacific_RD150",,0.0068219667328798,2,1,2
T0071,S0071-05,MFS-556,5,2.2.1.1,2.2.1.1.1,"beijing,mungi","lin2.2.1,pacific_RD150",,0.006366047745358,2,2,2
T0072,S0072-01,MFS-350,1,"4.1.2.1,4.8","4.2.1.1.1.1.1.1.i1,4.1.i1.1.1.1","haarlem,canetti",,4.1.2/Haarlem,0.411180383617218,4,1,2
T0072,S0072-06,MFS-351,6,4.1.2.1,4.1.i1.1.1.1,haarlem,,4.1.2/Haarlem,0.0129753108668228,4,2,2
T0076,S0076-01,MFS-559,1,4.1.2,4.1.i1.1.1.1,haarlem,,4,0.0096857247946381,4,1,2
T0076,S0076-06,MFS-731,6,4.1.2,4.1.i1.1.1.1,haarlem,,4,0.0107734644885531,4,2,2
T0077,77-01,MFS-43,1,4.1.2.1,4.1.i1.1.1.1,haarlem,,4.1.2/Haarlem,0.0102858612265889,4,1,2
T0077,77-06,MFS-44,6,4.1.2.1,4.1.i1.1.1.1,haarlem,,4.1.2/Haarlem,0.0117307883487424,4,2,2
T0078,S0078-01,MFS-732,1,2.2.1,2.2.1.1.1,"beijing,mungi",lin2.2.1,,0.0090269001624842,2,1,2
T0078,S0078-07,MFS-733,7,2.2.1,2.2.1.1.1,"beijing,mungi",lin2.2.1,,0.0100977294871416,2,2,2
T0079,79-01,MFS-45,1,2.2.1.1,2.2.1.1.1,"beijing,mungi","lin2.2.1,pacific_RD150",,0.0078445447087776,2,1,2
T0079,79-07,MFS-46,7,2.2.1.1,2.2.1.1.1,"beijing,mungi","lin2.2.1,pacific_RD150",,0.0086398533287498,2,2,2
T0082,82-01,MFS-47,1,3.1.1,3.1.1.i1,"east_african_indian,ghana,mungi",,,0.0098319473319473,3,1,2
T0082,82-08,MFS-48,8,3.1.1,3.1.1.i1,"east_african_indian,ghana,mungi",,,0.0102533666243706,3,2,2
T0083,83-01,MFS-49,1,2.2.1.1,2.2.1.1.1,"beijing,mungi","lin2.2.1,pacific_RD150",,0.0081668368091001,2,1,2
T0083,83-06,MFS-50,6,2.2.1.1,2.2.1.1.1,"beijing,mungi","lin2.2.1,pacific_RD150",,0.0074835588479854,2,2,2
T0085,85-01,MFS-51,1,2.2.1.1,2.2.1.1.1,"beijing,mungi","lin2.2.1,pacific_RD150",,0.0079391569711996,2,1,2
T0085,85-07,MFS-52,7,2.2.1.1,2.2.1.1.1,"beijing,mungi","lin2.2.1,pacific_RD150",,0.0090958019375672,2,2,2
T0087,S0087-01,MFS-353,1,"4.1.2.1,4.8","4.2.1.1.1.1.1.1.i1,4.1.i1.1.1.1","haarlem,canetti",,4.1.2/Haarlem,0.4185719663696825,4,1,2
T0087,S0087-08,MFS-354,8,4.8,4.2.1.1.1.1.1.1.i1,canetti,,4.10/PGG3,0.0077048568115258,4,2,2
T0088,S0088-01,MFS-734,1,2.2.1.1,2.2.1.1.1,"beijing,mungi","lin2.2.1,pacific_RD150",,0.0099927166788055,2,1,2
T0088,S0088-04,MFS-735,4,2.2.1.1,2.2.1.1.1,"beijing,mungi","lin2.2.1,pacific_RD150",,0.0079528046673837,2,2,2
T0090,S0090-01,MFS-355,1,2.2.1.1,2.2.1.1.1,"beijing,mungi","lin2.2.1,pacific_RD150",,0.0085703501409889,2,1,2
T0090,S0090-06,MFS-356,6,2.2.1.1,2.2.1.1.1,"beijing,mungi","lin2.2.1,pacific_RD150",,0.0090562179335025,2,2,2
T0091,S0091-01,MFS-564,1,4.1.1.1,4.1.i1.2.1,xtype,,4,0.0081223364251692,4,1,2
T0091,S0091-05,MFS-736,5,4.1.1.1,4.1.i1.2.1,xtype,,4,0.0071035394692333,4,2,2
T0092,S0092-01,MFS-357,1,2.2.1,2.2.1.1.1,"beijing,mungi",lin2.2.1,,0.0082734676540656,2,1,2
T0092,S0092-06,MFS-358,6,2.2.1,2.2.1.1.1,"beijing,mungi",lin2.2.1,,0.0077795881221835,2,2,2
T0099,S0099-01,MFS-738,1,2.2.1,2.2.1.1.1,"beijing,mungi",lin2.2.1,,0.0091575515112272,2,1,3
T0099,S0099-08,MFS-872,8,2.2.1,2.2.1.1.1,"beijing,mungi",lin2.2.1,,0.0084825636192271,2,2,3
T0102,S0102-01,MFS-739,1,2.2.1,2.2.1.1.1.i2,"beijing,mungi",lin2.2.1,,0.0072286073736059,2,1,2
T0102,S0102-05,MFS-740,5,2.2.1,2.2.1.1.1.i2,"beijing,mungi",lin2.2.1,,0.0068535969807126,2,2,2
T0103,S0103-01,MFS-571,1,3.1.1,3.1.1.i1,"east_african_indian,ghana,mungi",,,0.0082049954704283,3,1,2
T0103,S0103-06,MFS-572,6,3.1.1,3.1.1.i1,"east_african_indian,ghana,mungi",,,0.0089711054717065,3,2,2
T0106,106-01,MFS-56,1,4.1.1.3,4.1.i1.2.1,xtype,,4,0.0105254329685075,4,1,2
T0106,106-08,MFS-57,8,4.1.1.3,4.1.i1.2.1,xtype,,4,0.0089820359281437,4,2,2
T0107,107-01,MFS-58,1,2.2.1.1,2.2.1.1.1,"beijing,mungi","lin2.2.1,pacific_RD150",,0.0073585444846637,2,1,2
T0107,107-07,MFS-59,7,2.2.1.1,2.2.1.1.1,"beijing,mungi","lin2.2.1,pacific_RD150",,0.0083519614827188,2,2,2
T0108,S0108-01,MFS-360,1,2.2.1,2.2.1.1.1,"beijing,mungi",lin2.2.1,,0.007965730512839,2,1,2
T0108,S0108-08,MFS-361,8,2.2.1,2.2.1.1.1,"beijing,mungi",lin2.2.1,,0.0079878445843281,2,2,2
T0111,S0111-01,MFS-362,1,2.2.1.1,2.2.1.1.1,"beijing,mungi","lin2.2.1,pacific_RD150",,0.0084378013500482,2,1,2
T0111,S0111-08,MFS-363,8,2.2.1.1,2.2.1.1.1,"beijing,mungi","lin2.2.1,pacific_RD150",,0.0066979589684088,2,2,2
T0114,S0114-01,MFS-364,1,4.3.2.1,4.2.1.2.1.1.i1,lam,,4.3/LAM,0.0103977996914201,4,1,4
T0114,S0114-04,MFS-873,4,4.3.2.1,4.2.1.2.1.1.i1,lam,,4.3/LAM,0.0104190784903912,4,2,4
T0115,S0115-01,MFS-575,1,2.2.1,2.2.1.1.1,"beijing,mungi",lin2.2.1,,0.0070258746002519,2,1,2
T0115,S0115-07,MFS-576,7,2.2.1,2.2.1.1.1,"beijing,mungi",lin2.2.1,,0.0075100198451301,2,2,2
T0116,S0116-01,MFS-577,1,2.2.1.1,2.2.1.1.1,"beijing,lam,mungi","lin2.2.1,pacific_RD150",,0.0522220060587532,2,1,2
T0116,S0116-06,MFS-578,6,2.2.1.1,2.2.1.1.1,"beijing,mungi","lin2.2.1,pacific_RD150",,0.0062855197339129,2,2,2
T0117,S0117-01,MFS-579,1,4.4.1.1,4.2.1.2.2.1.1,stype,,4,0.0065287211077765,4,1,2
T0117,S0117-05,MFS-580,5,4.4.1.1,4.2.1.2.2.1.1,stype,,4,0.0069765521796565,4,2,2
T0118,S0118-01,MFS-366,1,4.8,4.2.1.1.1.1.1.1.i1,,,4.10/PGG3,0.0070557360122184,4,1,2
T0118,S0118-05,MFS-367,5,4.8,4.2.1.1.1.1.1.1.i1,,,4.10/PGG3,0.0075164356601482,4,2,2
T0119,S0119-01,MFS-581,1,4.3.3,4.2.1.2.1.1.i4.1,lam,,4.3/LAM,0.0081806620149176,4,1,2
T0119,S0119-08,MFS-582,8,4.3.3,4.2.1.2.1.1.i4.1,lam,,4.3/LAM,0.0070157535557114,4,2,2
T0121,S0121-01,MFS-584,1,4.7,4,,,4.10/PGG3,0.0060407189201282,4,1,2
T0121,S0121-08,MFS-585,8,4.7,4,,,4.10/PGG3,0.0061770581432026,4,2,2
T0122,S0122-01,MFS-586,1,4.3.3,4.2.1.2.1.1.i4.1,lam,,4.3/LAM,0.006131442805135,4,1,2
T0122,S0122-08,MFS-587,8,4.3.3,4.2.1.2.1.1.i4.1,lam,,4.3/LAM,0.0070254564378333,4,2,2
T0123,123-01,MFS-60,1,4.4.1.1,4.2.1.2.2.1.1,stype,,4,0.0073435873713426,4,1,2
T0123,123-07,MFS-61,7,4.4.1.1,4.2.1.2.2.1.1,stype,,4,0.0068655598551991,4,2,2
T0125,S0125-01,MFS-588,1,4.1,4.1.i1.2.2,"xtype,microti,ethiopian",,4,0.0118556014386572,4,1,2
T0125,S0125-08,MFS-589,8,4.1,4.1.i1.2.2,"xtype,microti,ethiopian",,4,0.010206065318818,4,2,2
T0126,S0126-01,MFS-590,1,4.1.2.1,4.1.i1.1.1.1,haarlem,,4.1.2/Haarlem,0.0055131818935499,4,1,2
T0126,S0126-05,MFS-591,5,4.1.2.1,4.1.i1.1.1.1,haarlem,,4.1.2/Haarlem,0.0054102347744081,4,2,2
T0127,S0127-01,MFS-592,1,2.2.1.1,2.2.1.1.1,"beijing,mungi","lin2.2.1,pacific_RD150",,0.0076575881490625,2,1,2
T0127,S0127-08,MFS-593,8,2.2.1.1,2.2.1.1.1,"beijing,mungi","lin2.2.1,pacific_RD150",,0.0087122928941934,2,2,2
T0128,S0128-01,MFS-594,1,4.3.2.1,4.2.1.2.1.1.i1,lam,,4.3/LAM,0.0084896029230025,4,1,2
T0128,S0128-09,MFS-595,9,4.3.2.1,4.2.1.2.1.1.i1,"lam,canetti,beijing",,4.3/LAM,0.0080495067932253,4,2,2
T0130,130-01,MFS-62,1,2.2.1.1,2.2.1.1.1,"beijing,mungi","lin2.2.1,pacific_RD150",,0.0068141063956963,2,1,2
T0130,130-07,MFS-63,7,2.2.1.1,2.2.1.1.1,"beijing,mungi","lin2.2.1,pacific_RD150",,0.0080502867225408,2,2,2
T0131,131-01,MFS-64,1,2.2.1.1,2.2.1.1.1,"beijing,mungi","lin2.2.1,pacific_RD150",,0.0074747554433575,2,1,2
T0131,131-09,MFS-65,9,2.2.1.1,2.2.1.1.1,"beijing,mungi","lin2.2.1,pacific_RD150",,0.0088961414960256,2,2,2
T0132,S0132-01,MFS-743,1,4.4.1.1,4.2.1.2.2.1.1,"stype,indo_oceanic",,4,0.0072762766759838,4,1,2
T0132,S0132-08,MFS-744,8,4.4.1.1,4.2.1.2.2.1.1,"stype,indo_oceanic",,4,0.0073246522639834,4,2,2
T0133,S0133-01,MFS-597,1,4.8,4.2.1.1.1.1.1.1.i1,,,4.10/PGG3,0.0070358140716281,4,1,2
T0133,S0133-07,MFS-598,7,4.8,4.2.1.1.1.1.1.1.i1,mungi,,4.10/PGG3,0.0103482587064676,4,2,2
T0135,135-01,MFS-66,1,2.2.1.1,2.2.1.1.1,"beijing,canetti,mungi","lin2.2.1,pacific_RD150",,0.008288220235847,2,1,2
T0135,135-06,MFS-67,6,2.2.1.1,2.2.1.1.1,"beijing,mungi","lin2.2.1,pacific_RD150",,0.0086896929824561,2,2,2
T0136,S0136-01,MFS-369,1,2.2.1.1,2.2.1.1.1,"beijing,mungi","lin2.2.1,pacific_RD150",,0.0087377304834418,2,1,2
T0136,S0136-07,MFS-599,7,2.2.1.1,2.2.1.1.1,"beijing,mungi","lin2.2.1,pacific_RD150",,0.0074218457155708,2,2,2
T0140,140-01,MFS-68,1,4.3.4.1,4.2.1.2.1.1.i3.2,lam,,4.3/LAM,0.0144798852537395,4,1,2
T0140,140-04,MFS-69,4,4.3.4.1,4.2.1.2.1.1.i3.2,lam,,4.3/LAM,0.0120860240535576,4,2,2
T0143,143-01,MFS-72,1,4.3.3,4.2.1.2.1.1.i4.1,lam,,4.3/LAM,0.0073314734315188,4,1,2
T0143,143-07,MFS-73,7,4.3.3,4.2.1.2.1.1.i4.1,lam,,4.3/LAM,0.0075801411873625,4,2,2
T0144,S0144-01,MFS-370,1,2.2.1.1,2.2.1.1.1,"beijing,mungi","lin2.2.1,pacific_RD150",,0.0076947026642352,2,1,2
T0144,S0144-06,MFS-371,6,2.2.1.1,2.2.1.1.1,"beijing,mungi","lin2.2.1,pacific_RD150",,0.0080085761130029,2,2,2
T0146,S0146-01,MFS-747,1,4.3.2.1,4.2.1.2.1.1.i1,lam,,4.3/LAM,0.0085465958474167,4,1,2
T0146,S0146-06,MFS-748,6,4.3.2.1,4.2.1.2.1.1.i1,lam,,4.3/LAM,0.0101622772013833,4,2,2
T0149,S0149-01,MFS-604,1,4.1.1.1,4.1.i1.2.1,xtype,,4,0.0066739606126914,4,1,3
T0149,S0149-05,MFS-605,5,4.1.1.1,4.1.i1.2.1,xtype,,4,0.0067067067067067,4,2,3
T0150,150-01,MFS-74,1,2.2.1.1,2.2.1.1.1,"beijing,mungi","lin2.2.1,pacific_RD150",,0.0080942097658738,2,1,2
T0150,150-06,MFS-75,6,2.2.1.1,2.2.1.1.1,"beijing,mungi","lin2.2.1,pacific_RD150",,0.0076583098376895,2,2,2
T0151,S0151-01,MFS-606,1,2.2.1,2.2.1.1.1,"beijing,mungi",lin2.2.1,,0.006561520328562,2,1,2
T0151,S0151-07,MFS-607,7,2.2.1,2.2.1.1.1,"beijing,mungi",lin2.2.1,,0.0064912403154882,2,2,2
T0152,S0152-01,MFS-608,1,4.3.3,4.2.1.2.1.1.i4.1,lam,,4.3/LAM,0.1567646761644943,4,1,2
T0152,S0152-04,MFS-609,4,4.3.4.2.1,4.2.1.2.1.1.i3.1,lam,,4.3/LAM,0.003265101092553,4,2,2
T0155,155-01,MFS-76,1,2.2.1,2.2.1.1.1.i2,"beijing,canetti,mungi",lin2.2.1,,0.0073000733675715,2,1,2
T0155,155-04,MFS-77,4,2.2.1,2.2.1.1.1.i2,"beijing,mungi",lin2.2.1,,0.008213473917445,2,2,2
T0157,S0157-01,MFS-876,1,4.4.1.1,4.2.1.2.2.1.1,stype,,4,0.0059292074998881,4,1,2
T0157,157-06,MFS-79,6,4.4.1.1,4.2.1.2.2.1.1,stype,,4,0.00740547417871,4,2,2
T0158,S0158-01,MFS-372,1,4.4.1.1,4.2.1.2.2.1.1,stype,,4,0.0072625157354507,4,1,2
T0158,S0158-05,MFS-373,5,4.4.1.1,4.2.1.2.2.1.1,stype,,4,0.0077222953343431,4,2,2
T0159,S0159-01,MFS-374,1,2.2.1.1,2.2.1.1.1,"beijing,mungi","lin2.2.1,pacific_RD150",,0.0079459411868286,2,1,2
T0159,S0159-08,MFS-375,8,2.2.1.1,2.2.1.1.1,"beijing,mungi","lin2.2.1,pacific_RD150",,0.0077136938508504,2,2,2
T0160,S0160-01,MFS-612,1,2.2.1,2.2.1.1.1,"beijing,mungi",lin2.2.1,,0.009532767298795,2,1,2
T0160,S0160-05,MFS-613,5,2.2.1,2.2.1.1.1,"beijing,canetti,mungi",lin2.2.1,,0.0065298080007331,2,2,2
T0162,162-01,MFS-81,1,4.3.2.1,4.2.1.2.1.1.i1,lam,,4.3/LAM,0.0099262827530837,4,1,2
T0162,162-05,MFS-82,5,4.3.2.1,4.2.1.2.1.1.i1,lam,,4.3/LAM,0.0106416439505137,4,2,2
T0163,S0163-01,MFS-614,1,4.3.3,4.2.1.2.1.1.i4.1,lam,,4.3/LAM,0.0048870736900897,4,1,2
T0163,S0163-09,MFS-615,9,4.3.3,4.2.1.2.1.1.i4.1,lam,,4.3/LAM,0.0060042382858488,4,2,2
T0166,S0166-01,MFS-616,1,2.2.1,2.2.1.1.1,"beijing,mungi","lin2.2.1,asian_african_2",,0.0073970411835265,2,1,2
T0166,S0166-07,MFS-199,7,2.2.1,2.2.1.1.1,"beijing,mungi","lin2.2.1,asian_african_2",,0.0098974427874065,2,2,2
T0167,167-01,MFS-84,1,2.2.1,2.2.1.1.1,"beijing,mungi","lin2.2.1,asian_african_2",,0.1784200711985082,2,1,2
T0167,167-04,MFS-85,4,"2.2.1,4.1.1.3","4.1,2.2.1.1.1","beijing,xtype,mungi","lin2.2.1,asian_african_2",,0.2595528754228563,"2,4",2,2
T0168,168-01,MFS-86,1,2.2.1,2.2.1.1.1,"beijing,mungi",lin2.2.1,,0.0073056079523339,2,1,2
T0168,168-07,MFS-87,7,2.2.1,2.2.1.1.1,"beijing,mungi",lin2.2.1,,0.008423057203545,2,2,2
T0169,S0169-01,MFS-617,1,4.1.1.1,4.1.i1.2.1,"xtype,westafrican1",,4,0.0063460124598537,4,1,2
T0169,S0169-06,MFS-618,6,4.1.1.1,4.1.i1.2.1,"xtype,westafrican1",,4,0.0054373337505867,4,2,2
T0170,170-01,MFS-88,1,2.2.1.1,2.2.1.1.1,"beijing,mungi","lin2.2.1,pacific_RD150",,0.0092451488367367,2,1,3
T0170,170-08,MFS-89,8,2.2.1.1,2.2.1.1.1,"beijing,mungi","lin2.2.1,pacific_RD150",,0.0079530957357292,2,2,3
T0172,S0172-01,MFS-619,1,4.8,4.2.1.1.1.1.1.1.i1,,,4.10/PGG3,0.0053599265412458,4,1,2
T0172,S0172-08,MFS-620,8,4.8,4.2.1.1.1.1.1.1.i1,,,4.10/PGG3,0.0078970289364173,4,2,2
T0173,173-01,MFS-91,1,4.3.3,4.2.1.2.1.1.i4.1,lam,,4.3/LAM,0.0076378801368258,4,1,2
T0173,173-08,MFS-92,8,4.3.3,4.2.1.2.1.1.i4.1,lam,,4.3/LAM,0.0056402092335683,4,2,2
T0174,S0174-01,MFS-621,1,4.4.1.1,4.2.1.2.2.1.1,stype,,4,0.0071859572133845,4,1,2
T0174,S0174-04,MFS-750,4,4.4.1.1,4.2.1.2.2.1.1,stype,,4,0.0086759887396741,4,2,2
T0175,S0175-01,MFS-751,1,4.3.2.1,4.2.1.2.1.1.i1,lam,,4.3/LAM,0.0111673749886969,4,1,2
T0175,S0175-04,MFS-752,4,4.3.2.1,4.2.1.2.1.1.i1,lam,,4.3/LAM,0.0129623936878778,4,2,2
T0176,176-01,MFS-93,1,2.2.1.1,2.2.1.1.1,"beijing,mungi","lin2.2.1,pacific_RD150",,0.0082980303096475,2,1,2
T0176,176-06,MFS-94,6,2.2.1.1,2.2.1.1.1,"beijing,mungi","lin2.2.1,pacific_RD150",,0.008016911295469,2,2,2
T0178,S0178-01,MFS-269,1,3.1.1,3.1.1.i1,"east_african_indian,ghana,mungi",,,0.0116109370305189,3,1,2
T0178,S0178-05,MFS-622,5,3.1.1,3.1.1.i1,"east_african_indian,ghana,mungi",,,0.008873811714198,3,2,2
T0179,179-01,MFS-95,1,4.1.1.3,4.1.i1.2.1,xtype,,4,0.0096819813612793,4,1,2
T0179,179-06,MFS-96,6,4.1.1.3,4.1.i1.2.1,xtype,,4,0.0091801735153675,4,2,2
T0181,181-01,MFS-98,1,4.1.1.3,4.1.i1.2.1,xtype,,4,0.0090718771807397,4,1,2
T0181,181-07,MFS-99,7,4.1.1.3,4.1.i1.2.1,xtype,,4,0.009649006329394,4,2,2
T0182,S0182-01,MFS-623,1,2.2.1.1,2.2.1.1.1,"beijing,mungi","lin2.2.1,pacific_RD150",,0.0068341096069298,2,1,2
T0182,S0182-05,MFS-624,5,2.2.1.1,2.2.1.1.1,"beijing,mungi","lin2.2.1,pacific_RD150",,0.0077513503269212,2,2,2
T0183,183-01,MFS-100,1,4.4.1.1,4.2.1.2.2.1.1,"stype,indo_oceanic",,4,0.0089513427014052,4,1,2
T0183,183-06,MFS-101,6,4.4.1.1,4.2.1.2.2.1.1,"stype,indo_oceanic",,4,0.0082489345126254,4,2,2
T0186,186-01,MFS-104,1,4.8,4.2.1.1.1.1.1.1.i1,canetti,,4.10/PGG3,0.0099713324192945,4,1,2
T0186,186-06,MFS-105,6,4.8,4.2.1.1.1.1.1.1.i1,canetti,,4.10/PGG3,0.008155271696238,4,2,2
T0187,S0187-01,MFS-625,1,2.2.1,2.2.1.1.1,"beijing,mungi",lin2.2.1,,0.004672091579891,2,1,2
T0187,S0187-06,MFS-626,6,2.2.1,2.2.1.1.1,"beijing,mungi",lin2.2.1,,0.0055210133897474,2,2,2
T0190,190-01,MFS-108,1,2.2.1,2.2.1.1.1,"beijing,mungi",lin2.2.1,,0.0084749232343909,2,1,2
T0190,190-08,MFS-109,8,2.2.1,2.2.1.1.1,"beijing,mungi",lin2.2.1,,0.0055803321306111,2,2,2
T0192,S0192-02,MFS-194,2,4.1.1.1,4.1.i1.2.1,"xtype,westafrican1",,4,0.0096428438971924,4,1,3
T0192,S0192-05,MFS-877,5,4.1.1.1,4.1.i1.2.1,"xtype,westafrican1",,4,0.0068733494917338,4,2,3
T0195,S0195-01,MFS-277,1,2.2.1.1,2.2.1.1.1,"beijing,canetti,mungi","lin2.2.1,pacific_RD150",,0.0084322702465016,2,1,2
T0195,195-06,MFS-110,6,2.2.1.1,2.2.1.1.1,"beijing,mungi","lin2.2.1,pacific_RD150",,0.0068712442123928,2,2,2
T0196,196-01,MFS-111,1,4.3.2.1,4.2.1.2.1.1.i1,lam,,4.3/LAM,0.0061486322924231,4,1,2
T0196,196-07,MFS-112,7,4.3.2.1,4.2.1.2.1.1.i1,lam,,4.3/LAM,0.0065891990561417,4,2,2
T0197,S0197-01,MFS-627,1,4.1.1.1,4.1.i1.2.1,"xtype,westafrican1",,4,0.0063457618202143,4,1,2
T0197,S0197-06,MFS-628,6,4.1.1.1,4.1.i1.2.1,"xtype,westafrican1",,4,0.0065495874402029,4,2,2
T0198,S0198-02,MFS-377,2,2.2.1.1,2.2.1.1.1,"beijing,mungi","lin2.2.1,pacific_RD150",,0.1099703055010317,2,1,2
T0198,198-07,MFS-113,7,2.2.1.1,2.2.1.1.1,"beijing,mungi","lin2.2.1,pacific_RD150",,0.0068623534112006,2,2,2
T0199,S0199-02,MFS-629,2,2.2.1,2.2.1.1.1,"beijing,mungi",lin2.2.1,,0.0076003108356551,2,1,2
T0199,199-06,MFS-114,6,2.2.1,2.2.1.1.1,"beijing,mungi",lin2.2.1,,0.0075252525252525,2,2,2
T0200,200-01,MFS-115,1,2.2.1.1,2.2.1.1.1,"beijing,mungi","lin2.2.1,pacific_RD150",,0.0059878781977947,2,1,2
T0200,200-07,MFS-116,7,2.2.1.1,2.2.1.1.1,"beijing,canetti,mungi","lin2.2.1,pacific_RD150",,0.0075706129429814,2,2,2
T0202,S0202-01,MFS-265,1,4.4.1.1,4.2.1.2.2.1.1,stype,,4,0.011204177091265,4,1,2
T0202,202-08,MFS-118,8,4.4.1.1,4.2.1.2.2.1.1,stype,,4,0.0099789177793394,4,2,2
T0203,S0203-01,MFS-278,1,2.2.1,2.2.1.1.1.i2,"beijing,mungi",lin2.2.1,,0.0096206109359713,2,1,2
T0203,S0203-04,MFS-757,4,2.2.1,2.2.1.1.1.i2,"beijing,mungi",lin2.2.1,,0.0082750339354703,2,2,2
T0204,S0204-01,MFS-630,1,2.2.1,2.2.1.1.1,"beijing,east_african_indian,mungi",lin2.2.1,,0.1455859297569062,2,1,2
T0204,S0204-08,MFS-631,8,"2.2.1,3","2.2.1.1.1,3.1.1.i1","beijing,east_african_indian,mungi",lin2.2.1,,0.3085935671145653,"2,3",2,2
T0205,S0205-01,MFS-633,1,4.1.1.1,4.1.i1.2.1,xtype,,4,0.0064894285116181,4,1,2
T0205,S0205-04,MFS-634,4,4.1.1.1,4.1.i1.2.1,xtype,,4,0.0056291005085601,4,2,2
T0209,209-01,MFS-119,1,2.2.1.1,2.2.1.1.1,"beijing,mungi","lin2.2.1,pacific_RD150",,0.0083289777612921,2,1,2
T0209,209-06,MFS-120,6,2.2.1.1,2.2.1.1.1,"beijing,mungi","lin2.2.1,pacific_RD150",,0.0082248721312441,2,2,2
T0210,S0210-01,MFS-638,1,2.2.1.1,2.2.1.1.1,"beijing,mungi","lin2.2.1,pacific_RD150",,0.0082680803462866,2,1,2
T0210,S0210-06,MFS-639,6,2.2.1.1,2.2.1.1.1,"beijing,mungi","lin2.2.1,pacific_RD150",,0.007451341455581,2,2,2
T0211,S0211-02,MFS-640,2,2.2.1.1,2.2.1.1.1,"beijing,mungi","lin2.2.1,pacific_RD150",,0.0075392038600723,2,1,2
T0211,211-08,MFS-121,8,2.2.1.1,2.2.1.1.1,"beijing,mungi","lin2.2.1,pacific_RD150",,0.007910074937552,2,2,2
T0213,S0213-01,MFS-641,1,2.2.1.1,2.2.1.1.1,"beijing,mungi","lin2.2.1,pacific_RD150",,0.0075048580554376,2,1,2
T0213,S0213-08,MFS-642,8,2.2.1.1,2.2.1.1.1,"beijing,mungi","lin2.2.1,pacific_RD150",,0.0072635401863255,2,2,2
T0214,214-01,MFS-123,1,2.2.1.1,2.2.1.1.1,"beijing,mungi","lin2.2.1,pacific_RD150",,0.0071029793820131,2,1,2
T0214,214-08,MFS-124,8,2.2.1.1,2.2.1.1.1,"beijing,mungi","lin2.2.1,pacific_RD150",,0.0077294381171719,2,2,2
T0217,S0217-01,MFS-758,1,2.2.1.1,2.2.1.1.1,"beijing,mungi","lin2.2.1,pacific_RD150",,0.0082431398272657,2,1,2
T0217,S0217-05,MFS-759,5,2.2.1.1,2.2.1.1.1,"beijing,mungi","lin2.2.1,pacific_RD150",,0.0080023915193046,2,2,2
T0218,218-01,MFS-125,1,4.3.2.1,4.2.1.2.1.1.i1,lam,,4.3/LAM,0.0088208312751393,4,1,2
T0218,218-05,MFS-126,5,4.3.2.1,4.2.1.2.1.1.i1,lam,,4.3/LAM,0.010253713684764,4,2,2
T0219,219-01,MFS-127,1,3.1.1,3.1.1.i1,"east_african_indian,ghana,mungi",,,0.0089511014117165,3,1,2
T0219,219-07,MFS-128,7,3.1.1,3.1.1.i1,"east_african_indian,ghana,mungi",,,0.010151282304341,3,2,2
T0220,220-01,MFS-129,1,2.2.1.1,2.2.1.1.1,"beijing,mungi","lin2.2.1,pacific_RD150",,0.0081374321880651,2,1,2
T0220,220-08,MFS-130,8,2.2.1.1,2.2.1.1.1,"beijing,mungi","lin2.2.1,pacific_RD150",,0.0081554960615298,2,2,2
T0221,S0221-01,MFS-644,1,2.2.1.1,2.2.1.1.1,"beijing,mungi","lin2.2.1,pacific_RD150",,0.0067074206147053,2,1,2
T0221,S0221-09,MFS-645,9,2.2.1.1,2.2.1.1.1,"beijing,mungi","lin2.2.1,pacific_RD150",,0.0064817994505494,2,2,2
T0222,222-01,MFS-131,1,4.3.2.1,4.2.1.2.1.1.i1,lam,,4.3/LAM,0.0105901706765371,4,1,2
T0222,S0222-07,MFS-760,7,4.3.2.1,4.2.1.2.1.1.i1,lam,,4.3/LAM,0.0094483734087694,4,2,2
T0224,224-01,MFS-133,1,2.2.1,2.2.1.1.1,"beijing,mungi",lin2.2.1,,0.0124270997983321,2,1,2
T0224,224-08,MFS-134,8,2.2.1.1,2.2.1.1.1,"beijing,mungi","lin2.2.1,pacific_RD150",,0.1930403860807721,2,2,2
T0227,S0227-02,MFS-381,2,4.1.1.1,4.1.i1.2.1,"xtype,westafrican1",,4,0.0073906188411509,4,1,2
T0227,227-07,MFS-136,7,4.1.1.1,4.1.i1.2.1,"xtype,westafrican1",,4,0.0080047656279087,4,2,2
T0230,230-01,MFS-138,1,2.2.1.1,2.2.1.1.1,"beijing,mungi","lin2.2.1,pacific_RD150",,0.0087928711560734,2,1,2
T0230,230-05,MFS-139,5,2.2.1.1,2.2.1.1.1,"beijing,mungi","lin2.2.1,pacific_RD150",,0.0082007046531405,2,2,2
T0231,231-01,MFS-140,1,4.3.2.1,4.2.1.2.1.1.i1,lam,,4.3/LAM,0.0107953909833314,4,1,2
T0231,231-05,MFS-141,5,4.3.2.1,4.2.1.2.1.1.i1,lam,,4.3/LAM,0.0097500183271021,4,2,2
T0232,232-02,MFS-142,2,2.2.1,2.2.1.1.1.i2,"beijing,mungi",lin2.2.1,,0.0078653044996456,2,1,2
T0232,232-06,MFS-143,6,2.2.1,2.2.1.1.1.i2,"beijing,mungi",lin2.2.1,,0.0084349190981237,2,2,2
T0233,S0233-01,MFS-646,1,2.2.1,2.2.1.1.1,"beijing,mungi",lin2.2.1,,0.0052516411378555,2,1,2
T0233,S0233-04,MFS-647,4,2.2.1,2.2.1.1.1,"beijing,mungi",lin2.2.1,,0.0055139426350666,2,2,2
T0235,235-01,MFS-144,1,2.2.1.1,2.2.1.1.1,"beijing,mungi","lin2.2.1,pacific_RD150",,0.0089058706925032,2,1,2
T0235,235-05,MFS-145,5,4.8,4.2.1.1.1.1.1.1.i1,"beijing,canetti",,4.10/PGG3,0.118414926167354,4,2,2
T0236,236-01,MFS-146,1,4.8,4.2.1.1.1.1.1.1.i1,"canetti,ghana",,4.10/PGG3,0.0086154877639959,4,1,2
T0236,236-04,MFS-147,4,4.8,4.2.1.1.1.1.1.1.i1,"canetti,ghana",,4.10/PGG3,0.0108865094170861,4,2,2
T0239,239-01,MFS-148,1,4.3.4.1,4.2.1.2.1.1.i3.2,"lam,beijing",,4.3/LAM,0.0169434344191625,4,1,2
T0239,239-06,MFS-149,6,4.3.4.1,4.2.1.2.1.1.i3.2,lam,,4.3/LAM,0.0164467949090486,4,2,2
T0240,S0240-01,MFS-649,1,4.1.1.3,4.1.i1.2.1,xtype,,4,0.0051979776174515,4,1,2
T0240,S0240-08,MFS-650,8,4.1.1.3,4.1.i1.2.1,xtype,,4,0.0054873332044092,4,2,2
T0241,S0241-01,MFS-651,1,3,3.1.1,"east_african_indian,ghana,mungi",,,0.0095579225186162,3,1,2
T0241,S0241-04,MFS-652,4,3,3.1.1,"east_african_indian,ghana,mungi",,,0.0120657374661951,3,2,2
T0242,242-01,MFS-150,1,4.4.1.1,4.2.1.2.2.1.1,stype,,4,0.0059073228206659,4,1,2
T0242,242-08,MFS-151,8,4.4.1.1,4.2.1.2.2.1.1,stype,,4,0.0039779243119266,4,2,2
T0243,243-01,MFS-152,1,4.3.3,4.2.1.2.1.1.i4.1,lam,,4.3/LAM,0.0091008532049879,4,1,2
T0243,243-05,MFS-153,5,4.3.3,4.2.1.2.1.1.i4.1,lam,,4.3/LAM,0.0076239912405207,4,2,2
T0244,244-01,MFS-154,1,3.1.1,3.1.1.i1,"east_african_indian,ghana,mungi",,,0.0100244930939575,3,1,2
T0244,244-04,MFS-155,4,3.1.1,3.1.1.i1,"east_african_indian,ghana,mungi",,,0.0111440120900858,3,2,2
T0245,245-01,MFS-156,1,2.2.1.1,2.2.1.1.1,"beijing,mungi","lin2.2.1,pacific_RD150",,0.008520674046179,2,1,2
T0245,245-08,MFS-157,8,2.2.1.1,2.2.1.1.1,"beijing,mungi","lin2.2.1,pacific_RD150",,0.0089313307373756,2,2,2
T0246,246-01,MFS-158,1,2.2.1.1,2.2.1.1.1,"beijing,mungi","lin2.2.1,pacific_RD150",,0.008767958828715,2,1,2
T0246,246-08,MFS-159,8,2.2.1.1,2.2.1.1.1,"beijing,mungi","lin2.2.1,pacific_RD150",,0.0082394534995206,2,2,2
T0249,249-01,MFS-162,1,2.2.1,2.2.1.1.1,"beijing,mungi",lin2.2.1,,0.0081028887694359,2,1,2
T0249,249-08,MFS-163,8,2.2.1,2.2.1.1.1,"beijing,mungi",lin2.2.1,,0.0065455945581723,2,2,2
T0250,250-01,MFS-164,1,2.2.1.1,2.2.1.1.1,"beijing,mungi","lin2.2.1,pacific_RD150",,0.0089157319528329,2,1,2
T0250,250-06,MFS-165,6,2.2.1.1,2.2.1.1.1,"beijing,mungi","lin2.2.1,pacific_RD150",,0.008187068917176,2,2,2
T0251,251-01,MFS-166,1,2.2.1.1,2.2.1.1.1,"beijing,mungi","lin2.2.1,pacific_RD150",,0.0095649188208171,2,1,2
T0251,251-07,MFS-167,7,2.2.1.1,2.2.1.1.1,"beijing,mungi","lin2.2.1,pacific_RD150",,0.008432860700908,2,2,2
T0254,254-01,MFS-169,1,2.2.1.1,2.2.1.1.1,"beijing,mungi","lin2.2.1,pacific_RD150",,0.0090930018416206,2,1,2
T0254,254-06,MFS-170,6,2.2.1.1,2.2.1.1.1,"beijing,canetti,mungi","lin2.2.1,pacific_RD150",,0.0088669145589016,2,2,2
T0256,256-01,MFS-172,1,2.2.1.1,2.2.1.1.1,"beijing,mungi","lin2.2.1,pacific_RD150",,0.008223475054046,2,1,2
T0256,256-08,MFS-173,8,2.2.1.1,2.2.1.1.1,"beijing,mungi","lin2.2.1,pacific_RD150",,0.0078380023237371,2,2,2
T0257,257-01,MFS-174,1,4.1.1.1,4.1.i1.2.1,xtype,,4,0.007300372570738,4,1,2
T0257,257-07,MFS-175,7,4.1.1.1,4.1.i1.2.1,xtype,,4,0.0079642198595472,4,2,2
T0258,258-01,MFS-176,1,4.3.2.1,4.2.1.2.1.1.i1,lam,,4.3/LAM,0.0085125858123569,4,1,2
T0258,S0258-06,MFS-272,6,4.3.2.1,4.2.1.2.1.1.i1,lam,,4.3/LAM,0.0075644644612896,4,2,2
T0259,S0259-01,MFS-260,1,4.1.1.3,4.1.i1.2.1,xtype,,4,0.0079898590250835,4,1,2
T0259,259-08,MFS-177,8,4.1.1.3,4.1.i1.2.1,xtype,,4,0.008958390632981,4,2,2
T0264,264-01,MFS-182,1,2.2.1,2.2.1.1.1,"beijing,mungi",lin2.2.1,,0.0112249058594967,2,1,2
T0264,S0264-06,MFS-880,6,2.2.1,2.2.1.1.1,"beijing,mungi",lin2.2.1,,0.0075349191398969,2,2,2
T0266,266-01,MFS-185,1,4.3.4.2.1,4.2.1.2.1.1.i3.1,"lam,canetti",,4.3/LAM,0.004849453770317,4,1,2
T0266,266-05,MFS-186,5,4.3.4.2.1,4.2.1.2.1.1.i3.1,"lam,canetti",,4.3/LAM,0.005197730324425,4,2,2
T0267,S0267-01,MFS-270,1,2.2.1.1,"2.2.1.1.1,4.2.1.2.1.1.i1","beijing,lam,mungi","lin2.2.1,pacific_RD150",,0.2500453458652815,2,1,2
T0267,S0267-06,MFS-280,6,4.3.2.1,4.2.1.2.1.1.i1,"lam,canetti",,4.3/LAM,0.0105983364636436,4,2,2
T0268,268-01,MFS-187,1,2.2.1,2.2.1.1.1,"beijing,mungi","lin2.2.1,asian_african_2",,0.0079866552090178,2,1,2
T0268,268-09,MFS-188,9,2.2.1,2.2.1.1.1,"beijing,mungi","lin2.2.1,asian_african_2",,0.0082755263478155,2,2,2
T0269,S0269-01,MFS-382,1,4.8,4.2.1.1.1.1.1.1.i1,canetti,,4.10/PGG3,0.0066957863625663,4,1,3
T0269,269-07,MFS-189,7,4.8,4.2.1.1.1.1.1.1.i1,canetti,,4.10/PGG3,0.0076719747276126,4,2,3
T0270,270-01,MFS-190,1,4.3.2.1,4.2.1.2.1.1.i1,lam,,4.3/LAM,0.0092512286788089,4,1,2
T0270,S0270-08,MFS-261,8,4.3.2.1,4.2.1.2.1.1.i1,lam,,4.3/LAM,0.0099471705297225,4,2,2
T0271,S0271-01A,MFS-276,1,2.2.1.1,2.2.1.1.1,"beijing,mungi","lin2.2.1,pacific_RD150",,0.0089118198874296,2,1,2
T0271,S0271-05,MFS-268,5,2.2.1.1,2.2.1.1.1,"beijing,mungi","lin2.2.1,pacific_RD150",,0.0104669887278582,2,2,2
T0272,S0272-02,MFS-383,2,2.2.1,2.2.1.1.1,"beijing,mungi",lin2.2.1,,0.0069872016603251,2,1,2
T0272,S0272-09,MFS-279,9,2.2.1,2.2.1.1.1,"beijing,mungi",lin2.2.1,,0.0072781053573861,2,2,2
T0273,273-01,MFS-191,1,4.1.1.2,4.1.i1.2.1,xtype,,4,0.0168026884301488,4,1,2
T0273,S0273-05,MFS-273,5,4.1.1.2,4.1.i1.2.1,xtype,,4,0.0186525041050903,4,2,2
T0274,S0274-01,MFS-385,1,4.1.1.1,4.1.i1.2.1,"xtype,westafrican1",,4,0.0077626836706404,4,1,2
T0274,S0274-08,MFS-271,8,4.1.1.1,4.1.i1.2.1,"xtype,westafrican1",,4,0.0096727222299265,4,2,2
T0276,S0276-01,MFS-321,1,2.2.1,2.2.1.1.1,"beijing,mungi",lin2.2.1,,0.009434121194764,2,1,2
T0276,S0276-08,MFS-322,8,2.2.1,2.2.1.1.1,"beijing,mungi",lin2.2.1,,0.0106913756236635,2,2,2
T0277,S0277-01,MFS-294,1,2.2.1.1,2.2.1.1.1,"beijing,mungi","lin2.2.1,pacific_RD150",,0.0087949950131471,2,1,2
T0277,S0277-06,MFS-295,6,2.2.1.1,2.2.1.1.1,"beijing,mungi","lin2.2.1,pacific_RD150",,0.0091077599029726,2,2,2
T0278,S0278-01,MFS-296,1,4.3.3,4.2.1.2.1.1.i4.1,lam,,4.3/LAM,0.0098394614189539,4,1,2
T0278,S0278-06,MFS-297,6,4.3.3,4.2.1.2.1.1.i4.1,lam,,4.3/LAM,0.0083657530640301,4,2,2
T0279,S0279-01,MFS-298,1,4.3.2.1,4.2.1.2.1.1.i1,lam,,4.3/LAM,0.0127587184576127,4,1,2
T0279,S0279-06,MFS-299,6,4.3.2.1,4.2.1.2.1.1.i1,lam,,4.3/LAM,0.0121382444391293,4,2,2
T0280,S0280-01,MFS-300,1,4.3.4.2.1,4.2.1.2.1.1.i3.1,lam,,4.3/LAM,0.005855685681904,4,1,2
T0280,S0280-06,MFS-301,6,4.3.4.2.1,4.2.1.2.1.1.i3.1,lam,,4.3/LAM,0.0074626865671641,4,2,2
T0282,S0282-02,MFS-323,2,2.2.1.1,2.2.1.1.1,"beijing,mungi","lin2.2.1,pacific_RD150",,0.0087220794623443,2,1,2
T0282,S0282-05,MFS-654,5,2.2.1.1,2.2.1.1.1,"beijing,mungi","lin2.2.1,pacific_RD150",,0.008542469928197,2,2,2
T0283,S0283-01,MFS-324,1,2.2.1.1,2.2.1.1.1,"beijing,mungi","lin2.2.1,pacific_RD150",,0.0078154239041895,2,1,2
T0283,S0283-06,MFS-761,6,2.2.1.1,2.2.1.1.1,"beijing,mungi","lin2.2.1,pacific_RD150",,0.0086734912408446,2,2,2
T0284,S0284-01,MFS-325,1,2.2.1.1,2.2.1.1.1,"beijing,mungi","lin2.2.1,pacific_RD150",,0.0087697837664903,2,1,2
T0284,S0284-07,MFS-326,7,2.2.1.1,2.2.1.1.1,"beijing,mungi","lin2.2.1,pacific_RD150",,0.0106448626966985,2,2,2
T0285,S0285-01,MFS-327,1,4.3.2.1,4.2.1.2.1.1.i1,lam,,4.3/LAM,0.0109527381845461,4,1,2
T0285,S0285-08,MFS-328,8,4.3.2.1,4.2.1.2.1.1.i1,lam,,4.3/LAM,0.0124440347642875,4,2,2
T0286,S0286-01,MFS-762,1,2.2.1.1,2.2.1.1.1,"beijing,ghana,mungi","lin2.2.1,pacific_RD150",,0.0086826420740232,2,1,2
T0286,S0286-08,MFS-302,8,2.2.1.1,2.2.1.1.1,"beijing,ghana,mungi","lin2.2.1,pacific_RD150",,0.0087831836573571,2,2,2
T0287,S0287-01,MFS-303,1,2.2.1.1,2.2.1.1.1,"beijing,mungi","lin2.2.1,pacific_RD150",,0.0090397192131909,2,1,2
T0287,S0287-05,MFS-882,5,2.2.1,2.2.1.1.1,"beijing,mungi",lin2.2.1,,0.0069693393600676,2,2,2
T0288,S0288-01,MFS-305,1,2.2.1.1,2.2.1.1.1,"beijing,mungi","lin2.2.1,pacific_RD150",,0.0096911957950065,2,1,2
T0288,S0288-04,MFS-306,4,2.2.1.1,2.2.1.1.1,"beijing,mungi","lin2.2.1,pacific_RD150",,0.0088605427617498,2,2,2
T0289,S0289-01,MFS-329,1,4.1.1.1,4.1.i1.2.1,"xtype,westafrican1",,4,0.0095802919708029,4,1,2
T0289,S0289-08,MFS-307,8,4.1.1.1,4.1.i1.2.1,"xtype,westafrican1",,4,0.0091381535349307,4,2,2
T0290,S0290-01,MFS-264,1,2.2.1.1,2.2.1.1.1,"beijing,mungi","lin2.2.1,pacific_RD150",,0.0097291407222914,2,1,2
T0290,S0290-08,MFS-266,8,2.2.1.1,2.2.1.1.1,"beijing,mungi","lin2.2.1,pacific_RD150",,0.0089678874449575,2,2,2
T0291,S0291-01,MFS-308,1,4.1.2,4.1.i1.1.1.1,haarlem,,4,0.0127953675165779,4,1,2
T0291,S0291-09,MFS-309,9,4.1.2,4.1.i1.1.1.1,haarlem,,4,0.0125628140703517,4,2,2
T0292,S0292-01,MFS-310,1,4.8,4.2.1.1.1.1.1.1.i1,,,4.10/PGG3,0.0084503950834064,4,1,2
T0292,S0292-08,MFS-311,8,4.8,4.2.1.1.1.1.1.1.i1,,,4.10/PGG3,0.0094896933132227,4,2,2
T0294,S0294-01,MFS-282,1,2.2.1.1,2.2.1.1.1,"beijing,mungi","lin2.2.1,pacific_RD150",,0.0089446232382643,2,1,2
T0294,S0294-05,MFS-283,5,2.2.1.1,2.2.1.1.1,"beijing,mungi","lin2.2.1,pacific_RD150",,0.0101145527317178,2,2,2
T0295,S0295-01,MFS-763,1,2.2.1.1,2.2.1.1.1,"beijing,mungi","lin2.2.1,pacific_RD150",,0.0083896321808628,2,1,2
T0295,S0295-05,MFS-284,5,2.2.1.1,2.2.1.1.1,"beijing,mungi","lin2.2.1,pacific_RD150",,0.0087717340356672,2,2,2
T0297,S0297-01,MFS-285,1,4.3.4.1,4.2.1.2.1.1.i3.2,lam,,4.3/LAM,0.0161251648483395,4,1,2
T0297,S0297-06,MFS-286,6,4.3.4.1,4.2.1.2.1.1.i3.2,lam,,4.3/LAM,0.0150573936529372,4,2,2
T0299,S0299-01,MFS-259,1,2.2.1,2.2.1.1.1,"beijing,canetti,mungi","lin2.2.1,asian_african_2",,0.0093578042110118,2,1,2
T0299,S0299-09,MFS-312,9,2.2.1,2.2.1.1.1,"beijing,canetti,mungi","lin2.2.1,asian_african_2",,0.0091008553809429,2,2,2
T0305,S0305-01,MFS-313,1,"4.3.2.1,2.2.1.1","2.2.1.1.1,4.2.1.2.1.1.i1","beijing,lam","lin2.2.1,pacific_RD150",4.3/LAM,0.435704002303484,"2,4",1,2
T0305,S0305-08,MFS-314,8,4.3.2.1,4.2.1.2.1.1.i1,lam,,4.3/LAM,0.0108941014819903,4,2,2
T0306,S0306-01,MFS-287,1,2.2.1,2.2.1.1.1,"beijing,mungi,ethiopian","lin2.2.1,asian_african_2",,0.0095544655630492,2,1,2
T0306,S0306-06,MFS-288,6,2.2.1,2.2.1.1.1,"beijing,mungi,ethiopian","lin2.2.1,asian_african_2",,0.007846733924386,2,2,2
T0310,S0310-01,MFS-315,1,2.2.1.1,2.2.1.1.1,"beijing,mungi","lin2.2.1,pacific_RD150",,0.0092286001153575,2,1,2
T0310,S0310-07,MFS-316,7,2.2.1.1,2.2.1.1.1,"beijing,mungi","lin2.2.1,pacific_RD150",,0.0092042101554586,2,2,2
T0311,S0311-01,MFS-317,1,"4.3.2.1,2.2.1.1","2.2.1.1.1,4.2.1.2.1.1.i1","beijing,lam","lin2.2.1,pacific_RD150",4.3/LAM,0.3784680686860891,"2,4",1,2
T0311,S0311-08,MFS-318,8,2.2.1.1,2.2.1.1.1,"beijing,canetti,mungi","lin2.2.1,pacific_RD150",,0.0091900063653723,2,2,2
T0312,S0312-01,MFS-289,1,3,3.1.1,"east_african_indian,ghana,mungi",,,0.0061891569021172,3,1,2
T0312,S0312-05,MFS-290,5,3,3.1.1,"east_african_indian,ghana,mungi",,,0.0097990939531219,3,2,2
T0320,S0320-01,MFS-293,1,4.3.2.1,4.2.1.2.1.1.i1,lam,,4.3/LAM,0.0100867460157353,4,1,2
T0320,S0320-04,MFS-267,4,4.3.2.1,4.2.1.2.1.1.i1,lam,,4.3/LAM,0.0122263115214272,4,2,2
T0321,S0321-01,MFS-320,1,2.2.1.1,2.2.1.1.1,"beijing,mungi","lin2.2.1,pacific_RD150",,0.0085333833458364,2,1,2
T0321,S0321-08,MFS-330,8,2.2.1.1,2.2.1.1.1,"beijing,mungi","lin2.2.1,pacific_RD150",,0.0097264943054285,2,2,2
T0322,S0322-01,MFS-198,1,4.1.1.3,4.1.i1.2.1,xtype,,4,0.0757441698792896,4,1,2
T0322,S0322-05,MFS-387,5,4.1.1.3,4.1.i1.2.1,xtype,,4,0.0115137559083747,4,2,2
T0324,S0324-01,MFS-388,1,2.2.1,2.2.1.1.1,"beijing,mungi","lin2.2.1,asian_african_2",,0.0088356567838209,2,1,2
T0324,S0324-07,MFS-389,7,2.2.1,2.2.1.1.1,"beijing,mungi","lin2.2.1,asian_african_2",,0.0086129012829006,2,2,2
T0328,S0328-01,MFS-391,1,3.1.1,3.1.1.i1,"east_african_indian,ghana,mungi",,,0.009793597304128,3,1,2
T0328,S0328-08,MFS-392,8,3.1.1,3.1.1.i1,"east_african_indian,ghana,mungi",,,0.0091546273780575,3,2,2
T0329,S0329-01,MFS-393,1,4.3.2.1,4.2.1.2.1.1.i1,lam,,4.3/LAM,0.0096591944596318,4,1,2
T0329,S0329-07,MFS-394,7,4.3.2.1,4.2.1.2.1.1.i1,"lam,beijing",,4.3/LAM,0.0101232625229478,4,2,2
T0330,S0330-01,MFS-395,1,4.1.1.1,4.1.i1.2.1,xtype,,4,0.0061999686077538,4,1,2
T0330,S0330-08,MFS-396,8,4.1.1.1,4.1.i1.2.1,xtype,,4,0.0069758003145451,4,2,2
T0331,S0331-01,MFS-397,1,2.2.1,2.2.1.1.1,"beijing,mungi","lin2.2.1,asian_african_2",,0.0071072264159272,2,1,2
T0331,S0331-07,MFS-398,7,2.2.1,2.2.1.1.1,"beijing,canetti,mungi","lin2.2.1,asian_african_2",,0.0070138031646279,2,2,2
T0332,S0332-01,MFS-399,1,2.2.1.1,2.2.1.1.1,"beijing,mungi","lin2.2.1,pacific_RD150",,0.0073971212647208,2,1,2
T0332,S0332-08,MFS-400,8,2.2.1.1,2.2.1.1.1,"beijing,mungi","lin2.2.1,pacific_RD150",,0.007421105136378,2,2,2
T0334,S0334-01,MFS-402,1,2.2.1,2.2.1.1.1.i2,"beijing,mungi",lin2.2.1,,0.0089830051254383,2,1,2
T0334,S0334-08,MFS-403,8,2.2.1,2.2.1.1.1,"beijing,mungi",lin2.2.1,,0.0072650050296188,2,2,2
T0335,S0335-02,MFS-404,2,2.2.1,2.2.1.1.1,"beijing,mungi","lin2.2.1,asian_african_2",,0.0065750149432157,2,1,2
T0335,S0335-09,MFS-405,9,2.2.1,2.2.1.1.1,"beijing,mungi","lin2.2.1,asian_african_2",,0.0091871091871091,2,2,2
T0336,S0336-01,MFS-406,1,2.2.1,2.2.1.1.1,"beijing,mungi",lin2.2.1,,0.0075123665110258,2,1,2
T0336,S0336-07,MFS-407,7,2.2.1,2.2.1.1.1,"beijing,mungi",lin2.2.1,,0.0060491493383742,2,2,2
T0337,S0337-01,MFS-408,1,2.2.1.1,2.2.1.1.1,"beijing,mungi","lin2.2.1,pacific_RD150",,0.0084014634807353,2,1,2
T0337,S0337-05,MFS-409,5,2.2.1.1,2.2.1.1.1,"beijing,mungi","lin2.2.1,pacific_RD150",,0.008771021992238,2,2,2
T0338,S0338-01,MFS-410,1,4.3.2.1,4.2.1.2.1.1.i1,lam,,4.3/LAM,0.0083584085590103,4,1,2
T0338,S0338-07,MFS-411,7,4.3.2.1,4.2.1.2.1.1.i1,lam,,4.3/LAM,0.0069980694980694,4,2,2
T0339,S0339-01,MFS-412,1,4.3.4.2.1,4.2.1.2.1.1.i3.1,lam,,4.3/LAM,0.0039499670836076,4,1,2
T0339,S0339-06,MFS-413,6,4.3.4.2.1,4.2.1.2.1.1.i3.1,lam,,4.3/LAM,0.0038439282466727,4,2,2
T0340,S0340-02,MFS-414,2,2.2.1.1,2.2.1.1.1,"beijing,mungi","lin2.2.1,pacific_RD150",,0.0073616555748017,2,1,2
T0340,S0340-06,MFS-415,6,2.2.1.1,2.2.1.1.1,"beijing,mungi","lin2.2.1,pacific_RD150",,0.0082972288073244,2,2,2
T0341,S0341-01,MFS-416,1,4.4.1.1,4.2.1.2.2.1.1,stype,,4,0.0066972227454427,4,1,2
T0341,S0341-04,MFS-417,4,4.4.1.1,4.2.1.2.2.1.1,"stype,canetti",,4,0.0071559074299634,4,2,2
T0342,S0342-01,MFS-418,1,2.2.1.1,2.2.1.1.1,"beijing,mungi","lin2.2.1,pacific_RD150",,0.0073343449671219,2,1,2
T0342,S0342-05,MFS-419,5,2.2.1.1,2.2.1.1.1,"beijing,canetti,mungi","lin2.2.1,pacific_RD150",,0.0066221015249634,2,2,2
T0343,S0343-01,MFS-420,1,2.2.1,2.2.1.1.1,"beijing,mungi","lin2.2.1,asian_african_2",,0.0081694743365823,2,1,2
T0343,S0343-06,MFS-421,6,2.2.1,2.2.1.1.1,"beijing,mungi","lin2.2.1,asian_african_2",,0.0092290377039954,2,2,2
T0345,S0345-02,MFS-767,2,4.1.1.1,4.1.i1.2.1,"xtype,westafrican1",,4,0.0075716603569497,4,1,2
T0345,S0345-08,MFS-424,8,4.1.1.1,4.1.i1.2.1,"xtype,westafrican1",,4,0.0079600570613409,4,2,2
T0346,S0346-02,MFS-768,2,2.2.1.1,2.2.1.1.1,"beijing,canetti,mungi","lin2.2.1,pacific_RD150",,0.0079813958829778,2,1,3
T0346,S0346-09,MFS-769,9,2.2.1,2.2.1.1.1,"beijing,mungi",lin2.2.1,,0.0085504540439616,2,2,3
T0347,S0347-01,MFS-427,1,4.3.3,4.2.1.2.1.1.i4.1,lam,,4.3/LAM,0.0061104492525268,4,1,2
T0347,S0347-04,MFS-428,4,4.3.3,4.2.1.2.1.1.i4.1,lam,,4.3/LAM,0.0061441572904266,4,2,2
T0351,S0351-01,MFS-430,1,4.3.3,4.2.1.2.1.1.i4.1,lam,,4.3/LAM,0.0049400049400049,4,1,2
T0351,S0351-07,MFS-431,7,4.3.3,4.2.1.2.1.1.i4.1,lam,,4.3/LAM,0.0065551355264216,4,2,2
T0352,S0352-01,MFS-432,1,4.1.1.3,4.1.i1.2.1,xtype,,4,0.0116569525395503,4,1,2
T0352,S0352-08,MFS-433,8,4.1.1.3,4.1.i1.2.1,xtype,,4,0.0094693809444351,4,2,2
T0354,S0354-01,MFS-435,1,2.2.1.1,2.2.1.1.1,"beijing,mungi","lin2.2.1,pacific_RD150",,0.0072322126661454,2,1,2
T0354,S0354-07,MFS-436,7,2.2.1.1,2.2.1.1.1,"beijing,mungi","lin2.2.1,pacific_RD150",,0.0076413512547758,2,2,2
T0355,S0355-01,MFS-437,1,4.3.3,4.2.1.2.1.1.i4.1,lam,,4.3/LAM,0.0057466157172902,4,1,2
T0355,S0355-08,MFS-438,8,4.3.3,4.2.1.2.1.1.i4.1,lam,,4.3/LAM,0.0049694013711866,4,2,2
T0356,S0356-01,MFS-439,1,4.3.2.1,4.2.1.2.1.1.i1,lam,,4.3/LAM,0.010158013544018,4,1,2
T0356,S0356-07,MFS-440,7,4.3.2.1,4.2.1.2.1.1.i1,lam,,4.3/LAM,0.0096014731027226,4,2,2
T0357,S0357-01,MFS-441,1,2.2.1.1,2.2.1.1.1,"beijing,mungi","lin2.2.1,pacific_RD150",,0.0073293735290821,2,1,2
T0357,S0357-04,MFS-442,4,2.2.1.1,2.2.1.1.1,"beijing,mungi","lin2.2.1,pacific_RD150",,0.0083888707647853,2,2,2
T0359,S0359-01,MFS-444,1,2.2.1.1,2.2.1.1.1,"beijing,mungi","lin2.2.1,pacific_RD150",,0.0075665525240251,2,1,2
T0359,S0359-07,MFS-445,7,2.2.1.1,2.2.1.1.1,"beijing,mungi","lin2.2.1,pacific_RD150",,0.008922171968068,2,2,2
T0362,S0362-01,MFS-446,1,2.2.1.1,2.2.1.1.1,"beijing,mungi","lin2.2.1,pacific_RD150",,0.0071887593944014,2,1,2
T0362,S0362-07,MFS-447,7,2.2.1.1,2.2.1.1.1,"beijing,mungi","lin2.2.1,pacific_RD150",,0.0077519379844961,2,2,2
T0363,S0363-01,MFS-448,1,2.2.1.1,2.2.1.1.1,"beijing,mungi","lin2.2.1,pacific_RD150",,0.0063935250592658,2,1,2
T0363,S0363-08,MFS-449,8,2.2.1.1,2.2.1.1.1,"beijing,mungi","lin2.2.1,pacific_RD150",,0.0078769598923149,2,2,2
T0364,S0364-01,MFS-450,1,2.2.1,2.2.1.1.1,"beijing,mungi",lin2.2.1,,0.0881715435825979,2,1,2
T0364,S0364-07,MFS-771,7,2.2.1,2.2.1.1.1,"beijing,mungi",lin2.2.1,,0.0087682487797336,2,2,2
T0365,S0365-01,MFS-452,1,2.2.1.1,2.2.1.1.1,"beijing,mungi","lin2.2.1,pacific_RD150",,0.0076996068862681,2,1,2
T0365,S0365-07,MFS-772,7,2.2.1.1,2.2.1.1.1,"beijing,mungi","lin2.2.1,pacific_RD150",,0.0065772222707805,2,2,2
T0366,S0366-01,MFS-454,1,2.2.1,2.2.1.1.1,"beijing,mungi","lin2.2.1,asian_african_2",,0.0075338253382533,2,1,2
T0366,S0366-06,MFS-455,6,2.2.1,2.2.1.1.1,"beijing,mungi","lin2.2.1,asian_african_2",,0.0074829931972789,2,2,2
T0367,S0367-01,MFS-456,1,2.2.1.1,2.2.1.1.1,"beijing,mungi","lin2.2.1,pacific_RD150",,0.1283773611127196,2,1,2
T0367,S0367-07,MFS-457,7,3,3.1.1,"east_african_indian,ghana,mungi",,,0.0131759678486035,3,2,2
T0368,S0368-01,MFS-458,1,2.2.1.1,2.2.1.1.1,"beijing,mungi","lin2.2.1,pacific_RD150",,0.0074038794596466,2,1,2
T0368,S0368-05,MFS-459,5,2.2.1.1,2.2.1.1.1,"beijing,mungi","lin2.2.1,pacific_RD150",,0.0082923458396,2,2,2
T0369,S0369-01,MFS-460,1,4.1.1.1,4.1.i1.2.1,"xtype,westafrican1",,4,0.0082023474500652,4,1,2
T0369,S0369-08,MFS-461,8,4.1.1.1,4.1.i1.2.1,"xtype,westafrican1",,4,0.0078979569134932,4,2,2
T0370,S0370-01,MFS-462,1,2.2.1,2.2.1.1.1,"beijing,mungi",lin2.2.1,,0.0071141837644959,2,1,2
T0370,S0370-07,MFS-463,7,2.2.1,2.2.1.1.1,"beijing,mungi",lin2.2.1,,0.0063891972721299,2,2,2
T0372,S0372-01,MFS-464,1,2.2.1.1,2.2.1.1.1,"beijing,mungi","lin2.2.1,pacific_RD150",,0.0088800620919508,2,1,2
T0372,S0372-05,MFS-465,5,2.2.1.1,2.2.1.1.1,"beijing,mungi","lin2.2.1,pacific_RD150",,0.0085628013880751,2,2,2
T0373,S0373-01,MFS-662,1,2.2.1,2.2.1.1.1,"beijing,mungi",lin2.2.1,,0.0065371456500488,2,1,2
T0373,S0373-07,MFS-466,7,2.2.1,2.2.1.1.1,"beijing,mungi",lin2.2.1,,0.0074903728749882,2,2,2
T0375,S0375-01,MFS-467,1,2.2.1,2.2.1.1.1,"beijing,mungi",lin2.2.1,,0.0092855555281159,2,1,2
T0375,S0375-07,MFS-468,7,2.2.1,2.2.1.1.1,"beijing,mungi",lin2.2.1,,0.0092399610949006,2,2,2
T0378,S0378-01,MFS-471,1,2.2.1.1,2.2.1.1.1,"beijing,mungi","lin2.2.1,pacific_RD150",,0.0075727114327838,2,1,2
T0378,S0378-08,MFS-472,8,2.2.1.1,2.2.1.1.1,"beijing,canetti,mungi","lin2.2.1,pacific_RD150",,0.00825267447784,2,2,2
T0379,S0379-01,MFS-473,1,4.3.2,4.2.1.2.1.1.i1,"lam,pinipedii",,4.3/LAM,0.0060245357606523,4,1,2
T0379,S0379-05,MFS-774,5,4.3.2,4.2.1.2.1.1.i1,"lam,pinipedii",,4.3/LAM,0.0049588067627191,4,2,2
T0380,S0380-01,MFS-474,1,2.2.1,2.2.1.1.1,"beijing,mungi",lin2.2.1,,0.0072246662621359,2,1,2
T0380,S0380-08,MFS-475,8,2.2.1,2.2.1.1.1,"beijing,mungi",lin2.2.1,,0.0059480603274457,2,2,2
T0381,S0381-01,MFS-476,1,2.2.1.1,2.2.1.1.1,"beijing,mungi","lin2.2.1,pacific_RD150",,0.0079860244571999,2,1,2
T0381,S0381-07,MFS-663,7,2.2.1.1,2.2.1.1.1,"beijing,mungi","lin2.2.1,pacific_RD150",,0.0079678015739271,2,2,2
T0383,S0383-01,MFS-664,1,4.8,4.2.1.1.1.1.1.1.i1,canetti,,4.10/PGG3,0.0061001821866491,4,1,2
T0383,S0383-05,MFS-665,5,4.8,4.2.1.1.1.1.1.1.i1,canetti,,4.10/PGG3,0.0066348028425885,4,2,2
T0384,S0384-01,MFS-777,1,2.2.1,2.2.1.1.1,"beijing,canetti,mungi",lin2.2.1,,0.0065956687041821,2,1,2
T0384,S0384-09,MFS-478,9,2.2.1,2.2.1.1.1,"beijing,mungi",lin2.2.1,,0.0052707951005078,2,2,2
T0385,S0385-01,MFS-479,1,2.2.1.1,2.2.1.1.1,"beijing,mungi","lin2.2.1,pacific_RD150",,0.0081609680596594,2,1,2
T0385,S0385-04,MFS-778,4,2.2.1.1,2.2.1.1.1,"beijing,mungi","lin2.2.1,pacific_RD150",,0.0087708901268223,2,2,2
T0387,S0387-01,MFS-480,1,2.2.1.1,2.2.1.1.1,"beijing,mungi","lin2.2.1,pacific_RD150",,0.0089139218807395,2,1,2
T0387,S0387-04,MFS-667,4,2.2.1.1,2.2.1.1.1,"beijing,mungi","lin2.2.1,pacific_RD150",,0.0079849193505361,2,2,2
T0389,S0389-01,MFS-668,1,4.1.1.1,4.1.i1.2.1,"xtype,westafrican1",,4,0.0060622573394182,4,1,2
T0389,S0389-08,MFS-481,8,4.1.1.1,4.1.i1.2.1,"xtype,westafrican1",,4,0.0082516370793746,4,2,2
T0392,S0392-01,MFS-484,1,2.2.1,2.2.1.1.1,"beijing,mungi",lin2.2.1,,0.007125077074151,2,1,2
T0392,S0392-07,MFS-669,7,2.2.1,2.2.1.1.1,"beijing,mungi",lin2.2.1,,0.0074529389166346,2,2,2
T0393,S0393-01,MFS-485,1,2.2.1.1,2.2.1.1.1,"beijing,mungi","lin2.2.1,pacific_RD150",,0.0812122017677942,2,1,2
T0393,S0393-06,MFS-486,6,2.2.1.1,2.2.1.1.1,"beijing,mungi","lin2.2.1,pacific_RD150",,0.0352057444620666,2,2,2
T0394,S0394-01,MFS-487,1,4.1.1.1,4.1.i1.2.1,"xtype,westafrican1",,4,0.0076134298158373,4,1,2
T0394,S0394-07,MFS-488,7,4.1.1.1,4.1.i1.2.1,"xtype,westafrican1",,4,0.0080509124367428,4,2,2
T0395,S0395-01,MFS-670,1,4.3.3,4.2.1.2.1.1.i4.1,lam,,4.3/LAM,0.0072851939147203,4,1,3
T0395,S0395-08,MFS-779,8,4.3.3,4.2.1.2.1.1.i4.1,lam,,4.3/LAM,0.006137832017229,4,2,3
T0396,S0396-01,MFS-671,1,2.2.1.1,2.2.1.1.1,"beijing,mungi","lin2.2.1,pacific_RD150",,0.0072242000291466,2,1,2
T0396,S0396-08,MFS-780,8,2.2.1.1,2.2.1.1.1,"beijing,mungi","lin2.2.1,pacific_RD150",,0.0070544061593309,2,2,2
T0397,S0397-01,MFS-672,1,2.2.1.1,2.2.1.1.1,"beijing,mungi","lin2.2.1,pacific_RD150",,0.0084398598292285,2,1,2
T0397,S0397-04,MFS-885,4,2.2.1.1,2.2.1.1.1,"beijing,mungi","lin2.2.1,pacific_RD150",,0.0090422491295536,2,2,2
T0399,S0399-01,MFS-674,1,4.8,4.2.1.1.1.1.1.1.i1,,,4.10/PGG3,0.0055738204620174,4,1,2
T0399,S0399-08,MFS-783,8,4.8,4.2.1.1.1.1.1.1.i1,,,4.10/PGG3,0.0068743600994588,4,2,2
T0402,S0402-01,MFS-676,1,2.2.1.1,2.2.1.1.1,"beijing,mungi","lin2.2.1,pacific_RD150",,0.0075133947816804,2,1,3
T0402,S0402-04,MFS-887,4,2.2.1.1,2.2.1.1.1,"beijing,mungi","lin2.2.1,pacific_RD150",,0.0074911359334595,2,2,3
T0404,S0404-01,MFS-678,1,4.3.3,4.2.1.2.1.1.i4.1,lam,,4.3/LAM,0.0099502487562189,4,1,2
T0404,S0404-05,MFS-786,5,4.3.3,4.2.1.2.1.1.i4.1,lam,,4.3/LAM,0.010275857850633,4,2,2
T0408,S0408-01,MFS-681,1,4.3.4.2.1,4.2.1.2.1.1.i3.1,lam,,4.3/LAM,0.0037773759292746,4,1,2
T0408,S0408-06,MFS-792,6,4.3.3,4.2.1.2.1.1.i4.1,lam,,4.3/LAM,0.0066881918819188,4,2,2
T0412,S0412-01,MFS-684,1,4.1.1.3,4.1.i1.2.1,xtype,,4,0.0086143773958737,4,1,2
T0412,S0412-08 ,MFS-795,8,4.1.1.3,4.1.i1.2.1,xtype,,4,0.0118266538509758,4,2,2
T0415,S0415-01,MFS-686,1,4.8,4.2.1.1.1.1.1.1.i1,,,4.10/PGG3,0.0052237070430598,4,1,2
T0415,S0415-08,MFS-798,8,4.3.2.1,4.2.1.2.1.1.i1,lam,,4.3/LAM,0.0126126126126126,4,2,2
T0416,S0416-01,MFS-687,1,4.3.2.1,4.2.1.2.1.1.i1,lam,,4.3/LAM,0.0091812232214322,4,1,2
T0416,S0416-06,MFS-799,6,4.1.1.3,4.1.i1.2.1,xtype,,4,0.0100107553569951,4,2,2
T0417,S0417-01,MFS-688,1,4.1.1.1,4.1.i1.2.1,"xtype,stype,westafrican1",,4,0.0087527352297593,4,1,2
T0417,S0417-04,MFS-800,4,4.1.1.1,4.1.i1.2.1,"xtype,westafrican1",,4,0.0061256372307186,4,2,2
T0421,S0421-01,MFS-691,1,3.1.1,3.1.1.i1,"east_african_indian,ghana,mungi",,,0.008520027155465,3,1,2
T0421,S0421-05,MFS-802,5,3.1.1,3.1.1.i1,"east_african_indian,ghana,mungi",,,0.0099477076492764,3,2,2
T0422,S0422-01,MFS-692,1,4.1.1.3,4.1.i1.2.1,xtype,,4,0.0102506406650415,4,1,2
T0422,S0422-04,MFS-803,4,4.3.3,4.2.1.2.1.1.i4.1,lam,,4.3/LAM,0.0064153649984061,4,2,2
T0423,S0423-01,MFS-693,1,4.3.4.2.1,4.2.1.2.1.1.i3.1,lam,,4.3/LAM,0.0029419223941161,4,1,2
T0423,S0423-08,MFS-804,8,4.3.4.2.1,4.2.1.2.1.1.i3.1,lam,,4.3/LAM,0.0038397201946472,4,2,2
T0424,S0424-01,MFS-694,1,2.2.1,2.2.1.1.1.i2,"beijing,mungi",lin2.2.1,,0.0081342016572485,2,1,2
T0424,S0424-07,MFS-805,7,2.2.1,2.2.1.1.1.i2,"beijing,mungi",lin2.2.1,,0.0088880074998197,2,2,2
T0425,S0425-01,MFS-806,1,2.2.1.1,2.2.1.1.1,"beijing,mungi","lin2.2.1,pacific_RD150",,0.0082602737154335,2,1,2
T0425,S0425-06,MFS-807,6,2.2.1.1,2.2.1.1.1,"beijing,mungi","lin2.2.1,pacific_RD150",,0.007240071579846,2,2,2
T0426,S0426-01,MFS-695,1,4.3.4.2.1,4.2.1.2.1.1.i3.1,lam,,4.3/LAM,0.0034725287660751,4,1,2
T0426,S0426-07,MFS-808,7,4.3.4.2.1,4.2.1.2.1.1.i3.1,lam,,4.3/LAM,0.0042735615245495,4,2,2
T0427,S0427-02,MFS-696,2,2.2.1,2.2.1.1.1.i2,"beijing,mungi",lin2.2.1,,0.0826618012264963,2,1,2
T0427,S0427-05,MFS-809,5,2.2.1.1,2.2.1.1.1,"beijing,mungi","lin2.2.1,pacific_RD150",,0.0069982638578153,2,2,2
T0428,S0428-01,MFS-890,1,2.2.1.1,2.2.1.1.1,"beijing,mungi","lin2.2.1,pacific_RD150",,0.0084151472650771,2,1,2
T0428,S0428-08,MFS-811,8,2.2.1.1,2.2.1.1.1,"beijing,mungi","lin2.2.1,pacific_RD150",,0.0070385004134889,2,2,2
T0431,S0431-01,MFS-698,1,4.3.4.2.1,4.2.1.2.1.1.i3.1,lam,,4.3/LAM,0.0030886579109929,4,1,2
T0431,S0431-06,MFS-813,6,4.3.4.2.1,4.2.1.2.1.1.i3.1,lam,,4.3/LAM,0.0034169343265222,4,2,2
T0432,S0432-01,MFS-699,1,4.3.2.1,4.2.1.2.1.1.i1,lam,,4.3/LAM,0.0089148139995597,4,1,2
T0432,S0432-07,MFS-814,7,4.3.2.1,4.2.1.2.1.1.i1,lam,,4.3/LAM,0.0108744902582691,4,2,2
T0434,S0434-01,MFS-815,1,4.1.2.1,4.1.i1.1.1.1,haarlem,,4.1.2/Haarlem,0.0119200877318457,4,1,2
T0434,S0434-08,MFS-816,8,4.1.2.1,4.1.i1.1.1.1,haarlem,,4.1.2/Haarlem,0.0126158311934799,4,2,2
T0435,S0435-01,MFS-700,1,2.2.1.1,2.2.1.1.1,"beijing,mungi","lin2.2.1,pacific_RD150",,0.0070636926199335,2,1,2
T0435,S0435-06,MFS-817,6,2.2.1.1,2.2.1.1.1,"beijing,mungi","lin2.2.1,pacific_RD150",,0.0086828710634475,2,2,2
T0436,S0436-01,MFS-701,1,4.1.2,4.1.i1.1.1.1,haarlem,,4,0.011947309302563,4,1,2
T0436,S0436-08,MFS-818,8,4.1.2,4.1.i1.1.1.1,haarlem,,4,0.0155237120436711,4,2,2
T0437,S0437-01,MFS-702,1,4.3.2.1,4.2.1.2.1.1.i1,lam,,4.3/LAM,0.0095585590215324,4,1,2
T0437,S0437-05,MFS-819,5,4.3.2.1,4.2.1.2.1.1.i1,lam,,4.3/LAM,0.0117778693834285,4,2,2
T0439,S0439-01,MFS-703,1,2.2.1,2.2.1.1.1,"beijing,mungi",lin2.2.1,,0.0066842757802813,2,1,2
T0439,S0439-07,MFS-820,7,2.2.1,2.2.1.1.1,"beijing,mungi",lin2.2.1,,0.0084423486461819,2,2,2
T0440,S0440-01,MFS-704,1,2.2.1,2.2.1.1.1.i2,"beijing,mungi",lin2.2.1,,0.0073106423777564,2,1,2
T0440,S0440-07,MFS-821,7,2.2.1,2.2.1.1.1,"beijing,mungi",lin2.2.1,,0.0084393200998454,2,2,2
T0441,S0441-01,MFS-705,1,2.2.1.1,2.2.1.1.1,"beijing,haarlem,mungi","lin2.2.1,pacific_RD150",,0.1548530394841826,2,1,2
T0441,S0441-08,MFS-822,8,2.2.1.1,2.2.1.1.1,"beijing,haarlem,mungi","lin2.2.1,pacific_RD150",,0.0357924351359799,2,2,2
T0444,S0444-01,MFS-707,1,"4.3.4.2.1,4.1.1.1","4.1.i1.2,4.2.1.2.1.1.i3.1","lam,xtype,westafrican1",,4.3/LAM,0.3143601968410633,4,1,2
T0444,S0444-08,MFS-823,8,4.1.1.1,4.1.i1.2.1,"xtype,westafrican1",,4,0.0081688223281143,4,2,2
T0445,S0445-01,MFS-824,1,2.2.1.1,2.2.1.1.1,"beijing,mungi","lin2.2.1,pacific_RD150",,0.0082916060948688,2,1,2
T0445,S0445-08,MFS-825,8,2.2.1.1,2.2.1.1.1,"beijing,mungi","lin2.2.1,pacific_RD150",,0.0091015589799044,2,2,2
T0446,S0446-01,MFS-708,1,2.2.1.1,2.2.1.1.1,"beijing,mungi","lin2.2.1,pacific_RD150",,0.0079616136484805,2,1,2
T0446,S0446-04,MFS-826,4,2.2.1.1,2.2.1.1.1,"beijing,mungi","lin2.2.1,pacific_RD150",,0.0076477883422902,2,2,2
T0447,S0447-01,MFS-709,1,2.2.1.1,2.2.1.1.1,"beijing,mungi","lin2.2.1,pacific_RD150",,0.0068822083569672,2,1,2
T0447,S0447-04,MFS-891,4,2.2.1.1,2.2.1.1.1,"beijing,mungi","lin2.2.1,pacific_RD150",,0.0093126492798378,2,2,2
T0449,S0449-01,MFS-711,1,3,3.1.1,"east_african_indian,westafrican2,ghana,mungi",,,0.0079207191276156,3,1,2
T0449,S0449-08,MFS-828,8,3,3.1.1,"east_african_indian,westafrican2,ghana,mungi",,,0.0093752944502025,3,2,2
T0450,S0450-01,MFS-892,1,4.4.1.1,4.2.1.2.2.1.1,"stype,indo_oceanic",,4,0.0076755668920974,4,1,2
T0450,S0450-05,MFS-829,5,4.4.1.1,4.2.1.2.2.1.1,"stype,indo_oceanic",,4,0.0073347281340932,4,2,2
T0451,S0451-01,MFS-713,1,2.2.1.1,2.2.1.1.1,"beijing,ghana,mungi","lin2.2.1,pacific_RD150",,0.0065582511330311,2,1,2
T0451,S0451-05,MFS-830,5,2.2.1.1,2.2.1.1.1,"beijing,ghana,mungi","lin2.2.1,pacific_RD150",,0.0085576186577216,2,2,2
T0452,S0452-01,MFS-714,1,4.3.3,4.2.1.2.1.1.i4.1,lam,,4.3/LAM,0.0047299573321356,4,1,2
T0452,S0452-04,MFS-831,4,4.3.3,4.2.1.2.1.1.i4.1,lam,,4.3/LAM,0.0078940104885454,4,2,2
T0453,S0453-01,MFS-715,1,2.2.1.1,2.2.1.1.1,"beijing,mungi","lin2.2.1,pacific_RD150",,0.0081510664311914,2,1,2
T0453,S0453-05,MFS-832,5,2.2.1.1,2.2.1.1.1,"beijing,mungi","lin2.2.1,pacific_RD150",,0.0081681879231422,2,2,2
T0455,S0455-01,MFS-716,1,4.1.1.2,4.1.i1.2.1,xtype,,4,0.0090136000254801,4,1,2
T0455,S0455-08,MFS-833,8,4.1.1.2,4.1.i1.2.1,xtype,,4,0.0125702944095269,4,2,2
T0456,S0456-01,MFS-717,1,4.1.1.1,4.1.i1.2.1,"xtype,westafrican1",,4,0.0061026065370293,4,1,2
T0456,S0456-08,MFS-834,8,4.1.1.1,4.1.i1.2.1,"xtype,westafrican1",,4,0.0057880550432685,4,2,2
T0457,S0457-01,MFS-835,1,2.2.1.1,2.2.1.1.1,"beijing,mungi","lin2.2.1,pacific_RD150",,0.0477267455346787,2,1,2
T0457,S0457-06,MFS-836,6,2.2.1.1,2.2.1.1.1,"beijing,mungi","lin2.2.1,pacific_RD150",,0.0121853374786881,2,2,2
T0458,S0458-01,MFS-837,1,2.2.1.1,2.2.1.1.1,"beijing,dassie,mungi","lin2.2.1,pacific_RD150",,0.0080913850547358,2,1,3
T0458,S0458-08,MFS-893,8,2.2.1.1,2.2.1.1.1,"beijing,dassie,mungi","lin2.2.1,pacific_RD150",,0.0078345498783454,2,2,3
T0459,S0459-01,MFS-839,1,4.1.1.1,4.1.i1.2.1,"xtype,westafrican1",,4,0.0074295782122312,4,1,3
T0459,S0459-08,MFS-841,8,4.1.1.1,4.1.i1.2.1,"xtype,westafrican1",,4,0.0088811572971983,4,2,3
T0461,S0461-01,MFS-842,1,2.2.1.1,2.2.1.1.1,"beijing,mungi","lin2.2.1,pacific_RD150",,0.0080943098486958,2,1,2
T0461,S0461-08,MFS-843,8,2.2.1.1,2.2.1.1.1,"beijing,mungi","lin2.2.1,pacific_RD150",,0.0084601040337619,2,2,2
T0462,S0462-01,MFS-844,1,4.1.1.3,4.1.i1.2.1,xtype,,4,0.0117647058823529,4,1,2
T0462,S0462-08,MFS-845,8,4.1.1.3,4.1.i1.2.1,xtype,,4,0.0112659445703112,4,2,2
T0464,S0464-01,MFS-846,1,2.2.1,2.2.1.1.1,"beijing,mungi",lin2.2.1,,0.0076433555695835,2,1,2
T0464,S0464-04,MFS-847,4,2.2.1,2.2.1.1.1,"beijing,mungi",lin2.2.1,,0.0091511517828968,2,2,2
T0465,S0465-01,MFS-848,1,3,3.1.1,"east_african_indian,ghana,mungi",,,0.0215124494469619,3,1,2
T0465,S0465-05,MFS-849,5,3,3.1.1,"east_african_indian,ghana,mungi",,,0.007918831972284,3,2,2
T0466,S0466-01,MFS-850,1,4.4.1.1,4.2.1.2.2.1.1,"stype,indo_oceanic",,4,0.006721830626213,4,1,2
T0466,S0466-06,MFS-851,6,4.4.1.1,4.2.1.2.2.1.1,"stype,indo_oceanic",,4,0.0075018033181053,4,2,2
T0467,S0467-01,MFS-852,1,3,3.1.1,"east_african_indian,ghana,mungi",,,0.0125972076947564,3,1,2
T0467,S0467-04,MFS-853,4,3,3.1.1,"east_african_indian,ghana,mungi",,,0.0106468948240332,3,2,2
T0468,S0468-01,MFS-854,1,4.1.1.3,4.1.i1.2.1,xtype,,4,0.0106840524303659,4,1,2
T0468,S0468-05,MFS-855,5,4.1.1.3,4.1.i1.2.1,xtype,,4,0.0111793196665915,4,2,2
T0469,S0469-01,MFS-856,1,2.2.1.1,2.2.1.1.1,"beijing,mungi","lin2.2.1,pacific_RD150",,0.0081586469747498,2,1,2
T0469,S0469-07,MFS-857,7,2.2.1.1,2.2.1.1.1,"beijing,mungi","lin2.2.1,pacific_RD150",,0.0072093351195092,2,2,2
T0470,S0470-01,MFS-858,1,2.2.1,2.2.1.1.1,"beijing,mungi","lin2.2.1,asian_african_2",,0.0083632475368517,2,1,2
T0470,S0470-08,MFS-859,8,2.2.1,2.2.1.1.1,"beijing,mungi","lin2.2.1,asian_african_2",,0.0090704834817342,2,2,2
T0471,S0471-01,MFS-860,1,2.2.1.1,2.2.1.1.1,"beijing,mungi","lin2.2.1,pacific_RD150",,0.0084722501784113,2,1,2
T0471,S0471-08,MFS-861,8,2.2.1.1,2.2.1.1.1,"beijing,mungi","lin2.2.1,pacific_RD150",,0.0078553931919925,2,2,2
T0472,S0472-01,MFS-862,1,4.4.1.1,4.2.1.2.2.1.1,stype,,4,0.0073566228864152,4,1,2
T0472,S0472-08,MFS-863,8,4.4.1.1,4.2.1.2.2.1.1,stype,,4,0.0081442346992839,4,2,2
T0474,S0474-01,MFS-864,1,2.2.1,2.2.1.1.1.i2,"beijing,mungi",lin2.2.1,,0.0086420346642948,2,1,2
T0474,S0474-07,MFS-865,7,2.2.1,2.2.1.1.1.i2,"beijing,mungi",lin2.2.1,,0.007815175382809,2,2,2
T0475,S0475-01,MFS-866,1,2.2.1.1,2.2.1.1.1,"beijing,mungi","lin2.2.1,pacific_RD150",,0.0079491255961844,2,1,2
T0475,S0475-06,MFS-867,6,2.2.1.1,2.2.1.1.1,"beijing,mungi","lin2.2.1,pacific_RD150",,0.0077942998760842,2,2,2
T0477,S0477-01,MFS-868,1,2.2.1.1,2.2.1.1.1,"beijing,mungi","lin2.2.1,pacific_RD150",,0.0087478707740277,2,1,2
T0477,S0477-06,MFS-869,6,2.2.1.1,2.2.1.1.1,"beijing,mungi","lin2.2.1,pacific_RD150",,0.0080526779348236,2,2,2
