SampleID,NC_2516,Rv1733c,Rv1830,Rv2690c,Rv3220c,Rv3861,ceoB,devR,devS,katG,mtrA,phoR,subI,sugI,virS,whiB6
MFS-115,0,0,0,0,0,0,0,0,0,0,0,0,0,1,0,0
MFS-117,0,0,0,0,1,0,0,0,0,0,0,0,0,0,0,0
MFS-119,0,0,0,0,0,0,0,0,0,0,0,0,0,1,0,0
MFS-122,0,0,0,0,0,0,1,0,1,0,0,0,0,0,0,0
MFS-123,0,0,0,0,0,0,0,0,0,0,0,0,0,1,0,0
MFS-125,0,0,0,1,0,0,0,0,0,0,0,0,0,1,0,0
MFS-127,0,1,0,0,0,0,0,0,0,0,1,0,0,0,0,0
MFS-129,0,0,0,0,0,0,0,0,0,0,0,0,0,1,0,0
MFS-131,0,1,0,0,0,0,0,0,1,0,0,0,0,0,0,0
MFS-132,0,0,0,0,0,0,0,0,0,0,0,0,1,1,0,0
MFS-137,0,0,0,0,1,0,0,0,0,0,0,0,0,0,1,0
MFS-138,0,0,0,0,0,0,0,0,0,0,0,0,0,0,1,0
MFS-140,0,0,0,0,0,0,1,0,0,0,0,0,0,0,0,0
MFS-144,0,0,1,0,0,0,0,0,0,0,0,0,0,1,0,0
MFS-148,0,0,0,1,0,0,0,1,0,0,0,0,0,0,0,0
MFS-150,0,0,0,0,0,0,0,0,1,0,0,0,0,0,0,0
MFS-152,0,0,0,1,0,0,0,0,0,0,0,0,0,0,0,0
MFS-156,0,0,0,0,0,0,0,0,0,0,0,0,0,1,0,0
MFS-160,0,0,0,1,0,0,0,0,1,0,0,0,0,0,0,0
MFS-162,0,0,0,0,0,0,0,0,0,0,0,1,0,1,0,0
MFS-164,0,0,0,0,0,0,0,0,0,0,0,0,0,1,0,0
MFS-169,0,0,0,0,0,0,0,0,0,0,0,0,0,1,0,0
MFS-172,0,0,0,0,0,0,0,0,0,0,0,0,1,0,0,0
MFS-18,1,0,0,0,0,0,0,0,0,0,0,0,0,0,0,0
MFS-190,0,0,0,1,0,0,0,0,0,0,0,0,0,0,0,0
MFS-260,0,0,0,0,0,0,0,0,0,0,0,0,0,0,1,0
MFS-269,0,0,0,0,0,0,0,1,0,0,0,0,0,0,0,0
MFS-274,1,0,0,0,0,1,0,0,0,0,0,0,0,0,0,1
MFS-278,0,0,0,0,0,0,0,0,1,0,0,0,0,0,0,0
MFS-281,0,0,0,0,0,0,0,1,0,0,0,0,0,0,0,0
MFS-282,0,0,0,0,0,0,0,0,0,0,0,1,0,0,0,0
MFS-296,0,0,1,0,0,0,0,0,0,0,0,0,0,0,0,0
MFS-30,0,0,0,0,0,0,0,0,0,0,0,1,0,0,0,0
MFS-325,0,0,0,0,0,0,0,0,0,0,0,1,1,0,0,0
MFS-348,1,0,0,0,0,0,0,0,0,1,0,0,0,0,0,0
MFS-388,0,1,0,0,0,0,0,0,0,0,1,0,0,1,0,0
MFS-391,0,1,0,0,0,0,0,0,0,0,0,0,0,0,0,0
MFS-393,0,0,0,0,0,0,1,0,0,0,0,0,0,1,0,0
MFS-395,0,0,0,0,0,0,0,0,0,0,0,0,0,1,0,0
MFS-397,0,0,0,0,0,0,0,0,0,1,0,0,0,0,0,0
MFS-401,0,0,0,0,0,0,0,0,0,0,0,0,0,0,1,0
MFS-402,0,0,0,0,0,0,0,0,0,0,1,0,0,0,0,0
MFS-408,0,0,0,0,0,0,0,0,0,0,0,0,0,1,0,0
MFS-410,0,0,0,0,0,0,0,0,1,0,0,0,0,0,0,0
MFS-414,0,0,0,0,1,0,0,0,0,0,0,0,0,0,0,0
MFS-416,0,0,1,1,0,0,0,0,0,0,0,0,0,0,0,0
MFS-420,0,0,0,0,0,0,0,0,0,0,0,0,0,1,0,0
MFS-429,0,0,0,0,0,0,0,0,0,0,0,0,0,0,1,0
MFS-435,0,0,0,0,0,0,0,1,0,0,0,0,0,0,0,0
MFS-437,0,0,0,1,0,0,0,0,0,0,0,0,0,0,0,0
MFS-444,0,0,0,0,0,0,0,0,0,0,0,0,0,1,0,0
MFS-467,0,0,0,0,0,0,0,0,0,0,0,0,0,1,0,0
MFS-470,0,0,0,0,1,0,0,0,0,0,0,0,0,0,0,0
MFS-471,0,0,0,0,0,0,0,0,0,0,0,0,0,1,0,0
MFS-473,0,0,0,1,0,0,0,0,0,0,0,0,0,0,0,0
MFS-474,0,0,0,0,0,0,0,0,0,0,0,0,0,1,0,0
MFS-542,0,0,1,0,0,0,0,0,0,0,0,0,0,0,0,0
MFS-648,0,0,0,0,0,0,0,0,0,0,0,1,0,0,0,0
MFS-655,1,0,1,0,0,0,0,0,0,0,0,0,0,0,0,0
MFS-662,0,0,0,0,0,0,0,0,0,0,0,0,0,1,0,0
MFS-671,0,0,0,0,0,0,0,0,0,0,0,0,0,1,0,0
MFS-674,0,0,0,0,0,0,0,1,0,0,0,0,0,0,0,0
MFS-68,0,0,0,0,0,0,0,0,0,0,1,0,0,0,0,0
MFS-721,0,0,0,1,0,0,0,0,0,0,0,0,0,1,0,0
MFS-727,0,0,0,0,0,0,1,1,0,0,0,0,0,0,0,0
MFS-758,0,0,0,0,0,1,0,0,0,0,0,0,0,0,0,1
MFS-766,0,0,0,0,0,0,0,0,0,0,0,0,1,0,0,0
MFS-777,0,0,0,0,0,0,0,0,0,0,0,0,0,1,0,0
MFS-815,0,0,0,0,0,0,0,0,0,0,0,0,0,0,1,0
MFS-839,0,0,0,0,0,0,1,0,0,0,0,0,0,0,0,0
MFS-858,0,0,1,0,0,1,0,0,0,0,0,0,0,0,0,1
MFS-876,0,0,0,0,0,0,0,1,1,0,0,0,0,0,0,0
MFS-890,0,0,0,0,0,0,0,0,0,0,0,0,0,1,0,0
MFS-548,0,0,0,0,0,0,0,0,0,0,0,0,0,0,0,0
MFS-11,0,0,0,0,0,0,0,0,0,0,0,0,0,0,0,0
MFS-716,0,0,0,0,0,0,0,0,0,0,0,0,0,0,0,0
MFS-856,0,0,0,0,0,0,0,0,0,0,0,0,0,0,0,0
MFS-848,0,0,0,0,0,0,0,0,0,0,0,0,0,0,0,0
MFS-476,0,0,0,0,0,0,0,0,0,0,0,0,0,0,0,0
MFS-555,0,0,0,0,0,0,0,0,0,0,0,0,0,0,0,0
MFS-154,0,0,0,0,0,0,0,0,0,0,0,0,0,0,0,0
MFS-334,0,0,0,0,0,0,0,0,0,0,0,0,0,0,0,0
MFS-277,0,0,0,0,0,0,0,0,0,0,0,0,0,0,0,0
MFS-509,0,0,0,0,0,0,0,0,0,0,0,0,0,0,0,0
MFS-741,0,0,0,0,0,0,0,0,0,0,0,0,0,0,0,0
MFS-265,0,0,0,0,0,0,0,0,0,0,0,0,0,0,0,0
MFS-713,0,0,0,0,0,0,0,0,0,0,0,0,0,0,0,0
MFS-670,0,0,0,0,0,0,0,0,0,0,0,0,0,0,0,0
MFS-108,0,0,0,0,0,0,0,0,0,0,0,0,0,0,0,0
MFS-346,0,0,0,0,0,0,0,0,0,0,0,0,0,0,0,0
MFS-432,0,0,0,0,0,0,0,0,0,0,0,0,0,0,0,0
MFS-342,0,0,0,0,0,0,0,0,0,0,0,0,0,0,0,0
MFS-894,0,0,0,0,0,0,0,0,0,0,0,0,0,0,0,0
MFS-399,0,0,0,0,0,0,0,0,0,0,0,0,0,0,0,0
MFS-4,0,0,0,0,0,0,0,0,0,0,0,0,0,0,0,0
MFS-166,0,0,0,0,0,0,0,0,0,0,0,0,0,0,0,0
MFS-583,0,0,0,0,0,0,0,0,0,0,0,0,0,0,0,0
MFS-604,0,0,0,0,0,0,0,0,0,0,0,0,0,0,0,0
MFS-625,0,0,0,0,0,0,0,0,0,0,0,0,0,0,0,0
MFS-763,0,0,0,0,0,0,0,0,0,0,0,0,0,0,0,0
MFS-71,0,0,0,0,0,0,0,0,0,0,0,0,0,0,0,0
MFS-81,0,0,0,0,0,0,0,0,0,0,0,0,0,0,0,0
MFS-51,0,0,0,0,0,0,0,0,0,0,0,0,0,0,0,0
MFS-357,0,0,0,0,0,0,0,0,0,0,0,0,0,0,0,0
MFS-528,0,0,0,0,0,0,0,0,0,0,0,0,0,0,0,0
MFS-590,0,0,0,0,0,0,0,0,0,0,0,0,0,0,0,0
MFS-482,0,0,0,0,0,0,0,0,0,0,0,0,0,0,0,0
MFS-406,0,0,0,0,0,0,0,0,0,0,0,0,0,0,0,0
MFS-646,0,0,0,0,0,0,0,0,0,0,0,0,0,0,0,0
MFS-539,0,0,0,0,0,0,0,0,0,0,0,0,0,0,0,0
MFS-686,0,0,0,0,0,0,0,0,0,0,0,0,0,0,0,0
MFS-90,0,0,0,0,0,0,0,0,0,0,0,0,0,0,0,0
MFS-644,0,0,0,0,0,0,0,0,0,0,0,0,0,0,0,0
MFS-681,0,0,0,0,0,0,0,0,0,0,0,0,0,0,0,0
MFS-633,0,0,0,0,0,0,0,0,0,0,0,0,0,0,0,0
MFS-332,0,0,0,0,0,0,0,0,0,0,0,0,0,0,0,0
MFS-427,0,0,0,0,0,0,0,0,0,0,0,0,0,0,0,0
MFS-586,0,0,0,0,0,0,0,0,0,0,0,0,0,0,0,0
MFS-627,0,0,0,0,0,0,0,0,0,0,0,0,0,0,0,0
MFS-659,0,0,0,0,0,0,0,0,0,0,0,0,0,0,0,0
MFS-27,0,0,0,0,0,0,0,0,0,0,0,0,0,0,0,0
MFS-535,0,0,0,0,0,0,0,0,0,0,0,0,0,0,0,0
MFS-764,0,0,0,0,0,0,0,0,0,0,0,0,0,0,0,0
MFS-100,0,0,0,0,0,0,0,0,0,0,0,0,0,0,0,0
MFS-93,0,0,0,0,0,0,0,0,0,0,0,0,0,0,0,0
MFS-551,0,0,0,0,0,0,0,0,0,0,0,0,0,0,0,0
MFS-584,0,0,0,0,0,0,0,0,0,0,0,0,0,0,0,0
MFS-617,0,0,0,0,0,0,0,0,0,0,0,0,0,0,0,0
MFS-616,0,0,0,0,0,0,0,0,0,0,0,0,0,0,0,0
MFS-43,0,0,0,0,0,0,0,0,0,0,0,0,0,0,0,0
MFS-747,0,0,0,0,0,0,0,0,0,0,0,0,0,0,0,0
MFS-72,0,0,0,0,0,0,0,0,0,0,0,0,0,0,0,0
MFS-651,0,0,0,0,0,0,0,0,0,0,0,0,0,0,0,0
MFS-370,0,0,0,0,0,0,0,0,0,0,0,0,0,0,0,0
MFS-182,0,0,0,0,0,0,0,0,0,0,0,0,0,0,0,0
MFS-454,0,0,0,0,0,0,0,0,0,0,0,0,0,0,0,0
MFS-719,0,0,0,0,0,0,0,0,0,0,0,0,0,0,0,0
MFS-434,0,0,0,0,0,0,0,0,0,0,0,0,0,0,0,0
MFS-559,0,0,0,0,0,0,0,0,0,0,0,0,0,0,0,0
MFS-866,0,0,0,0,0,0,0,0,0,0,0,0,0,0,0,0
MFS-180,0,0,0,0,0,0,0,0,0,0,0,0,0,0,0,0
MFS-658,0,0,0,0,0,0,0,0,0,0,0,0,0,0,0,0
MFS-516,0,0,0,0,0,0,0,0,0,0,0,0,0,0,0,0
MFS-102,0,0,0,0,0,0,0,0,0,0,0,0,0,0,0,0
MFS-9,0,0,0,0,0,0,0,0,0,0,0,0,0,0,0,0
MFS-324,0,0,0,0,0,0,0,0,0,0,0,0,0,0,0,0
MFS-315,0,0,0,0,0,0,0,0,0,0,0,0,0,0,0,0
MFS-55,0,0,0,0,0,0,0,0,0,0,0,0,0,0,0,0
MFS-703,0,0,0,0,0,0,0,0,0,0,0,0,0,0,0,0
MFS-888,0,0,0,0,0,0,0,0,0,0,0,0,0,0,0,0
MFS-573,0,0,0,0,0,0,0,0,0,0,0,0,0,0,0,0
MFS-623,0,0,0,0,0,0,0,0,0,0,0,0,0,0,0,0
MFS-725,0,0,0,0,0,0,0,0,0,0,0,0,0,0,0,0
MFS-41,0,0,0,0,0,0,0,0,0,0,0,0,0,0,0,0
MFS-553,0,0,0,0,0,0,0,0,0,0,0,0,0,0,0,0
MFS-638,0,0,0,0,0,0,0,0,0,0,0,0,0,0,0,0
MFS-767,0,0,0,0,0,0,0,0,0,0,0,0,0,0,0,0
MFS-56,0,0,0,0,0,0,0,0,0,0,0,0,0,0,0,0
MFS-176,0,0,0,0,0,0,0,0,0,0,0,0,0,0,0,0
MFS-621,0,0,0,0,0,0,0,0,0,0,0,0,0,0,0,0
MFS-462,0,0,0,0,0,0,0,0,0,0,0,0,0,0,0,0
MFS-526,0,0,0,0,0,0,0,0,0,0,0,0,0,0,0,0
MFS-611,0,0,0,0,0,0,0,0,0,0,0,0,0,0,0,0
MFS-579,0,0,0,0,0,0,0,0,0,0,0,0,0,0,0,0
MFS-694,0,0,0,0,0,0,0,0,0,0,0,0,0,0,0,0
MFS-135,0,0,0,0,0,0,0,0,0,0,0,0,0,0,0,0
MFS-303,0,0,0,0,0,0,0,0,0,0,0,0,0,0,0,0
MFS-47,0,0,0,0,0,0,0,0,0,0,0,0,0,0,0,0
MFS-743,0,0,0,0,0,0,0,0,0,0,0,0,0,0,0,0
MFS-603,0,0,0,0,0,0,0,0,0,0,0,0,0,0,0,0
MFS-697,0,0,0,0,0,0,0,0,0,0,0,0,0,0,0,0
MFS-690,0,0,0,0,0,0,0,0,0,0,0,0,0,0,0,0
MFS-294,0,0,0,0,0,0,0,0,0,0,0,0,0,0,0,0
MFS-754,0,0,0,0,0,0,0,0,0,0,0,0,0,0,0,0
MFS-28,0,0,0,0,0,0,0,0,0,0,0,0,0,0,0,0
MFS-3,0,0,0,0,0,0,0,0,0,0,0,0,0,0,0,0
MFS-66,0,0,0,0,0,0,0,0,0,0,0,0,0,0,0,0
MFS-191,0,0,0,0,0,0,0,0,0,0,0,0,0,0,0,0
MFS-359,0,0,0,0,0,0,0,0,0,0,0,0,0,0,0,0
MFS-602,0,0,0,0,0,0,0,0,0,0,0,0,0,0,0,0
MFS-331,0,0,0,0,0,0,0,0,0,0,0,0,0,0,0,0
MFS-641,0,0,0,0,0,0,0,0,0,0,0,0,0,0,0,0
MFS-13,0,0,0,0,0,0,0,0,0,0,0,0,0,0,0,0
MFS-484,0,0,0,0,0,0,0,0,0,0,0,0,0,0,0,0
MFS-824,0,0,0,0,0,0,0,0,0,0,0,0,0,0,0,0
MFS-533,0,0,0,0,0,0,0,0,0,0,0,0,0,0,0,0
MFS-524,0,0,0,0,0,0,0,0,0,0,0,0,0,0,0,0
MFS-714,0,0,0,0,0,0,0,0,0,0,0,0,0,0,0,0
MFS-699,0,0,0,0,0,0,0,0,0,0,0,0,0,0,0,0
MFS-448,0,0,0,0,0,0,0,0,0,0,0,0,0,0,0,0
MFS-37,0,0,0,0,0,0,0,0,0,0,0,0,0,0,0,0
MFS-7,0,0,0,0,0,0,0,0,0,0,0,0,0,0,0,0
MFS-762,0,0,0,0,0,0,0,0,0,0,0,0,0,0,0,0
MFS-746,0,0,0,0,0,0,0,0,0,0,0,0,0,0,0,0
MFS-695,0,0,0,0,0,0,0,0,0,0,0,0,0,0,0,0
MFS-706,0,0,0,0,0,0,0,0,0,0,0,0,0,0,0,0
MFS-418,0,0,0,0,0,0,0,0,0,0,0,0,0,0,0,0
MFS-310,0,0,0,0,0,0,0,0,0,0,0,0,0,0,0,0
MFS-560,0,0,0,0,0,0,0,0,0,0,0,0,0,0,0,0
MFS-487,0,0,0,0,0,0,0,0,0,0,0,0,0,0,0,0
MFS-689,0,0,0,0,0,0,0,0,0,0,0,0,0,0,0,0
MFS-531,0,0,0,0,0,0,0,0,0,0,0,0,0,0,0,0
MFS-291,0,0,0,0,0,0,0,0,0,0,0,0,0,0,0,0
MFS-715,0,0,0,0,0,0,0,0,0,0,0,0,0,0,0,0
MFS-25,0,0,0,0,0,0,0,0,0,0,0,0,0,0,0,0
MFS-868,0,0,0,0,0,0,0,0,0,0,0,0,0,0,0,0
MFS-514,0,0,0,0,0,0,0,0,0,0,0,0,0,0,0,0
MFS-523,0,0,0,0,0,0,0,0,0,0,0,0,0,0,0,0
MFS-62,0,0,0,0,0,0,0,0,0,0,0,0,0,0,0,0
MFS-308,0,0,0,0,0,0,0,0,0,0,0,0,0,0,0,0
MFS-70,0,0,0,0,0,0,0,0,0,0,0,0,0,0,0,0
MFS-446,0,0,0,0,0,0,0,0,0,0,0,0,0,0,0,0
MFS-550,0,0,0,0,0,0,0,0,0,0,0,0,0,0,0,0
MFS-430,0,0,0,0,0,0,0,0,0,0,0,0,0,0,0,0
MFS-850,0,0,0,0,0,0,0,0,0,0,0,0,0,0,0,0
MFS-327,0,0,0,0,0,0,0,0,0,0,0,0,0,0,0,0
MFS-20,0,0,0,0,0,0,0,0,0,0,0,0,0,0,0,0
MFS-103,0,0,0,0,0,0,0,0,0,0,0,0,0,0,0,0
MFS-276,0,0,0,0,0,0,0,0,0,0,0,0,0,0,0,0
MFS-259,0,0,0,0,0,0,0,0,0,0,0,0,0,0,0,0
MFS-581,0,0,0,0,0,0,0,0,0,0,0,0,0,0,0,0
MFS-443,0,0,0,0,0,0,0,0,0,0,0,0,0,0,0,0
MFS-171,0,0,0,0,0,0,0,0,0,0,0,0,0,0,0,0
MFS-708,0,0,0,0,0,0,0,0,0,0,0,0,0,0,0,0
MFS-452,0,0,0,0,0,0,0,0,0,0,0,0,0,0,0,0
MFS-597,0,0,0,0,0,0,0,0,0,0,0,0,0,0,0,0
MFS-884,0,0,0,0,0,0,0,0,0,0,0,0,0,0,0,0
MFS-592,0,0,0,0,0,0,0,0,0,0,0,0,0,0,0,0
MFS-340,0,0,0,0,0,0,0,0,0,0,0,0,0,0,0,0
MFS-95,0,0,0,0,0,0,0,0,0,0,0,0,0,0,0,0
MFS-878,0,0,0,0,0,0,0,0,0,0,0,0,0,0,0,0
MFS-842,0,0,0,0,0,0,0,0,0,0,0,0,0,0,0,0
MFS-479,0,0,0,0,0,0,0,0,0,0,0,0,0,0,0,0
MFS-685,0,0,0,0,0,0,0,0,0,0,0,0,0,0,0,0
MFS-765,0,0,0,0,0,0,0,0,0,0,0,0,0,0,0,0
MFS-385,0,0,0,0,0,0,0,0,0,0,0,0,0,0,0,0
MFS-886,0,0,0,0,0,0,0,0,0,0,0,0,0,0,0,0
MFS-364,0,0,0,0,0,0,0,0,0,0,0,0,0,0,0,0
MFS-546,0,0,0,0,0,0,0,0,0,0,0,0,0,0,0,0
MFS-404,0,0,0,0,0,0,0,0,0,0,0,0,0,0,0,0
MFS-520,0,0,0,0,0,0,0,0,0,0,0,0,0,0,0,0
MFS-636,0,0,0,0,0,0,0,0,0,0,0,0,0,0,0,0
MFS-374,0,0,0,0,0,0,0,0,0,0,0,0,0,0,0,0
MFS-319,0,0,0,0,0,0,0,0,0,0,0,0,0,0,0,0
MFS-460,0,0,0,0,0,0,0,0,0,0,0,0,0,0,0,0
MFS-187,0,0,0,0,0,0,0,0,0,0,0,0,0,0,0,0
MFS-656,0,0,0,0,0,0,0,0,0,0,0,0,0,0,0,0
MFS-673,0,0,0,0,0,0,0,0,0,0,0,0,0,0,0,0
MFS-382,0,0,0,0,0,0,0,0,0,0,0,0,0,0,0,0
MFS-844,0,0,0,0,0,0,0,0,0,0,0,0,0,0,0,0
MFS-684,0,0,0,0,0,0,0,0,0,0,0,0,0,0,0,0
MFS-133,0,0,0,0,0,0,0,0,0,0,0,0,0,0,0,0
MFS-711,0,0,0,0,0,0,0,0,0,0,0,0,0,0,0,0
MFS-74,0,0,0,0,0,0,0,0,0,0,0,0,0,0,0,0
MFS-687,0,0,0,0,0,0,0,0,0,0,0,0,0,0,0,0
MFS-768,0,0,0,0,0,0,0,0,0,0,0,0,0,0,0,0
MFS-45,0,0,0,0,0,0,0,0,0,0,0,0,0,0,0,0
MFS-643,0,0,0,0,0,0,0,0,0,0,0,0,0,0,0,0
MFS-649,0,0,0,0,0,0,0,0,0,0,0,0,0,0,0,0
MFS-107,0,0,0,0,0,0,0,0,0,0,0,0,0,0,0,0
MFS-464,0,0,0,0,0,0,0,0,0,0,0,0,0,0,0,0
MFS-91,0,0,0,0,0,0,0,0,0,0,0,0,0,0,0,0
MFS-258,0,0,0,0,0,0,0,0,0,0,0,0,0,0,0,0
MFS-664,0,0,0,0,0,0,0,0,0,0,0,0,0,0,0,0
MFS-161,0,0,0,0,0,0,0,0,0,0,0,0,0,0,0,0
MFS-723,0,0,0,0,0,0,0,0,0,0,0,0,0,0,0,0
MFS-338,0,0,0,0,0,0,0,0,0,0,0,0,0,0,0,0
MFS-594,0,0,0,0,0,0,0,0,0,0,0,0,0,0,0,0
MFS-33,0,0,0,0,0,0,0,0,0,0,0,0,0,0,0,0
MFS-688,0,0,0,0,0,0,0,0,0,0,0,0,0,0,0,0
MFS-142,0,0,0,0,0,0,0,0,0,0,0,0,0,0,0,0
MFS-35,0,0,0,0,0,0,0,0,0,0,0,0,0,0,0,0
MFS-544,0,0,0,0,0,0,0,0,0,0,0,0,0,0,0,0
MFS-439,0,0,0,0,0,0,0,0,0,0,0,0,0,0,0,0
MFS-678,0,0,0,0,0,0,0,0,0,0,0,0,0,0,0,0
MFS-558,0,0,0,0,0,0,0,0,0,0,0,0,0,0,0,0
MFS-194,0,0,0,0,0,0,0,0,0,0,0,0,0,0,0,0
MFS-789,0,0,0,0,0,0,0,0,0,0,0,0,0,0,0,0
MFS-76,0,0,0,0,0,0,0,0,0,0,0,0,0,0,0,0
MFS-732,0,0,0,0,0,0,0,0,0,0,0,0,0,0,0,0
MFS-770,0,0,0,0,0,0,0,0,0,0,0,0,0,0,0,0
MFS-704,0,0,0,0,0,0,0,0,0,0,0,0,0,0,0,0
MFS-321,0,0,0,0,0,0,0,0,0,0,0,0,0,0,0,0
MFS-518,0,0,0,0,0,0,0,0,0,0,0,0,0,0,0,0
MFS-360,0,0,0,0,0,0,0,0,0,0,0,0,0,0,0,0
MFS-54,0,0,0,0,0,0,0,0,0,0,0,0,0,0,0,0
MFS-458,0,0,0,0,0,0,0,0,0,0,0,0,0,0,0,0
MFS-640,0,0,0,0,0,0,0,0,0,0,0,0,0,0,0,0
MFS-88,0,0,0,0,0,0,0,0,0,0,0,0,0,0,0,0
MFS-5,0,0,0,0,0,0,0,0,0,0,0,0,0,0,0,0
MFS-737,0,0,0,0,0,0,0,0,0,0,0,0,0,0,0,0
MFS-184,0,0,0,0,0,0,0,0,0,0,0,0,0,0,0,0
MFS-289,0,0,0,0,0,0,0,0,0,0,0,0,0,0,0,0
MFS-64,0,0,0,0,0,0,0,0,0,0,0,0,0,0,0,0
MFS-320,0,0,0,0,0,0,0,0,0,0,0,0,0,0,0,0
MFS-854,0,0,0,0,0,0,0,0,0,0,0,0,0,0,0,0
MFS-606,0,0,0,0,0,0,0,0,0,0,0,0,0,0,0,0
MFS-181,0,0,0,0,0,0,0,0,0,0,0,0,0,0,0,0
MFS-710,0,0,0,0,0,0,0,0,0,0,0,0,0,0,0,0
MFS-601,0,0,0,0,0,0,0,0,0,0,0,0,0,0,0,0
MFS-739,0,0,0,0,0,0,0,0,0,0,0,0,0,0,0,0
MFS-557,0,0,0,0,0,0,0,0,0,0,0,0,0,0,0,0
MFS-637,0,0,0,0,0,0,0,0,0,0,0,0,0,0,0,0
MFS-480,0,0,0,0,0,0,0,0,0,0,0,0,0,0,0,0
MFS-300,0,0,0,0,0,0,0,0,0,0,0,0,0,0,0,0
MFS-49,0,0,0,0,0,0,0,0,0,0,0,0,0,0,0,0
MFS-344,0,0,0,0,0,0,0,0,0,0,0,0,0,0,0,0
MFS-734,0,0,0,0,0,0,0,0,0,0,0,0,0,0,0,0
MFS-787,0,0,0,0,0,0,0,0,0,0,0,0,0,0,0,0
MFS-381,0,0,0,0,0,0,0,0,0,0,0,0,0,0,0,0
MFS-614,0,0,0,0,0,0,0,0,0,0,0,0,0,0,0,0
MFS-185,0,0,0,0,0,0,0,0,0,0,0,0,0,0,0,0
MFS-801,0,0,0,0,0,0,0,0,0,0,0,0,0,0,0,0
MFS-702,0,0,0,0,0,0,0,0,0,0,0,0,0,0,0,0
MFS-146,0,0,0,0,0,0,0,0,0,0,0,0,0,0,0,0
MFS-298,0,0,0,0,0,0,0,0,0,0,0,0,0,0,0,0
MFS-174,0,0,0,0,0,0,0,0,0,0,0,0,0,0,0,0
MFS-612,0,0,0,0,0,0,0,0,0,0,0,0,0,0,0,0
MFS-511,0,0,0,0,0,0,0,0,0,0,0,0,0,0,0,0
MFS-892,0,0,0,0,0,0,0,0,0,0,0,0,0,0,0,0
MFS-717,0,0,0,0,0,0,0,0,0,0,0,0,0,0,0,0
MFS-745,0,0,0,0,0,0,0,0,0,0,0,0,0,0,0,0
MFS-366,0,0,0,0,0,0,0,0,0,0,0,0,0,0,0,0
MFS-852,0,0,0,0,0,0,0,0,0,0,0,0,0,0,0,0
MFS-575,0,0,0,0,0,0,0,0,0,0,0,0,0,0,0,0
MFS-15,0,0,0,0,0,0,0,0,0,0,0,0,0,0,0,0
MFS-329,0,0,0,0,0,0,0,0,0,0,0,0,0,0,0,0
MFS-701,0,0,0,0,0,0,0,0,0,0,0,0,0,0,0,0
MFS-98,0,0,0,0,0,0,0,0,0,0,0,0,0,0,0,0
MFS-106,0,0,0,0,0,0,0,0,0,0,0,0,0,0,0,0
MFS-372,0,0,0,0,0,0,0,0,0,0,0,0,0,0,0,0
MFS-369,0,0,0,0,0,0,0,0,0,0,0,0,0,0,0,0
MFS-738,0,0,0,0,0,0,0,0,0,0,0,0,0,0,0,0
MFS-58,0,0,0,0,0,0,0,0,0,0,0,0,0,0,0,0
MFS-773,0,0,0,0,0,0,0,0,0,0,0,0,0,0,0,0
MFS-97,0,0,0,0,0,0,0,0,0,0,0,0,0,0,0,0
MFS-16,0,0,0,0,0,0,0,0,0,0,0,0,0,0,0,0
MFS-860,0,0,0,0,0,0,0,0,0,0,0,0,0,0,0,0
MFS-530,0,0,0,0,0,0,0,0,0,0,0,0,0,0,0,0
MFS-675,0,0,0,0,0,0,0,0,0,0,0,0,0,0,0,0
MFS-519,0,0,0,0,0,0,0,0,0,0,0,0,0,0,0,0
MFS-86,0,0,0,0,0,0,0,0,0,0,0,0,0,0,0,0
MFS-574,0,0,0,0,0,0,0,0,0,0,0,0,0,0,0,0
MFS-806,0,0,0,0,0,0,0,0,0,0,0,0,0,0,0,0
MFS-111,0,0,0,0,0,0,0,0,0,0,0,0,0,0,0,0
MFS-1,0,0,0,0,0,0,0,0,0,0,0,0,0,0,0,0
MFS-158,0,0,0,0,0,0,0,0,0,0,0,0,0,0,0,0
MFS-862,0,0,0,0,0,0,0,0,0,0,0,0,0,0,0,0
MFS-305,0,0,0,0,0,0,0,0,0,0,0,0,0,0,0,0
MFS-846,0,0,0,0,0,0,0,0,0,0,0,0,0,0,0,0
MFS-629,0,0,0,0,0,0,0,0,0,0,0,0,0,0,0,0
MFS-700,0,0,0,0,0,0,0,0,0,0,0,0,0,0,0,0
MFS-610,0,0,0,0,0,0,0,0,0,0,0,0,0,0,0,0
MFS-521,0,0,0,0,0,0,0,0,0,0,0,0,0,0,0,0
MFS-668,0,0,0,0,0,0,0,0,0,0,0,0,0,0,0,0
MFS-571,0,0,0,0,0,0,0,0,0,0,0,0,0,0,0,0
MFS-812,0,0,0,0,0,0,0,0,0,0,0,0,0,0,0,0
MFS-264,0,0,0,0,0,0,0,0,0,0,0,0,0,0,0,0
MFS-178,0,0,0,0,0,0,0,0,0,0,0,0,0,0,0,0
MFS-362,0,0,0,0,0,0,0,0,0,0,0,0,0,0,0,0
MFS-682,0,0,0,0,0,0,0,0,0,0,0,0,0,0,0,0
MFS-104,0,0,0,0,0,0,0,0,0,0,0,0,0,0,0,0
MFS-412,0,0,0,0,0,0,0,0,0,0,0,0,0,0,0,0
MFS-751,0,0,0,0,0,0,0,0,0,0,0,0,0,0,0,0
MFS-441,0,0,0,0,0,0,0,0,0,0,0,0,0,0,0,0
MFS-60,0,0,0,0,0,0,0,0,0,0,0,0,0,0,0,0
MFS-693,0,0,0,0,0,0,0,0,0,0,0,0,0,0,0,0
MFS-691,0,0,0,0,0,0,0,0,0,0,0,0,0,0,0,0
MFS-692,0,0,0,0,0,0,0,0,0,0,0,0,0,0,0,0
MFS-287,0,0,0,0,0,0,0,0,0,0,0,0,0,0,0,0
MFS-368,0,0,0,0,0,0,0,0,0,0,0,0,0,0,0,0
MFS-753,0,0,0,0,0,0,0,0,0,0,0,0,0,0,0,0
MFS-323,0,0,0,0,0,0,0,0,0,0,0,0,0,0,0,0
MFS-566,0,0,0,0,0,0,0,0,0,0,0,0,0,0,0,0
MFS-564,0,0,0,0,0,0,0,0,0,0,0,0,0,0,0,0
MFS-285,0,0,0,0,0,0,0,0,0,0,0,0,0,0,0,0
MFS-588,0,0,0,0,0,0,0,0,0,0,0,0,0,0,0,0
MFS-677,0,0,0,0,0,0,0,0,0,0,0,0,0,0,0,0
MFS-32,0,0,0,0,0,0,0,0,0,0,0,0,0,0,0,0
MFS-293,0,0,0,0,0,0,0,0,0,0,0,0,0,0,0,0
MFS-729,0,0,0,0,0,0,0,0,0,0,0,0,0,0,0,0
MFS-383,0,0,0,0,0,0,0,0,0,0,0,0,0,0,0,0
MFS-698,0,0,0,0,0,0,0,0,0,0,0,0,0,0,0,0
MFS-709,0,0,0,0,0,0,0,0,0,0,0,0,0,0,0,0
MFS-80,0,0,0,0,0,0,0,0,0,0,0,0,0,0,0,0
MFS-864,0,0,0,0,0,0,0,0,0,0,0,0,0,0,0,0
MFS-537,0,0,0,0,0,0,0,0,0,0,0,0,0,0,0,0
MFS-83,0,0,0,0,0,0,0,0,0,0,0,0,0,0,0,0
MFS-837,0,0,0,0,0,0,0,0,0,0,0,0,0,0,0,0
MFS-672,0,0,0,0,0,0,0,0,0,0,0,0,0,0,0,0
MFS-619,0,0,0,0,0,0,0,0,0,0,0,0,0,0,0,0
MFS-683,0,0,0,0,0,0,0,0,0,0,0,0,0,0,0,0
MFS-292,0,0,0,0,0,0,0,0,0,0,0,0,0,0,0,0
MFS-22,0,0,0,0,0,0,0,0,0,0,0,0,0,0,0,0
MFS-355,0,0,0,0,0,0,0,0,0,0,0,0,0,0,0,0
