SAMEA3920963	ERR1352298	1
SAMEA3920968	ERR1352303	1
SAMEA3920972	ERR1352307	1
SAMEA3920976	ERR1352311	1
SAMEA3920979	ERR1352314	1
SAMEA3920984	ERR1352319	1
SAMEA3920989	ERR1352324	1
SAMEA3920994	ERR1352329	1
SAMEA3920999	ERR1352334	1
SAMEA3921006	ERR1352341	1
SAMEA3921010	ERR1352345	1
SAMEA3921019	ERR1352354	1
SAMEA23740168	ERR1750873	1
SAMEA23741668	ERR1750875	1
SAMEA23743168	ERR1750877	1
SAMEA23744668	ERR1750879	1
SAMEA23746168	ERR1750881	1
SAMEA23747668	ERR1750883	1
SAMEA23749168	ERR1750885	1
SAMEA23750668	ERR1750887	1
SAMEA23752168	ERR1750889	1
SAMEA23753668	ERR1750891	1
SAMEA23755168	ERR1750893	1
SAMEA23756668	ERR1750895	1
SAMEA23758168	ERR1750897	1
SAMEA23759668	ERR1750899	1
SAMEA23761168	ERR1750901	1
SAMEA23762668	ERR1750903	1
SAMEA23764168	ERR1750905	1
SAMEA23765668	ERR1750907	1
SAMEA23767168	ERR1750909	1
SAMEA23768668	ERR1750911	1
SAMEA23770168	ERR1750913	1
SAMEA23771668	ERR1750915	1
SAMEA23773168	ERR1750917	1
SAMEA23774668	ERR1750919	1
SAMEA23776168	ERR1750921	1
SAMEA23777668	ERR1750923	1
SAMEA23779168	ERR1750925	1
SAMEA23780668	ERR1750927	1
SAMEA23782168	ERR1750929	1
SAMEA23783668	ERR1750931	1
SAMEA23785168	ERR1750933	1
SAMEA23786668	ERR1750935	1
SAMEA23788168	ERR1750937	1
SAMEA23789668	ERR1750939	1
SAMEA23791168	ERR1750941	1
SAMEA23792668	ERR1750943	1
SAMN05328080	SRR3742653	1
SAMN05328085	SRR3742666	1
SAMN05328088	SRR3742669	1
SAMN05328093	SRR3742658	1
SAMEA3921015	ERR1352350	1
SAMEA3921016	ERR1352351	1
SAMN06010249	SRR28393795	1
SAMN06010126	SRR28394054	1
SAMN06010139	SRR28393434	1
SAMN06010195	SRR28394254	1
SAMN06010242	SRR28393803	1
SAMN06010205	SRR28394223	1
SAMN06010133	SRR28393802	1
SAMN06010176	SRR28394077	1
SAMN06010189	SRR28394045	1
SAMN06010136	SRR28393451	1
SAMN06010200	SRR28393317	1
SAMN06010193	SRR28394032	1
SAMN05919624	SRR28393398	1
SAMN06010151	SRR28393746	1
SAMN06010238	SRR28393807	1
SAMN06010166	SRR28393836	1
SAMN06010225	SRR28393471	1
SAMN06010170	SRR28393394	1
SAMN06010147	SRR28393503	1
SAMN06010224	SRR28393472	1
SAMN06010146	SRR28393770	1
SAMN06010243	SRR28393801	1
SAMN06010183	SRR28393823	1
SAMN06010181	SRR28394053	1
SAMN06010345	SRR28393932	1
SAMN06010190	SRR28394034	1
SAMN06010172	SRR28393689	1
SAMN06010324	SRR28393890	1
SAMN05916341	SRR28394202	1
SAMN05918623	SRR28393376	1
SAMN05918627	SRR28393372	1
SAMN05918632	SRR28393366	1
SAMN05918633	SRR28393365	1
SAMN05916347	SRR28393583	1
SAMN05918635	SRR28393363	1
SAMN05916350	SRR28393580	1
SAMN05918638	SRR28393662	1
SAMN05916356	SRR28393572	1
SAMN05918742	SRR28394044	1
SAMN05918745	SRR28394041	1
SAMN05918748	SRR28394038	1
SAMN05916422	SRR28393959	1
SAMN05916423	SRR28393958	1
SAMN05916424	SRR28393957	1
SAMN05916425	SRR28393956	1
SAMN05918736	SRR28394279	1
SAMN05916427	SRR28393954	1
SAMN06094121	SRR28393258	1
SAMN05918766	SRR28394261	1
SAMN05916430	SRR28394178	1
SAMN05918776	SRR28393623	1
SAMN05918780	SRR28393619	1
SAMN05915250	SRR28393617	1
SAMN05915265	SRR28394253	1
SAMN05916267	SRR28393589	1
SAMN05916224	SRR28394005	1
SAMN05916384	SRR28394195	1
SAMN05916226	SRR28394003	1
SAMN05916442	SRR28394165	1
SAMN05915274	SRR28393616	1
SAMN05916237	SRR28393321	1
SAMN06094068	SRR28393549	1
SAMN06094122	SRR28393257	1
SAMN05916245	SRR28394242	1
SAMN05916248	SRR28394239	1
SAMN05916249	SRR28394238	1
SAMN05916259	SRR28393598	1
SAMN05916283	SRR28393987	1
SAMN05916286	SRR28394228	1
SAMN05916288	SRR28394226	1
SAMN05916400	SRR28393566	1
SAMN05916402	SRR28393564	1
SAMN05916452	SRR28393537	1
SAMN05916453	SRR28393951	1
SAMN05918642	SRR28393657	1
SAMN05918648	SRR28393651	1
SAMN05918653	SRR28394061	1
SAMN05919652	SRR28393703	1
SAMN05918522	SRR28393518	1
SAMN05918779	SRR28393620	1
SAMN05918773	SRR28393626	1
SAMN05916225	SRR28394004	1
SAMN06094093	SRR28393266	1
SAMN05916432	SRR28394176	1
SAMN05918761	SRR28394268	1
SAMN05918619	SRR28394067	1
SAMN05918769	SRR28393630	1
SAMN05918760	SRR28394269	1
SAMN05916229	SRR28393330	1
SAMN05918754	SRR28394275	1
SAMN05918765	SRR28394262	1
SAMN05916217	SRR28394026	1
SAMN05918762	SRR28394265	1
SAMN05916386	SRR28394192	1
SAMN05915266	SRR28394252	1
SAMN05916243	SRR28394244	1
SAMN05915259	SRR28394260	1
SAMN05915252	SRR28394030	1
SAMN05825228	SRR28394024	1
SAMN05915268	SRR28394250	1
SAMN05915271	SRR28394247	1
SAMN05916232	SRR28393326	1
SAMN05830710	SRR28394020	1
SAMN05915261	SRR28394258	1
SAMN05916268	SRR28393588	1
SAMN06094078	SRR28393942	1
SAMN05916235	SRR28393323	1
SAMN05915263	SRR28394256	1
SAMN05916274	SRR28393997	1
SAMN05916240	SRR28393318	1
SAMN05916278	SRR28393993	1
SAMN06094086	SRR28393811	1
SAMN05916444	SRR28393551	1
SAMN06094109	SRR28393269	1
SAMN05916436	SRR28394172	1
SAMN06094110	SRR28393268	1
SAMN05916293	SRR28394220	1
SAMN05916448	SRR28393541	1
SAMN05916284	SRR28393986	1
SAMN05915272	SRR28394246	1
SAMN05918743	SRR28394043	1
SAMN05916315	SRR28393969	1
SAMN05916295	SRR28394218	1
SAMN06094071	SRR28393545	1
SAMN05918674	SRR28393352	1
SAMN05916345	SRR28394197	1
SAMN05916431	SRR28394177	1
SAMN05916357	SRR28393571	1
SAMN05916349	SRR28393581	1
SAMN05918749	SRR28394037	1
SAMN05918752	SRR28394033	1
SAMN05918778	SRR28393621	1
SAMN06094087	SRR28393810	1
SAMN05916450	SRR28393539	1
SAMN05830709	SRR28394022	1
SAMN05916269	SRR28393587	1
SAMN06094101	SRR28393276	1
SAMN05915278	SRR28393611	1
SAMN06094082	SRR28393937	1
SAMN05915258	SRR28394017	1
SAMN05916298	SRR28394215	1
SAMN05918758	SRR28394271	1
SAMN05916429	SRR28394179	1
SAMN05918755	SRR28394274	1
