SampleID,ASM,PacBio_FQ_PATH,ASM_SampleID
MFS-877,/n/data1/hms/dbmi/farhat/rollingDB/TRUST/PacBio_Illumina_hybridASM/S0192-02/FlyeAssembly_I3_PilonPolishing/pilon_IllPE_Polishing_I3_Asm_ChangeSNPsINDELsOnly/S0192-02.Flye.I3Asm.PilonPolished.fasta,/n/data1/hms/dbmi/farhat/fastq_db/TRUST_PacBio/TRUST_PacBio_Set4_230124/m64142_221219_140554.bc2019--bc2019.hifi_reads.fastq.gz,MFS-194
MFS-755,/n/data1/hms/dbmi/farhat/rollingDB/TRUST/PacBio_Illumina_hybridASM/S0192-02/FlyeAssembly_I3_PilonPolishing/pilon_IllPE_Polishing_I3_Asm_ChangeSNPsINDELsOnly/S0192-02.Flye.I3Asm.PilonPolished.fasta,/n/data1/hms/dbmi/farhat/fastq_db/TRUST_PacBio/TRUST_PacBio_Set4_230124/m64142_221219_140554.bc2019--bc2019.hifi_reads.fastq.gz,MFS-194
MFS-194,/n/data1/hms/dbmi/farhat/rollingDB/TRUST/PacBio_Illumina_hybridASM/S0192-02/FlyeAssembly_I3_PilonPolishing/pilon_IllPE_Polishing_I3_Asm_ChangeSNPsINDELsOnly/S0192-02.Flye.I3Asm.PilonPolished.fasta,/n/data1/hms/dbmi/farhat/fastq_db/TRUST_PacBio/TRUST_PacBio_Set4_230124/m64142_221219_140554.bc2019--bc2019.hifi_reads.fastq.gz,MFS-194
MFS-878,/n/data1/hms/dbmi/farhat/rollingDB/TRUST/PacBio_Illumina_hybridASM/S0206-01/FlyeAssembly_I3_PilonPolishing/pilon_IllPE_Polishing_I3_Asm_ChangeSNPsINDELsOnly/S0206-01.Flye.I3Asm.PilonPolished.fasta,/n/data1/hms/dbmi/farhat/fastq_db/TRUST_PacBio/TRUST_PacBio_Set5_240528/m64142_240409_061126.bc2007--bc2007.hifi_reads.fastq.gz,MFS-635
MFS-635,/n/data1/hms/dbmi/farhat/rollingDB/TRUST/PacBio_Illumina_hybridASM/S0206-01/FlyeAssembly_I3_PilonPolishing/pilon_IllPE_Polishing_I3_Asm_ChangeSNPsINDELsOnly/S0206-01.Flye.I3Asm.PilonPolished.fasta,/n/data1/hms/dbmi/farhat/fastq_db/TRUST_PacBio/TRUST_PacBio_Set5_240528/m64142_240409_061126.bc2007--bc2007.hifi_reads.fastq.gz,MFS-635
MFS-602,/n/data1/hms/dbmi/farhat/rollingDB/TRUST/PacBio_Illumina_hybridASM/S0147-01/FlyeAssembly_I3_PilonPolishing/pilon_IllPE_Polishing_I3_Asm_ChangeSNPsINDELsOnly/S0147-01.Flye.I3Asm.PilonPolished.fasta,/n/data1/hms/dbmi/farhat/fastq_db/TRUST_PacBio/TRUST_PacBio_Set6/m64142_250205_154304.bc2031--bc2031.hifi_reads.fastq.gz,MFS-602
MFS-316,/n/data1/hms/dbmi/farhat/rollingDB/TRUST/PacBio_Illumina_hybridASM/S0310-07/FlyeAssembly_I3_PilonPolishing/pilon_IllPE_Polishing_I3_Asm_ChangeSNPsINDELsOnly/S0310-07.Flye.I3Asm.PilonPolished.fasta,/n/data1/hms/dbmi/farhat/fastq_db/TRUST_PacBio/TRUST_PacBio_Set3_230124/m64142_221216_110244.bc2014--bc2014.hifi_reads.fastq.gz,MFS-316
MFS-315,/n/data1/hms/dbmi/farhat/rollingDB/TRUST/PacBio_Illumina_hybridASM/S0310-01/FlyeAssembly_I3_PilonPolishing/pilon_IllPE_Polishing_I3_Asm_ChangeSNPsINDELsOnly/S0310-01.Flye.I3Asm.PilonPolished.fasta,/n/data1/hms/dbmi/farhat/fastq_db/TRUST_PacBio/TRUST_PacBio_Set4_230124/m64142_221219_140554.bc2029--bc2029.hifi_reads.fastq.gz,MFS-315
MFS-737,/n/data1/hms/dbmi/farhat/rollingDB/TRUST/PacBio_Illumina_hybridASM/S0096-01/FlyeAssembly_I3_PilonPolishing/pilon_IllPE_Polishing_I3_Asm_ChangeSNPsINDELsOnly/S0096-01.Flye.I3Asm.PilonPolished.fasta,/n/data1/hms/dbmi/farhat/fastq_db/TRUST_PacBio/TRUST_PacBio_Set6/m64142_250205_154304.bc2002--bc2002.hifi_reads.fastq.gz,MFS-737
MFS-741,/n/data1/hms/dbmi/farhat/rollingDB/TRUST/PacBio_Illumina_hybridASM/S0113-01/FlyeAssembly_I3_PilonPolishing/pilon_IllPE_Polishing_I3_Asm_ChangeSNPsINDELsOnly/S0113-01.Flye.I3Asm.PilonPolished.fasta,/n/data1/hms/dbmi/farhat/fastq_db/TRUST_PacBio/TRUST_PacBio_Set6/m64142_250205_154304.bc2003--bc2003.hifi_reads.fastq.gz,MFS-741
MFS-753,/n/data1/hms/dbmi/farhat/rollingDB/TRUST/PacBio_Illumina_hybridASM/S0177-01/FlyeAssembly_I3_PilonPolishing/pilon_IllPE_Polishing_I3_Asm_ChangeSNPsINDELsOnly/S0177-01.Flye.I3Asm.PilonPolished.fasta,/n/data1/hms/dbmi/farhat/fastq_db/TRUST_PacBio/TRUST_PacBio_Set6/m64142_250205_154304.bc2004--bc2004.hifi_reads.fastq.gz,MFS-753
MFS-754,/n/data1/hms/dbmi/farhat/rollingDB/TRUST/PacBio_Illumina_hybridASM/S0191-01/FlyeAssembly_I3_PilonPolishing/pilon_IllPE_Polishing_I3_Asm_ChangeSNPsINDELsOnly/S0191-01.Flye.I3Asm.PilonPolished.fasta,/n/data1/hms/dbmi/farhat/fastq_db/TRUST_PacBio/TRUST_PacBio_Set6/m64142_250205_154304.bc2005--bc2005.hifi_reads.fastq.gz,MFS-754
MFS-756,/n/data1/hms/dbmi/farhat/rollingDB/TRUST/PacBio_Illumina_hybridASM/S0194-03/FlyeAssembly_I3_PilonPolishing/pilon_IllPE_Polishing_I3_Asm_ChangeSNPsINDELsOnly/S0194-03.Flye.I3Asm.PilonPolished.fasta,/n/data1/hms/dbmi/farhat/fastq_db/TRUST_PacBio/TRUST_PacBio_Set6/m64142_250205_154304.bc2006--bc2006.hifi_reads.fastq.gz,MFS-756
MFS-761,/n/data1/hms/dbmi/farhat/rollingDB/TRUST/PacBio_Illumina_hybridASM/S0283-01/FlyeAssembly_I3_PilonPolishing/pilon_IllPE_Polishing_I3_Asm_ChangeSNPsINDELsOnly/S0283-01.Flye.I3Asm.PilonPolished.fasta,/n/data1/hms/dbmi/farhat/fastq_db/TRUST_PacBio/TRUST_PacBio_Set2_221127/demultiplex.bc2063--bc2063.hifi_reads.fastq.gz,MFS-324
MFS-324,/n/data1/hms/dbmi/farhat/rollingDB/TRUST/PacBio_Illumina_hybridASM/S0283-01/FlyeAssembly_I3_PilonPolishing/pilon_IllPE_Polishing_I3_Asm_ChangeSNPsINDELsOnly/S0283-01.Flye.I3Asm.PilonPolished.fasta,/n/data1/hms/dbmi/farhat/fastq_db/TRUST_PacBio/TRUST_PacBio_Set2_221127/demultiplex.bc2063--bc2063.hifi_reads.fastq.gz,MFS-324
MFS-767,/n/data1/hms/dbmi/farhat/rollingDB/TRUST/PacBio_Illumina_hybridASM/S0345-08/FlyeAssembly_I3_PilonPolishing/pilon_IllPE_Polishing_I3_Asm_ChangeSNPsINDELsOnly/S0345-08.Flye.I3Asm.PilonPolished.fasta,/n/data1/hms/dbmi/farhat/fastq_db/TRUST_PacBio/TRUST_PacBio_Set5_231017/m64142_230928_115158.bc2057--bc2057.hifi_reads.fastq.gz,MFS-424
MFS-424,/n/data1/hms/dbmi/farhat/rollingDB/TRUST/PacBio_Illumina_hybridASM/S0345-08/FlyeAssembly_I3_PilonPolishing/pilon_IllPE_Polishing_I3_Asm_ChangeSNPsINDELsOnly/S0345-08.Flye.I3Asm.PilonPolished.fasta,/n/data1/hms/dbmi/farhat/fastq_db/TRUST_PacBio/TRUST_PacBio_Set5_231017/m64142_230928_115158.bc2057--bc2057.hifi_reads.fastq.gz,MFS-424
MFS-768,/n/data1/hms/dbmi/farhat/rollingDB/TRUST/PacBio_Illumina_hybridASM/S0346-08/FlyeAssembly_I3_PilonPolishing/pilon_IllPE_Polishing_I3_Asm_ChangeSNPsINDELsOnly/S0346-08.Flye.I3Asm.PilonPolished.fasta,/n/data1/hms/dbmi/farhat/fastq_db/TRUST_PacBio/TRUST_PacBio_Set5_231017/m64142_230928_115158.bc2059--bc2059.hifi_reads.fastq.gz,MFS-426
MFS-426,/n/data1/hms/dbmi/farhat/rollingDB/TRUST/PacBio_Illumina_hybridASM/S0346-08/FlyeAssembly_I3_PilonPolishing/pilon_IllPE_Polishing_I3_Asm_ChangeSNPsINDELsOnly/S0346-08.Flye.I3Asm.PilonPolished.fasta,/n/data1/hms/dbmi/farhat/fastq_db/TRUST_PacBio/TRUST_PacBio_Set5_231017/m64142_230928_115158.bc2059--bc2059.hifi_reads.fastq.gz,MFS-426
MFS-673,/n/data1/hms/dbmi/farhat/rollingDB/TRUST/PacBio_Illumina_hybridASM/S0398-01/FlyeAssembly_I3_PilonPolishing/pilon_IllPE_Polishing_I3_Asm_ChangeSNPsINDELsOnly/S0398-01.Flye.I3Asm.PilonPolished.fasta,/n/data1/hms/dbmi/farhat/fastq_db/TRUST_PacBio/TRUST_PacBio_Set6/m64142_250205_154304.bc2038--bc2038.hifi_reads.fastq.gz,MFS-673
MFS-696,/n/data1/hms/dbmi/farhat/rollingDB/TRUST/PacBio_Illumina_hybridASM/S0427-02/FlyeAssembly_I3_PilonPolishing/pilon_IllPE_Polishing_I3_Asm_ChangeSNPsINDELsOnly/S0427-02.Flye.I3Asm.PilonPolished.fasta,/n/data1/hms/dbmi/farhat/fastq_db/TRUST_PacBio/TRUST_PacBio_Set6/m64142_250205_154304.bc2062--bc2062.hifi_reads.fastq.gz,MFS-696
MFS-812,/n/data1/hms/dbmi/farhat/rollingDB/TRUST/PacBio_Illumina_hybridASM/S0430-02/FlyeAssembly_I3_PilonPolishing/pilon_IllPE_Polishing_I3_Asm_ChangeSNPsINDELsOnly/S0430-02.Flye.I3Asm.PilonPolished.fasta,/n/data1/hms/dbmi/farhat/fastq_db/TRUST_PacBio/TRUST_PacBio_Set6/m64142_250205_154304.bc2007--bc2007.hifi_reads.fastq.gz,MFS-812
MFS-513,/n/data1/hms/dbmi/farhat/rollingDB/TRUST/PacBio_Illumina_hybridASM/S0008-01/FlyeAssembly_I3_PilonPolishing/pilon_IllPE_Polishing_I3_Asm_ChangeSNPsINDELsOnly/S0008-01.Flye.I3Asm.PilonPolished.fasta,/n/data1/hms/dbmi/farhat/fastq_db/TRUST_PacBio/TRUST_PacBio_Set3_230124/m64142_221216_110244.bc2020--bc2020.hifi_reads.fastq.gz,MFS-4
MFS-4,/n/data1/hms/dbmi/farhat/rollingDB/TRUST/PacBio_Illumina_hybridASM/S0008-01/FlyeAssembly_I3_PilonPolishing/pilon_IllPE_Polishing_I3_Asm_ChangeSNPsINDELsOnly/S0008-01.Flye.I3Asm.PilonPolished.fasta,/n/data1/hms/dbmi/farhat/fastq_db/TRUST_PacBio/TRUST_PacBio_Set3_230124/m64142_221216_110244.bc2020--bc2020.hifi_reads.fastq.gz,MFS-4
MFS-520,/n/data1/hms/dbmi/farhat/rollingDB/TRUST/PacBio_Illumina_hybridASM/S0017-01/FlyeAssembly_I3_PilonPolishing/pilon_IllPE_Polishing_I3_Asm_ChangeSNPsINDELsOnly/S0017-01.Flye.I3Asm.PilonPolished.fasta,/n/data1/hms/dbmi/farhat/fastq_db/TRUST_PacBio/TRUST_PacBio_Set5_240528/m64142_240409_061126.bc2001--bc2001.hifi_reads.fastq.gz,MFS-520
MFS-557,/n/data1/hms/dbmi/farhat/rollingDB/TRUST/PacBio_Illumina_hybridASM/S0073-01/FlyeAssembly_I3_PilonPolishing/pilon_IllPE_Polishing_I3_Asm_ChangeSNPsINDELsOnly/S0073-01.Flye.I3Asm.PilonPolished.fasta,/n/data1/hms/dbmi/farhat/fastq_db/TRUST_PacBio/TRUST_PacBio_Set6/m64142_250205_154304.bc2029--bc2029.hifi_reads.fastq.gz,MFS-557
MFS-566,/n/data1/hms/dbmi/farhat/rollingDB/TRUST/PacBio_Illumina_hybridASM/S0097-02/FlyeAssembly_I3_PilonPolishing/pilon_IllPE_Polishing_I3_Asm_ChangeSNPsINDELsOnly/S0097-02.Flye.I3Asm.PilonPolished.fasta,/n/data1/hms/dbmi/farhat/fastq_db/TRUST_PacBio/TRUST_PacBio_Set5_240528/m64142_240409_061126.bc2003--bc2003.hifi_reads.fastq.gz,MFS-566
MFS-583,/n/data1/hms/dbmi/farhat/rollingDB/TRUST/PacBio_Illumina_hybridASM/S0120-01/FlyeAssembly_I3_PilonPolishing/pilon_IllPE_Polishing_I3_Asm_ChangeSNPsINDELsOnly/S0120-01.Flye.I3Asm.PilonPolished.fasta,/n/data1/hms/dbmi/farhat/fastq_db/TRUST_PacBio/TRUST_PacBio_Set5_240528/m64142_240409_061126.bc2004--bc2004.hifi_reads.fastq.gz,MFS-583
MFS-611,/n/data1/hms/dbmi/farhat/rollingDB/TRUST/PacBio_Illumina_hybridASM/S0156-01/FlyeAssembly_I3_PilonPolishing/pilon_IllPE_Polishing_I3_Asm_ChangeSNPsINDELsOnly/S0156-01.Flye.I3Asm.PilonPolished.fasta,/n/data1/hms/dbmi/farhat/fastq_db/TRUST_PacBio/TRUST_PacBio_Set5_240528/m64142_240409_061126.bc2006--bc2006.hifi_reads.fastq.gz,MFS-611
MFS-616,/n/data1/hms/dbmi/farhat/rollingDB/TRUST/PacBio_Illumina_hybridASM/S0166-07/FlyeAssembly_I3_PilonPolishing/pilon_IllPE_Polishing_I3_Asm_ChangeSNPsINDELsOnly/S0166-07.Flye.I3Asm.PilonPolished.fasta,/n/data1/hms/dbmi/farhat/fastq_db/TRUST_PacBio/TRUST_PacBio_Set3_230124/m64142_221216_110244.bc2034--bc2034.hifi_reads.fastq.gz,MFS-199
MFS-199,/n/data1/hms/dbmi/farhat/rollingDB/TRUST/PacBio_Illumina_hybridASM/S0166-07/FlyeAssembly_I3_PilonPolishing/pilon_IllPE_Polishing_I3_Asm_ChangeSNPsINDELsOnly/S0166-07.Flye.I3Asm.PilonPolished.fasta,/n/data1/hms/dbmi/farhat/fastq_db/TRUST_PacBio/TRUST_PacBio_Set3_230124/m64142_221216_110244.bc2034--bc2034.hifi_reads.fastq.gz,MFS-199
MFS-630,/n/data1/hms/dbmi/farhat/rollingDB/TRUST/PacBio_Illumina_hybridASM/S0204-m5/FlyeAssembly_I3_PilonPolishing/pilon_IllPE_Polishing_I3_Asm_ChangeSNPsINDELsOnly/S0204-m5.Flye.I3Asm.PilonPolished.fasta,/n/data1/hms/dbmi/farhat/fastq_db/TRUST_PacBio/TRUST_PacBio_Set6/m64142_250205_154304.bc2035--bc2035.hifi_reads.fastq.gz,MFS-632
MFS-631,/n/data1/hms/dbmi/farhat/rollingDB/TRUST/PacBio_Illumina_hybridASM/S0204-m5/FlyeAssembly_I3_PilonPolishing/pilon_IllPE_Polishing_I3_Asm_ChangeSNPsINDELsOnly/S0204-m5.Flye.I3Asm.PilonPolished.fasta,/n/data1/hms/dbmi/farhat/fastq_db/TRUST_PacBio/TRUST_PacBio_Set6/m64142_250205_154304.bc2035--bc2035.hifi_reads.fastq.gz,MFS-632
MFS-632,/n/data1/hms/dbmi/farhat/rollingDB/TRUST/PacBio_Illumina_hybridASM/S0204-m5/FlyeAssembly_I3_PilonPolishing/pilon_IllPE_Polishing_I3_Asm_ChangeSNPsINDELsOnly/S0204-m5.Flye.I3Asm.PilonPolished.fasta,/n/data1/hms/dbmi/farhat/fastq_db/TRUST_PacBio/TRUST_PacBio_Set6/m64142_250205_154304.bc2035--bc2035.hifi_reads.fastq.gz,MFS-632
MFS-636,/n/data1/hms/dbmi/farhat/rollingDB/TRUST/PacBio_Illumina_hybridASM/S0207-01/FlyeAssembly_I3_PilonPolishing/pilon_IllPE_Polishing_I3_Asm_ChangeSNPsINDELsOnly/S0207-01.Flye.I3Asm.PilonPolished.fasta,/n/data1/hms/dbmi/farhat/fastq_db/TRUST_PacBio/TRUST_PacBio_Set5_240528/m64142_240409_061126.bc2008--bc2008.hifi_reads.fastq.gz,MFS-636
MFS-637,/n/data1/hms/dbmi/farhat/rollingDB/TRUST/PacBio_Illumina_hybridASM/S0208-01/FlyeAssembly_I3_PilonPolishing/pilon_IllPE_Polishing_I3_Asm_ChangeSNPsINDELsOnly/S0208-01.Flye.I3Asm.PilonPolished.fasta,/n/data1/hms/dbmi/farhat/fastq_db/TRUST_PacBio/TRUST_PacBio_Set5_240528/m64142_240409_061126.bc2009--bc2009.hifi_reads.fastq.gz,MFS-637
MFS-640,/n/data1/hms/dbmi/farhat/rollingDB/TRUST/PacBio_Illumina_hybridASM/S0211-08/FlyeAssembly_I3_PilonPolishing/pilon_IllPE_Polishing_I3_Asm_ChangeSNPsINDELsOnly/S0211-08.Flye.I3Asm.PilonPolished.fasta,/n/data1/hms/dbmi/farhat/fastq_db/TRUST_PacBio/TRUST_PacBio_Set2_221127/demultiplex.bc2049--bc2049.hifi_reads.fastq.gz,MFS-121
MFS-121,/n/data1/hms/dbmi/farhat/rollingDB/TRUST/PacBio_Illumina_hybridASM/S0211-08/FlyeAssembly_I3_PilonPolishing/pilon_IllPE_Polishing_I3_Asm_ChangeSNPsINDELsOnly/S0211-08.Flye.I3Asm.PilonPolished.fasta,/n/data1/hms/dbmi/farhat/fastq_db/TRUST_PacBio/TRUST_PacBio_Set2_221127/demultiplex.bc2049--bc2049.hifi_reads.fastq.gz,MFS-121
MFS-654,/n/data1/hms/dbmi/farhat/rollingDB/TRUST/PacBio_Illumina_hybridASM/S0282-02/FlyeAssembly_I3_PilonPolishing/pilon_IllPE_Polishing_I3_Asm_ChangeSNPsINDELsOnly/S0282-02.Flye.I3Asm.PilonPolished.fasta,/n/data1/hms/dbmi/farhat/fastq_db/TRUST_PacBio/TRUST_PacBio_Set3_230124/m64142_221216_110244.bc2024--bc2024.hifi_reads.fastq.gz,MFS-323
MFS-323,/n/data1/hms/dbmi/farhat/rollingDB/TRUST/PacBio_Illumina_hybridASM/S0282-02/FlyeAssembly_I3_PilonPolishing/pilon_IllPE_Polishing_I3_Asm_ChangeSNPsINDELsOnly/S0282-02.Flye.I3Asm.PilonPolished.fasta,/n/data1/hms/dbmi/farhat/fastq_db/TRUST_PacBio/TRUST_PacBio_Set3_230124/m64142_221216_110244.bc2024--bc2024.hifi_reads.fastq.gz,MFS-323
MFS-656,/n/data1/hms/dbmi/farhat/rollingDB/TRUST/PacBio_Illumina_hybridASM/S0301-01/FlyeAssembly_I3_PilonPolishing/pilon_IllPE_Polishing_I3_Asm_ChangeSNPsINDELsOnly/S0301-01.Flye.I3Asm.PilonPolished.fasta,/n/data1/hms/dbmi/farhat/fastq_db/TRUST_PacBio/TRUST_PacBio_Set5_240528/m64142_240409_061126.bc2010--bc2010.hifi_reads.fastq.gz,MFS-656
MFS-658,/n/data1/hms/dbmi/farhat/rollingDB/TRUST/PacBio_Illumina_hybridASM/S0325-01/FlyeAssembly_I3_PilonPolishing/pilon_IllPE_Polishing_I3_Asm_ChangeSNPsINDELsOnly/S0325-01.Flye.I3Asm.PilonPolished.fasta,/n/data1/hms/dbmi/farhat/fastq_db/TRUST_PacBio/TRUST_PacBio_Set5_240528/m64142_240409_061126.bc2011--bc2011.hifi_reads.fastq.gz,MFS-658
MFS-659,/n/data1/hms/dbmi/farhat/rollingDB/TRUST/PacBio_Illumina_hybridASM/S0327-02/FlyeAssembly_I3_PilonPolishing/pilon_IllPE_Polishing_I3_Asm_ChangeSNPsINDELsOnly/S0327-02.Flye.I3Asm.PilonPolished.fasta,/n/data1/hms/dbmi/farhat/fastq_db/TRUST_PacBio/TRUST_PacBio_Set5_240528/m64142_240409_061126.bc2012--bc2012.hifi_reads.fastq.gz,MFS-659
MFS-660,/n/data1/hms/dbmi/farhat/rollingDB/TRUST/PacBio_Illumina_hybridASM/S0330-m5/FlyeAssembly_I3_PilonPolishing/pilon_IllPE_Polishing_I3_Asm_ChangeSNPsINDELsOnly/S0330-m5.Flye.I3Asm.PilonPolished.fasta,/n/data1/hms/dbmi/farhat/fastq_db/TRUST_PacBio/TRUST_PacBio_Set6/m64142_250205_154304.bc2037--bc2037.hifi_reads.fastq.gz,MFS-660
MFS-396,/n/data1/hms/dbmi/farhat/rollingDB/TRUST/PacBio_Illumina_hybridASM/S0330-08/FlyeAssembly_I3_PilonPolishing/pilon_IllPE_Polishing_I3_Asm_ChangeSNPsINDELsOnly/S0330-08.Flye.I3Asm.PilonPolished.fasta,/n/data1/hms/dbmi/farhat/fastq_db/TRUST_PacBio/TRUST_PacBio_Set6/m64142_250205_154304.bc2025--bc2025.hifi_reads.fastq.gz,MFS-396
MFS-395,/n/data1/hms/dbmi/farhat/rollingDB/TRUST/PacBio_Illumina_hybridASM/S0330-01/FlyeAssembly_I3_PilonPolishing/pilon_IllPE_Polishing_I3_Asm_ChangeSNPsINDELsOnly/S0330-01.Flye.I3Asm.PilonPolished.fasta,/n/data1/hms/dbmi/farhat/fastq_db/TRUST_PacBio/TRUST_PacBio_Set6/m64142_250205_154304.bc2024--bc2024.hifi_reads.fastq.gz,MFS-395
MFS-675,/n/data1/hms/dbmi/farhat/rollingDB/TRUST/PacBio_Illumina_hybridASM/S0401-01/FlyeAssembly_I3_PilonPolishing/pilon_IllPE_Polishing_I3_Asm_ChangeSNPsINDELsOnly/S0401-01.Flye.I3Asm.PilonPolished.fasta,/n/data1/hms/dbmi/farhat/fastq_db/TRUST_PacBio/TRUST_PacBio_Set6/m64142_250205_154304.bc2039--bc2039.hifi_reads.fastq.gz,MFS-675
MFS-677,/n/data1/hms/dbmi/farhat/rollingDB/TRUST/PacBio_Illumina_hybridASM/S0403-01/FlyeAssembly_I3_PilonPolishing/pilon_IllPE_Polishing_I3_Asm_ChangeSNPsINDELsOnly/S0403-01.Flye.I3Asm.PilonPolished.fasta,/n/data1/hms/dbmi/farhat/fastq_db/TRUST_PacBio/TRUST_PacBio_Set6/m64142_250205_154304.bc2040--bc2040.hifi_reads.fastq.gz,MFS-677
MFS-690,/n/data1/hms/dbmi/farhat/rollingDB/TRUST/PacBio_Illumina_hybridASM/S0419-01/FlyeAssembly_I3_PilonPolishing/pilon_IllPE_Polishing_I3_Asm_ChangeSNPsINDELsOnly/S0419-01.Flye.I3Asm.PilonPolished.fasta,/n/data1/hms/dbmi/farhat/fastq_db/TRUST_PacBio/TRUST_PacBio_Set6/m64142_250205_154304.bc2049--bc2049.hifi_reads.fastq.gz,MFS-690
MFS-706,/n/data1/hms/dbmi/farhat/rollingDB/TRUST/PacBio_Illumina_hybridASM/S0443-01/FlyeAssembly_I3_PilonPolishing/pilon_IllPE_Polishing_I3_Asm_ChangeSNPsINDELsOnly/S0443-01.Flye.I3Asm.PilonPolished.fasta,/n/data1/hms/dbmi/farhat/fastq_db/TRUST_PacBio/TRUST_PacBio_Set6/m64142_250205_154304.bc2051--bc2051.hifi_reads.fastq.gz,MFS-706
MFS-331,/n/data1/hms/dbmi/farhat/rollingDB/TRUST/PacBio_Illumina_hybridASM/S0001-01/FlyeAssembly_I3_PilonPolishing/pilon_IllPE_Polishing_I3_Asm_ChangeSNPsINDELsOnly/S0001-01.Flye.I3Asm.PilonPolished.fasta,/n/data1/hms/dbmi/farhat/fastq_db/TRUST_PacBio/TRUST_PacBio_Set5_231017/m64142_230928_115158.bc2041--bc2041.hifi_reads.fastq.gz,MFS-331
MFS-356,/n/data1/hms/dbmi/farhat/rollingDB/TRUST/PacBio_Illumina_hybridASM/S0090-06/FlyeAssembly_I3_PilonPolishing/pilon_IllPE_Polishing_I3_Asm_ChangeSNPsINDELsOnly/S0090-06.Flye.I3Asm.PilonPolished.fasta,/n/data1/hms/dbmi/farhat/fastq_db/TRUST_PacBio/TRUST_PacBio_Set5_231017/m64142_230928_115158.bc2043--bc2043.hifi_reads.fastq.gz,MFS-356
MFS-355,/n/data1/hms/dbmi/farhat/rollingDB/TRUST/PacBio_Illumina_hybridASM/S0090-01/FlyeAssembly_I3_PilonPolishing/pilon_IllPE_Polishing_I3_Asm_ChangeSNPsINDELsOnly/S0090-01.Flye.I3Asm.PilonPolished.fasta,/n/data1/hms/dbmi/farhat/fastq_db/TRUST_PacBio/TRUST_PacBio_Set5_231017/m64142_230928_115158.bc2042--bc2042.hifi_reads.fastq.gz,MFS-355
MFS-430,/n/data1/hms/dbmi/farhat/rollingDB/TRUST/PacBio_Illumina_hybridASM/S0351-01/FlyeAssembly_I3_PilonPolishing/pilon_IllPE_Polishing_I3_Asm_ChangeSNPsINDELsOnly/S0351-01.Flye.I3Asm.PilonPolished.fasta,/n/data1/hms/dbmi/farhat/fastq_db/TRUST_PacBio/TRUST_PacBio_Set5_231017/m64142_230928_115158.bc2061--bc2061.hifi_reads.fastq.gz,MFS-430
MFS-431,/n/data1/hms/dbmi/farhat/rollingDB/TRUST/PacBio_Illumina_hybridASM/S0351-07/FlyeAssembly_I3_PilonPolishing/pilon_IllPE_Polishing_I3_Asm_ChangeSNPsINDELsOnly/S0351-07.Flye.I3Asm.PilonPolished.fasta,/n/data1/hms/dbmi/farhat/fastq_db/TRUST_PacBio/TRUST_PacBio_Set5_231017/m64142_230928_115158.bc2062--bc2062.hifi_reads.fastq.gz,MFS-431
MFS-351,/n/data1/hms/dbmi/farhat/rollingDB/TRUST/PacBio_Illumina_hybridASM/S0072-06/FlyeAssembly_I3_PilonPolishing/pilon_IllPE_Polishing_I3_Asm_ChangeSNPsINDELsOnly/S0072-06.Flye.I3Asm.PilonPolished.fasta,/n/data1/hms/dbmi/farhat/fastq_db/TRUST_PacBio/TRUST_PacBio_Set6/m64142_250205_154304.bc2019--bc2019.hifi_reads.fastq.gz,MFS-351
MFS-350,/n/data1/hms/dbmi/farhat/rollingDB/TRUST/PacBio_Illumina_hybridASM/S0072-06/FlyeAssembly_I3_PilonPolishing/pilon_IllPE_Polishing_I3_Asm_ChangeSNPsINDELsOnly/S0072-06.Flye.I3Asm.PilonPolished.fasta,/n/data1/hms/dbmi/farhat/fastq_db/TRUST_PacBio/TRUST_PacBio_Set6/m64142_250205_154304.bc2019--bc2019.hifi_reads.fastq.gz,MFS-351
MFS-415,/n/data1/hms/dbmi/farhat/rollingDB/TRUST/PacBio_Illumina_hybridASM/S0340-06/FlyeAssembly_I3_PilonPolishing/pilon_IllPE_Polishing_I3_Asm_ChangeSNPsINDELsOnly/S0340-06.Flye.I3Asm.PilonPolished.fasta,/n/data1/hms/dbmi/farhat/fastq_db/TRUST_PacBio/TRUST_PacBio_Set5_231017/m64142_230928_115158.bc2055--bc2055.hifi_reads.fastq.gz,MFS-415
MFS-414,/n/data1/hms/dbmi/farhat/rollingDB/TRUST/PacBio_Illumina_hybridASM/S0340-02/FlyeAssembly_I3_PilonPolishing/pilon_IllPE_Polishing_I3_Asm_ChangeSNPsINDELsOnly/S0340-02.Flye.I3Asm.PilonPolished.fasta,/n/data1/hms/dbmi/farhat/fastq_db/TRUST_PacBio/TRUST_PacBio_Set5_231017/m64142_230928_115158.bc2054--bc2054.hifi_reads.fastq.gz,MFS-414
MFS-359,/n/data1/hms/dbmi/farhat/rollingDB/TRUST/PacBio_Illumina_hybridASM/S0104-01/FlyeAssembly_I3_PilonPolishing/pilon_IllPE_Polishing_I3_Asm_ChangeSNPsINDELsOnly/S0104-01.Flye.I3Asm.PilonPolished.fasta,/n/data1/hms/dbmi/farhat/fastq_db/TRUST_PacBio/TRUST_PacBio_Set5_231017/m64142_230928_115158.bc2044--bc2044.hifi_reads.fastq.gz,MFS-359
MFS-470,/n/data1/hms/dbmi/farhat/rollingDB/TRUST/PacBio_Illumina_hybridASM/S0377-01/FlyeAssembly_I3_PilonPolishing/pilon_IllPE_Polishing_I3_Asm_ChangeSNPsINDELsOnly/S0377-01.Flye.I3Asm.PilonPolished.fasta,/n/data1/hms/dbmi/farhat/fastq_db/TRUST_PacBio/TRUST_PacBio_Set6/m64142_250205_154304.bc2026--bc2026.hifi_reads.fastq.gz,MFS-470
MFS-411,/n/data1/hms/dbmi/farhat/rollingDB/TRUST/PacBio_Illumina_hybridASM/S0338-07/FlyeAssembly_I3_PilonPolishing/pilon_IllPE_Polishing_I3_Asm_ChangeSNPsINDELsOnly/S0338-07.Flye.I3Asm.PilonPolished.fasta,/n/data1/hms/dbmi/farhat/fastq_db/TRUST_PacBio/TRUST_PacBio_Set5_231017/m64142_230928_115158.bc2053--bc2053.hifi_reads.fastq.gz,MFS-411
MFS-410,/n/data1/hms/dbmi/farhat/rollingDB/TRUST/PacBio_Illumina_hybridASM/S0338-01/FlyeAssembly_I3_PilonPolishing/pilon_IllPE_Polishing_I3_Asm_ChangeSNPsINDELsOnly/S0338-01.Flye.I3Asm.PilonPolished.fasta,/n/data1/hms/dbmi/farhat/fastq_db/TRUST_PacBio/TRUST_PacBio_Set5_231017/m64142_230928_115158.bc2052--bc2052.hifi_reads.fastq.gz,MFS-410
MFS-454,/n/data1/hms/dbmi/farhat/rollingDB/TRUST/PacBio_Illumina_hybridASM/S0366-01/FlyeAssembly_I3_PilonPolishing/pilon_IllPE_Polishing_I3_Asm_ChangeSNPsINDELsOnly/S0366-01.Flye.I3Asm.PilonPolished.fasta,/n/data1/hms/dbmi/farhat/fastq_db/TRUST_PacBio/TRUST_PacBio_Set5_231017/m64142_230928_115158.bc2024--bc2024.hifi_reads.fastq.gz,MFS-454
MFS-455,/n/data1/hms/dbmi/farhat/rollingDB/TRUST/PacBio_Illumina_hybridASM/S0366-06/FlyeAssembly_I3_PilonPolishing/pilon_IllPE_Polishing_I3_Asm_ChangeSNPsINDELsOnly/S0366-06.Flye.I3Asm.PilonPolished.fasta,/n/data1/hms/dbmi/farhat/fastq_db/TRUST_PacBio/TRUST_PacBio_Set5_231017/m64142_230928_115158.bc2037--bc2037.hifi_reads.fastq.gz,MFS-455
MFS-401,/n/data1/hms/dbmi/farhat/rollingDB/TRUST/PacBio_Illumina_hybridASM/S0333-01/FlyeAssembly_I3_PilonPolishing/pilon_IllPE_Polishing_I3_Asm_ChangeSNPsINDELsOnly/S0333-01.Flye.I3Asm.PilonPolished.fasta,/n/data1/hms/dbmi/farhat/fastq_db/TRUST_PacBio/TRUST_PacBio_Set5_231017/m64142_230928_115158.bc2051--bc2051.hifi_reads.fastq.gz,MFS-401
MFS-399,/n/data1/hms/dbmi/farhat/rollingDB/TRUST/PacBio_Illumina_hybridASM/S0332-01/FlyeAssembly_I3_PilonPolishing/pilon_IllPE_Polishing_I3_Asm_ChangeSNPsINDELsOnly/S0332-01.Flye.I3Asm.PilonPolished.fasta,/n/data1/hms/dbmi/farhat/fastq_db/TRUST_PacBio/TRUST_PacBio_Set5_231017/m64142_230928_115158.bc2049--bc2049.hifi_reads.fastq.gz,MFS-399
MFS-400,/n/data1/hms/dbmi/farhat/rollingDB/TRUST/PacBio_Illumina_hybridASM/S0332-08/FlyeAssembly_I3_PilonPolishing/pilon_IllPE_Polishing_I3_Asm_ChangeSNPsINDELsOnly/S0332-08.Flye.I3Asm.PilonPolished.fasta,/n/data1/hms/dbmi/farhat/fastq_db/TRUST_PacBio/TRUST_PacBio_Set5_231017/m64142_230928_115158.bc2050--bc2050.hifi_reads.fastq.gz,MFS-400
MFS-443,/n/data1/hms/dbmi/farhat/rollingDB/TRUST/PacBio_Illumina_hybridASM/S0358-01/FlyeAssembly_I3_PilonPolishing/pilon_IllPE_Polishing_I3_Asm_ChangeSNPsINDELsOnly/S0358-01.Flye.I3Asm.PilonPolished.fasta,/n/data1/hms/dbmi/farhat/fastq_db/TRUST_PacBio/TRUST_PacBio_Set5_231017/m64142_230928_115158.bc2064--bc2064.hifi_reads.fastq.gz,MFS-443
MFS-398,/n/data1/hms/dbmi/farhat/rollingDB/TRUST/PacBio_Illumina_hybridASM/S0331-07/FlyeAssembly_I3_PilonPolishing/pilon_IllPE_Polishing_I3_Asm_ChangeSNPsINDELsOnly/S0331-07.Flye.I3Asm.PilonPolished.fasta,/n/data1/hms/dbmi/farhat/fastq_db/TRUST_PacBio/TRUST_PacBio_Set5_231017/m64142_230928_115158.bc2048--bc2048.hifi_reads.fastq.gz,MFS-398
MFS-397,/n/data1/hms/dbmi/farhat/rollingDB/TRUST/PacBio_Illumina_hybridASM/S0331-01/FlyeAssembly_I3_PilonPolishing/pilon_IllPE_Polishing_I3_Asm_ChangeSNPsINDELsOnly/S0331-01.Flye.I3Asm.PilonPolished.fasta,/n/data1/hms/dbmi/farhat/fastq_db/TRUST_PacBio/TRUST_PacBio_Set5_231017/m64142_230928_115158.bc2047--bc2047.hifi_reads.fastq.gz,MFS-397
MFS-482,/n/data1/hms/dbmi/farhat/rollingDB/TRUST/PacBio_Illumina_hybridASM/S0390-01/FlyeAssembly_I3_PilonPolishing/pilon_IllPE_Polishing_I3_Asm_ChangeSNPsINDELsOnly/S0390-01.Flye.I3Asm.PilonPolished.fasta,/n/data1/hms/dbmi/farhat/fastq_db/TRUST_PacBio/TRUST_PacBio_Set6/m64142_250205_154304.bc2027--bc2027.hifi_reads.fastq.gz,MFS-482
MFS-381,/n/data1/hms/dbmi/farhat/rollingDB/TRUST/PacBio_Illumina_hybridASM/S0227-07/FlyeAssembly_I3_PilonPolishing/pilon_IllPE_Polishing_I3_Asm_ChangeSNPsINDELsOnly/S0227-07.Flye.I3Asm.PilonPolished.fasta,/n/data1/hms/dbmi/farhat/fastq_db/TRUST_PacBio/TRUST_PacBio_Set3_230124/m64142_221216_110244.bc2087--bc2087.hifi_reads.fastq.gz,MFS-136
MFS-136,/n/data1/hms/dbmi/farhat/rollingDB/TRUST/PacBio_Illumina_hybridASM/S0227-07/FlyeAssembly_I3_PilonPolishing/pilon_IllPE_Polishing_I3_Asm_ChangeSNPsINDELsOnly/S0227-07.Flye.I3Asm.PilonPolished.fasta,/n/data1/hms/dbmi/farhat/fastq_db/TRUST_PacBio/TRUST_PacBio_Set3_230124/m64142_221216_110244.bc2087--bc2087.hifi_reads.fastq.gz,MFS-136
MFS-368,/n/data1/hms/dbmi/farhat/rollingDB/TRUST/PacBio_Illumina_hybridASM/S0124-01/FlyeAssembly_I3_PilonPolishing/pilon_IllPE_Polishing_I3_Asm_ChangeSNPsINDELsOnly/S0124-01.Flye.I3Asm.PilonPolished.fasta,/n/data1/hms/dbmi/farhat/fastq_db/TRUST_PacBio/TRUST_PacBio_Set5_231017/m64142_230928_115158.bc2045--bc2045.hifi_reads.fastq.gz,MFS-368
MFS-429,/n/data1/hms/dbmi/farhat/rollingDB/TRUST/PacBio_Illumina_hybridASM/S0349-01/FlyeAssembly_I3_PilonPolishing/pilon_IllPE_Polishing_I3_Asm_ChangeSNPsINDELsOnly/S0349-01.Flye.I3Asm.PilonPolished.fasta,/n/data1/hms/dbmi/farhat/fastq_db/TRUST_PacBio/TRUST_PacBio_Set5_231017/m64142_230928_115158.bc2060--bc2060.hifi_reads.fastq.gz,MFS-429
MFS-377,/n/data1/hms/dbmi/farhat/rollingDB/TRUST/PacBio_Illumina_hybridASM/S0198-02/FlyeAssembly_I3_PilonPolishing/pilon_IllPE_Polishing_I3_Asm_ChangeSNPsINDELsOnly/S0198-02.Flye.I3Asm.PilonPolished.fasta,/n/data1/hms/dbmi/farhat/fastq_db/TRUST_PacBio/TRUST_PacBio_Set5_231017/m64142_230928_115158.bc2046--bc2046.hifi_reads.fastq.gz,MFS-377
MFS-113,/n/data1/hms/dbmi/farhat/rollingDB/TRUST/PacBio_Illumina_hybridASM/S0198-07/FlyeAssembly_I3_PilonPolishing/pilon_IllPE_Polishing_I3_Asm_ChangeSNPsINDELsOnly/S0198-07.Flye.I3Asm.PilonPolished.fasta,/n/data1/hms/dbmi/farhat/fastq_db/TRUST_PacBio/TRUST_PacBio_Set4_230124/m64142_221219_140554.bc2095--bc2095.hifi_reads.fastq.gz,MFS-113
MFS-83,/n/data1/hms/dbmi/farhat/rollingDB/TRUST/PacBio_Illumina_hybridASM/S0165-01/FlyeAssembly_I3_PilonPolishing/pilon_IllPE_Polishing_I3_Asm_ChangeSNPsINDELsOnly/S0165-01.Flye.I3Asm.PilonPolished.fasta,/n/data1/hms/dbmi/farhat/fastq_db/TRUST_PacBio/TRUST_PacBio_Set2_221127/demultiplex.bc2066--bc2066.hifi_reads.fastq.gz,MFS-83
MFS-157,/n/data1/hms/dbmi/farhat/rollingDB/TRUST/PacBio_Illumina_hybridASM/S0245-08/FlyeAssembly_I3_PilonPolishing/pilon_IllPE_Polishing_I3_Asm_ChangeSNPsINDELsOnly/S0245-08.Flye.I3Asm.PilonPolished.fasta,/n/data1/hms/dbmi/farhat/fastq_db/TRUST_PacBio/TRUST_PacBio_Set4_230124/m64142_221219_140554.bc2090--bc2090.hifi_reads.fastq.gz,MFS-157
MFS-156,/n/data1/hms/dbmi/farhat/rollingDB/TRUST/PacBio_Illumina_hybridASM/S0245-01/FlyeAssembly_I3_PilonPolishing/pilon_IllPE_Polishing_I3_Asm_ChangeSNPsINDELsOnly/S0245-01.Flye.I3Asm.PilonPolished.fasta,/n/data1/hms/dbmi/farhat/fastq_db/TRUST_PacBio/TRUST_PacBio_Set3_230124/m64142_221216_110244.bc2089--bc2089.hifi_reads.fastq.gz,MFS-156
MFS-105,/n/data1/hms/dbmi/farhat/rollingDB/TRUST/PacBio_Illumina_hybridASM/S0186-06/FlyeAssembly_I3_PilonPolishing/pilon_IllPE_Polishing_I3_Asm_ChangeSNPsINDELsOnly/S0186-06.Flye.I3Asm.PilonPolished.fasta,/n/data1/hms/dbmi/farhat/fastq_db/TRUST_PacBio/TRUST_PacBio_Set2_221127/demultiplex.bc2057--bc2057.hifi_reads.fastq.gz,MFS-105
MFS-104,/n/data1/hms/dbmi/farhat/rollingDB/TRUST/PacBio_Illumina_hybridASM/S0186-01/FlyeAssembly_I3_PilonPolishing/pilon_IllPE_Polishing_I3_Asm_ChangeSNPsINDELsOnly/S0186-01.Flye.I3Asm.PilonPolished.fasta,/n/data1/hms/dbmi/farhat/fastq_db/TRUST_PacBio/TRUST_PacBio_Set2_221127/demultiplex.bc2070--bc2070.hifi_reads.fastq.gz,MFS-104
MFS-60,/n/data1/hms/dbmi/farhat/rollingDB/TRUST/PacBio_Illumina_hybridASM/S0123-01/FlyeAssembly_I3_PilonPolishing/pilon_IllPE_Polishing_I3_Asm_ChangeSNPsINDELsOnly/S0123-01.Flye.I3Asm.PilonPolished.fasta,/n/data1/hms/dbmi/farhat/fastq_db/TRUST_PacBio/TRUST_PacBio_Set1/TRUST.bc2012.ccs.fastq.gz,MFS-60
MFS-61,/n/data1/hms/dbmi/farhat/rollingDB/TRUST/PacBio_Illumina_hybridASM/S0123-07/FlyeAssembly_I3_PilonPolishing/pilon_IllPE_Polishing_I3_Asm_ChangeSNPsINDELsOnly/S0123-07.Flye.I3Asm.PilonPolished.fasta,/n/data1/hms/dbmi/farhat/fastq_db/TRUST_PacBio/TRUST_PacBio_Set1/TRUST.bc2013.ccs.fastq.gz,MFS-61
MFS-44,/n/data1/hms/dbmi/farhat/rollingDB/TRUST/PacBio_Illumina_hybridASM/S0077-06/FlyeAssembly_I3_PilonPolishing/pilon_IllPE_Polishing_I3_Asm_ChangeSNPsINDELsOnly/S0077-06.Flye.I3Asm.PilonPolished.fasta,/n/data1/hms/dbmi/farhat/fastq_db/TRUST_PacBio/TRUST_PacBio_Set4_230124/m64142_221219_140554.bc2080--bc2080.hifi_reads.fastq.gz,MFS-44
MFS-43,/n/data1/hms/dbmi/farhat/rollingDB/TRUST/PacBio_Illumina_hybridASM/S0077-06/FlyeAssembly_I3_PilonPolishing/pilon_IllPE_Polishing_I3_Asm_ChangeSNPsINDELsOnly/S0077-06.Flye.I3Asm.PilonPolished.fasta,/n/data1/hms/dbmi/farhat/fastq_db/TRUST_PacBio/TRUST_PacBio_Set4_230124/m64142_221219_140554.bc2080--bc2080.hifi_reads.fastq.gz,MFS-44
MFS-28,/n/data1/hms/dbmi/farhat/rollingDB/TRUST/PacBio_Illumina_hybridASM/S0049-01/FlyeAssembly_I3_PilonPolishing/pilon_IllPE_Polishing_I3_Asm_ChangeSNPsINDELsOnly/S0049-01.Flye.I3Asm.PilonPolished.fasta,/n/data1/hms/dbmi/farhat/fastq_db/TRUST_PacBio/TRUST_PacBio_Set3_230124/m64142_221216_110244.bc2032--bc2032.hifi_reads.fastq.gz,MFS-28
MFS-29,/n/data1/hms/dbmi/farhat/rollingDB/TRUST/PacBio_Illumina_hybridASM/S0049-08/FlyeAssembly_I3_PilonPolishing/pilon_IllPE_Polishing_I3_Asm_ChangeSNPsINDELsOnly/S0049-08.Flye.I3Asm.PilonPolished.fasta,/n/data1/hms/dbmi/farhat/fastq_db/TRUST_PacBio/TRUST_PacBio_Set3_230124/m64142_221216_110244.bc2074--bc2074.hifi_reads.fastq.gz,MFS-29
MFS-34,/n/data1/hms/dbmi/farhat/rollingDB/TRUST/PacBio_Illumina_hybridASM/S0055-08/FlyeAssembly_I3_PilonPolishing/pilon_IllPE_Polishing_I3_Asm_ChangeSNPsINDELsOnly/S0055-08.Flye.I3Asm.PilonPolished.fasta,/n/data1/hms/dbmi/farhat/fastq_db/TRUST_PacBio/TRUST_PacBio_Set3_230124/m64142_221216_110244.bc2076--bc2076.hifi_reads.fastq.gz,MFS-34
MFS-33,/n/data1/hms/dbmi/farhat/rollingDB/TRUST/PacBio_Illumina_hybridASM/S0055-01/FlyeAssembly_I3_PilonPolishing/pilon_IllPE_Polishing_I3_Asm_ChangeSNPsINDELsOnly/S0055-01.Flye.I3Asm.PilonPolished.fasta,/n/data1/hms/dbmi/farhat/fastq_db/TRUST_PacBio/TRUST_PacBio_Set3_230124/m64142_221216_110244.bc2075--bc2075.hifi_reads.fastq.gz,MFS-33
MFS-25,/n/data1/hms/dbmi/farhat/rollingDB/TRUST/PacBio_Illumina_hybridASM/S0045-07/FlyeAssembly_I3_PilonPolishing/pilon_IllPE_Polishing_I3_Asm_ChangeSNPsINDELsOnly/S0045-07.Flye.I3Asm.PilonPolished.fasta,/n/data1/hms/dbmi/farhat/fastq_db/TRUST_PacBio/TRUST_PacBio_Set3_230124/m64142_221216_110244.bc2073--bc2073.hifi_reads.fastq.gz,MFS-26
MFS-26,/n/data1/hms/dbmi/farhat/rollingDB/TRUST/PacBio_Illumina_hybridASM/S0045-07/FlyeAssembly_I3_PilonPolishing/pilon_IllPE_Polishing_I3_Asm_ChangeSNPsINDELsOnly/S0045-07.Flye.I3Asm.PilonPolished.fasta,/n/data1/hms/dbmi/farhat/fastq_db/TRUST_PacBio/TRUST_PacBio_Set3_230124/m64142_221216_110244.bc2073--bc2073.hifi_reads.fastq.gz,MFS-26
MFS-70,/n/data1/hms/dbmi/farhat/rollingDB/TRUST/PacBio_Illumina_hybridASM/S0141-01/FlyeAssembly_I3_PilonPolishing/pilon_IllPE_Polishing_I3_Asm_ChangeSNPsINDELsOnly/S0141-01.Flye.I3Asm.PilonPolished.fasta,/n/data1/hms/dbmi/farhat/fastq_db/TRUST_PacBio/TRUST_PacBio_Set2_221127/demultiplex.bc2041--bc2041.hifi_reads.fastq.gz,MFS-70
MFS-27,/n/data1/hms/dbmi/farhat/rollingDB/TRUST/PacBio_Illumina_hybridASM/S0047-01/FlyeAssembly_I3_PilonPolishing/pilon_IllPE_Polishing_I3_Asm_ChangeSNPsINDELsOnly/S0047-01.Flye.I3Asm.PilonPolished.fasta,/n/data1/hms/dbmi/farhat/fastq_db/TRUST_PacBio/TRUST_PacBio_Set3_230124/m64142_221216_110244.bc2023--bc2023.hifi_reads.fastq.gz,MFS-27
MFS-137,/n/data1/hms/dbmi/farhat/rollingDB/TRUST/PacBio_Illumina_hybridASM/S0229-01/FlyeAssembly_I3_PilonPolishing/pilon_IllPE_Polishing_I3_Asm_ChangeSNPsINDELsOnly/S0229-01.Flye.I3Asm.PilonPolished.fasta,/n/data1/hms/dbmi/farhat/fastq_db/TRUST_PacBio/TRUST_PacBio_Set6/m64142_250205_154304.bc2013--bc2013.hifi_reads.fastq.gz,MFS-137
MFS-32,/n/data1/hms/dbmi/farhat/rollingDB/TRUST/PacBio_Illumina_hybridASM/S0053-01/FlyeAssembly_I3_PilonPolishing/pilon_IllPE_Polishing_I3_Asm_ChangeSNPsINDELsOnly/S0053-01.Flye.I3Asm.PilonPolished.fasta,/n/data1/hms/dbmi/farhat/fastq_db/TRUST_PacBio/TRUST_PacBio_Set6/m64142_250205_154304.bc2009--bc2009.hifi_reads.fastq.gz,MFS-32
MFS-41,/n/data1/hms/dbmi/farhat/rollingDB/TRUST/PacBio_Illumina_hybridASM/S0070-01/FlyeAssembly_I3_PilonPolishing/pilon_IllPE_Polishing_I3_Asm_ChangeSNPsINDELsOnly/S0070-01.Flye.I3Asm.PilonPolished.fasta,/n/data1/hms/dbmi/farhat/fastq_db/TRUST_PacBio/TRUST_PacBio_Set4_230124/m64142_221219_140554.bc2035--bc2035.hifi_reads.fastq.gz,MFS-41
MFS-42,/n/data1/hms/dbmi/farhat/rollingDB/TRUST/PacBio_Illumina_hybridASM/S0070-08/FlyeAssembly_I3_PilonPolishing/pilon_IllPE_Polishing_I3_Asm_ChangeSNPsINDELsOnly/S0070-08.Flye.I3Asm.PilonPolished.fasta,/n/data1/hms/dbmi/farhat/fastq_db/TRUST_PacBio/TRUST_PacBio_Set1/TRUST.bc2002.ccs.fastq.gz,MFS-42
MFS-63,/n/data1/hms/dbmi/farhat/rollingDB/TRUST/PacBio_Illumina_hybridASM/S0130-07/FlyeAssembly_I3_PilonPolishing/pilon_IllPE_Polishing_I3_Asm_ChangeSNPsINDELsOnly/S0130-07.Flye.I3Asm.PilonPolished.fasta,/n/data1/hms/dbmi/farhat/fastq_db/TRUST_PacBio/TRUST_PacBio_Set4_230124/m64142_221219_140554.bc2072--bc2072.hifi_reads.fastq.gz,MFS-63
MFS-62,/n/data1/hms/dbmi/farhat/rollingDB/TRUST/PacBio_Illumina_hybridASM/S0130-07/FlyeAssembly_I3_PilonPolishing/pilon_IllPE_Polishing_I3_Asm_ChangeSNPsINDELsOnly/S0130-07.Flye.I3Asm.PilonPolished.fasta,/n/data1/hms/dbmi/farhat/fastq_db/TRUST_PacBio/TRUST_PacBio_Set4_230124/m64142_221219_140554.bc2072--bc2072.hifi_reads.fastq.gz,MFS-63
MFS-52,/n/data1/hms/dbmi/farhat/rollingDB/TRUST/PacBio_Illumina_hybridASM/S0085-07/FlyeAssembly_I3_PilonPolishing/pilon_IllPE_Polishing_I3_Asm_ChangeSNPsINDELsOnly/S0085-07.Flye.I3Asm.PilonPolished.fasta,/n/data1/hms/dbmi/farhat/fastq_db/TRUST_PacBio/TRUST_PacBio_Set1/TRUST.bc2007.ccs.fastq.gz,MFS-52
MFS-51,/n/data1/hms/dbmi/farhat/rollingDB/TRUST/PacBio_Illumina_hybridASM/S0085-01/FlyeAssembly_I3_PilonPolishing/pilon_IllPE_Polishing_I3_Asm_ChangeSNPsINDELsOnly/S0085-01.Flye.I3Asm.PilonPolished.fasta,/n/data1/hms/dbmi/farhat/fastq_db/TRUST_PacBio/TRUST_PacBio_Set1/TRUST.bc2006.ccs.fastq.gz,MFS-51
MFS-65,/n/data1/hms/dbmi/farhat/rollingDB/TRUST/PacBio_Illumina_hybridASM/S0131-09/FlyeAssembly_I3_PilonPolishing/pilon_IllPE_Polishing_I3_Asm_ChangeSNPsINDELsOnly/S0131-09.Flye.I3Asm.PilonPolished.fasta,/n/data1/hms/dbmi/farhat/fastq_db/TRUST_PacBio/TRUST_PacBio_Set4_230124/m64142_221219_140554.bc2086--bc2086.hifi_reads.fastq.gz,MFS-65
MFS-64,/n/data1/hms/dbmi/farhat/rollingDB/TRUST/PacBio_Illumina_hybridASM/S0131-01/FlyeAssembly_I3_PilonPolishing/pilon_IllPE_Polishing_I3_Asm_ChangeSNPsINDELsOnly/S0131-01.Flye.I3Asm.PilonPolished.fasta,/n/data1/hms/dbmi/farhat/fastq_db/TRUST_PacBio/TRUST_PacBio_Set2_221127/demultiplex.bc2042--bc2042.hifi_reads.fastq.gz,MFS-64
MFS-116,/n/data1/hms/dbmi/farhat/rollingDB/TRUST/PacBio_Illumina_hybridASM/S0200-07/FlyeAssembly_I3_PilonPolishing/pilon_IllPE_Polishing_I3_Asm_ChangeSNPsINDELsOnly/S0200-07.Flye.I3Asm.PilonPolished.fasta,/n/data1/hms/dbmi/farhat/fastq_db/TRUST_PacBio/TRUST_PacBio_Set4_230124/m64142_221219_140554.bc2096--bc2096.hifi_reads.fastq.gz,MFS-116
MFS-115,/n/data1/hms/dbmi/farhat/rollingDB/TRUST/PacBio_Illumina_hybridASM/S0200-07/FlyeAssembly_I3_PilonPolishing/pilon_IllPE_Polishing_I3_Asm_ChangeSNPsINDELsOnly/S0200-07.Flye.I3Asm.PilonPolished.fasta,/n/data1/hms/dbmi/farhat/fastq_db/TRUST_PacBio/TRUST_PacBio_Set4_230124/m64142_221219_140554.bc2096--bc2096.hifi_reads.fastq.gz,MFS-116
MFS-181,/n/data1/hms/dbmi/farhat/rollingDB/TRUST/PacBio_Illumina_hybridASM/S0262-02/FlyeAssembly_I3_PilonPolishing/pilon_IllPE_Polishing_I3_Asm_ChangeSNPsINDELsOnly/S0262-02.Flye.I3Asm.PilonPolished.fasta,/n/data1/hms/dbmi/farhat/fastq_db/TRUST_PacBio/TRUST_PacBio_Set1/TRUST.bc2020.ccs.fastq.gz,MFS-181
MFS-54,/n/data1/hms/dbmi/farhat/rollingDB/TRUST/PacBio_Illumina_hybridASM/S0089-01/FlyeAssembly_I3_PilonPolishing/pilon_IllPE_Polishing_I3_Asm_ChangeSNPsINDELsOnly/S0089-01.Flye.I3Asm.PilonPolished.fasta,/n/data1/hms/dbmi/farhat/fastq_db/TRUST_PacBio/TRUST_PacBio_Set1/TRUST.bc2008.ccs.fastq.gz,MFS-54
MFS-80,/n/data1/hms/dbmi/farhat/rollingDB/TRUST/PacBio_Illumina_hybridASM/S0161-01/FlyeAssembly_I3_PilonPolishing/pilon_IllPE_Polishing_I3_Asm_ChangeSNPsINDELsOnly/S0161-01.Flye.I3Asm.PilonPolished.fasta,/n/data1/hms/dbmi/farhat/fastq_db/TRUST_PacBio/TRUST_PacBio_Set5_231017/m64142_230421_105523.bc2074--bc2074.hifi_reads.fastq.gz,MFS-80
MFS-110,/n/data1/hms/dbmi/farhat/rollingDB/TRUST/PacBio_Illumina_hybridASM/S0195-06/FlyeAssembly_I3_PilonPolishing/pilon_IllPE_Polishing_I3_Asm_ChangeSNPsINDELsOnly/S0195-06.Flye.I3Asm.PilonPolished.fasta,/n/data1/hms/dbmi/farhat/fastq_db/TRUST_PacBio/TRUST_PacBio_Set4_230124/m64142_221219_140554.bc2094--bc2094.hifi_reads.fastq.gz,MFS-110
MFS-277,/n/data1/hms/dbmi/farhat/rollingDB/TRUST/PacBio_Illumina_hybridASM/S0195-01/FlyeAssembly_I3_PilonPolishing/pilon_IllPE_Polishing_I3_Asm_ChangeSNPsINDELsOnly/S0195-01.Flye.I3Asm.PilonPolished.fasta,/n/data1/hms/dbmi/farhat/fastq_db/TRUST_PacBio/TRUST_PacBio_Set4_230124/m64142_221219_140554.bc2093--bc2093.hifi_reads.fastq.gz,MFS-277
MFS-37,/n/data1/hms/dbmi/farhat/rollingDB/TRUST/PacBio_Illumina_hybridASM/S0064-01/FlyeAssembly_I3_PilonPolishing/pilon_IllPE_Polishing_I3_Asm_ChangeSNPsINDELsOnly/S0064-01.Flye.I3Asm.PilonPolished.fasta,/n/data1/hms/dbmi/farhat/fastq_db/TRUST_PacBio/TRUST_PacBio_Set2_221127/demultiplex.bc2044--bc2044.hifi_reads.fastq.gz,MFS-37
MFS-38,/n/data1/hms/dbmi/farhat/rollingDB/TRUST/PacBio_Illumina_hybridASM/S0064-08/FlyeAssembly_I3_PilonPolishing/pilon_IllPE_Polishing_I3_Asm_ChangeSNPsINDELsOnly/S0064-08.Flye.I3Asm.PilonPolished.fasta,/n/data1/hms/dbmi/farhat/fastq_db/TRUST_PacBio/TRUST_PacBio_Set4_230124/m64142_221219_140554.bc2077--bc2077.hifi_reads.fastq.gz,MFS-38
MFS-55,/n/data1/hms/dbmi/farhat/rollingDB/TRUST/PacBio_Illumina_hybridASM/S0100-01/FlyeAssembly_I3_PilonPolishing/pilon_IllPE_Polishing_I3_Asm_ChangeSNPsINDELsOnly/S0100-01.Flye.I3Asm.PilonPolished.fasta,/n/data1/hms/dbmi/farhat/fastq_db/TRUST_PacBio/TRUST_PacBio_Set4_230124/m64142_221219_140554.bc2071--bc2071.hifi_reads.fastq.gz,MFS-55
MFS-59,/n/data1/hms/dbmi/farhat/rollingDB/TRUST/PacBio_Illumina_hybridASM/S0107-07/FlyeAssembly_I3_PilonPolishing/pilon_IllPE_Polishing_I3_Asm_ChangeSNPsINDELsOnly/S0107-07.Flye.I3Asm.PilonPolished.fasta,/n/data1/hms/dbmi/farhat/fastq_db/TRUST_PacBio/TRUST_PacBio_Set1/TRUST.bc2011.ccs.fastq.gz,MFS-59
MFS-58,/n/data1/hms/dbmi/farhat/rollingDB/TRUST/PacBio_Illumina_hybridASM/S0107-01/FlyeAssembly_I3_PilonPolishing/pilon_IllPE_Polishing_I3_Asm_ChangeSNPsINDELsOnly/S0107-01.Flye.I3Asm.PilonPolished.fasta,/n/data1/hms/dbmi/farhat/fastq_db/TRUST_PacBio/TRUST_PacBio_Set1/TRUST.bc2010.ccs.fastq.gz,MFS-58
MFS-106,/n/data1/hms/dbmi/farhat/rollingDB/TRUST/PacBio_Illumina_hybridASM/S0188-02/FlyeAssembly_I3_PilonPolishing/pilon_IllPE_Polishing_I3_Asm_ChangeSNPsINDELsOnly/S0188-02.Flye.I3Asm.PilonPolished.fasta,/n/data1/hms/dbmi/farhat/fastq_db/TRUST_PacBio/TRUST_PacBio_Set3_230124/m64142_221216_110244.bc2018--bc2018.hifi_reads.fastq.gz,MFS-106
MFS-158,/n/data1/hms/dbmi/farhat/rollingDB/TRUST/PacBio_Illumina_hybridASM/S0246-08/FlyeAssembly_I3_PilonPolishing/pilon_IllPE_Polishing_I3_Asm_ChangeSNPsINDELsOnly/S0246-08.Flye.I3Asm.PilonPolished.fasta,/n/data1/hms/dbmi/farhat/fastq_db/TRUST_PacBio/TRUST_PacBio_Set4_230124/m64142_221219_140554.bc2004--bc2004.hifi_reads.fastq.gz,MFS-159
MFS-159,/n/data1/hms/dbmi/farhat/rollingDB/TRUST/PacBio_Illumina_hybridASM/S0246-08/FlyeAssembly_I3_PilonPolishing/pilon_IllPE_Polishing_I3_Asm_ChangeSNPsINDELsOnly/S0246-08.Flye.I3Asm.PilonPolished.fasta,/n/data1/hms/dbmi/farhat/fastq_db/TRUST_PacBio/TRUST_PacBio_Set4_230124/m64142_221219_140554.bc2004--bc2004.hifi_reads.fastq.gz,MFS-159
MFS-56,/n/data1/hms/dbmi/farhat/rollingDB/TRUST/PacBio_Illumina_hybridASM/S0106-01/FlyeAssembly_I3_PilonPolishing/pilon_IllPE_Polishing_I3_Asm_ChangeSNPsINDELsOnly/S0106-01.Flye.I3Asm.PilonPolished.fasta,/n/data1/hms/dbmi/farhat/fastq_db/TRUST_PacBio/TRUST_PacBio_Set1/TRUST.bc2009.ccs.fastq.gz,MFS-56
MFS-57,/n/data1/hms/dbmi/farhat/rollingDB/TRUST/PacBio_Illumina_hybridASM/S0106-01/FlyeAssembly_I3_PilonPolishing/pilon_IllPE_Polishing_I3_Asm_ChangeSNPsINDELsOnly/S0106-01.Flye.I3Asm.PilonPolished.fasta,/n/data1/hms/dbmi/farhat/fastq_db/TRUST_PacBio/TRUST_PacBio_Set1/TRUST.bc2009.ccs.fastq.gz,MFS-56
MFS-22,/n/data1/hms/dbmi/farhat/rollingDB/TRUST/PacBio_Illumina_hybridASM/S0041-01/FlyeAssembly_I3_PilonPolishing/pilon_IllPE_Polishing_I3_Asm_ChangeSNPsINDELsOnly/S0041-01.Flye.I3Asm.PilonPolished.fasta,/n/data1/hms/dbmi/farhat/fastq_db/TRUST_PacBio/TRUST_PacBio_Set2_221127/demultiplex.bc2045--bc2045.hifi_reads.fastq.gz,MFS-22
MFS-15,/n/data1/hms/dbmi/farhat/rollingDB/TRUST/PacBio_Illumina_hybridASM/S0030-01/FlyeAssembly_I3_PilonPolishing/pilon_IllPE_Polishing_I3_Asm_ChangeSNPsINDELsOnly/S0030-01.Flye.I3Asm.PilonPolished.fasta,/n/data1/hms/dbmi/farhat/fastq_db/TRUST_PacBio/TRUST_PacBio_Set6/m64142_250205_154304.bc2008--bc2008.hifi_reads.fastq.gz,MFS-15
MFS-1,/n/data1/hms/dbmi/farhat/rollingDB/TRUST/PacBio_Illumina_hybridASM/S0004-01/FlyeAssembly_I3_PilonPolishing/pilon_IllPE_Polishing_I3_Asm_ChangeSNPsINDELsOnly/S0004-01.Flye.I3Asm.PilonPolished.fasta,/n/data1/hms/dbmi/farhat/fastq_db/TRUST_PacBio/TRUST_PacBio_Set3_230124/m64142_221216_110244.bc2081--bc2081.hifi_reads.fastq.gz,MFS-1
MFS-2,/n/data1/hms/dbmi/farhat/rollingDB/TRUST/PacBio_Illumina_hybridASM/S0004-08/FlyeAssembly_I3_PilonPolishing/pilon_IllPE_Polishing_I3_Asm_ChangeSNPsINDELsOnly/S0004-08.Flye.I3Asm.PilonPolished.fasta,/n/data1/hms/dbmi/farhat/fastq_db/TRUST_PacBio/TRUST_PacBio_Set4_230124/m64142_221219_140554.bc2082--bc2082.hifi_reads.fastq.gz,MFS-2
MFS-162,/n/data1/hms/dbmi/farhat/rollingDB/TRUST/PacBio_Illumina_hybridASM/S0249-01/FlyeAssembly_I3_PilonPolishing/pilon_IllPE_Polishing_I3_Asm_ChangeSNPsINDELsOnly/S0249-01.Flye.I3Asm.PilonPolished.fasta,/n/data1/hms/dbmi/farhat/fastq_db/TRUST_PacBio/TRUST_PacBio_Set2_221127/demultiplex.bc2046--bc2046.hifi_reads.fastq.gz,MFS-162
MFS-163,/n/data1/hms/dbmi/farhat/rollingDB/TRUST/PacBio_Illumina_hybridASM/S0249-08/FlyeAssembly_I3_PilonPolishing/pilon_IllPE_Polishing_I3_Asm_ChangeSNPsINDELsOnly/S0249-08.Flye.I3Asm.PilonPolished.fasta,/n/data1/hms/dbmi/farhat/fastq_db/TRUST_PacBio/TRUST_PacBio_Set4_230124/m64142_221219_140554.bc2092--bc2092.hifi_reads.fastq.gz,MFS-163
MFS-3,/n/data1/hms/dbmi/farhat/rollingDB/TRUST/PacBio_Illumina_hybridASM/S0007-01/FlyeAssembly_I3_PilonPolishing/pilon_IllPE_Polishing_I3_Asm_ChangeSNPsINDELsOnly/S0007-01.Flye.I3Asm.PilonPolished.fasta,/n/data1/hms/dbmi/farhat/fastq_db/TRUST_PacBio/TRUST_PacBio_Set1/TRUST.bc2001.ccs.fastq.gz,MFS-3
MFS-16,/n/data1/hms/dbmi/farhat/rollingDB/TRUST/PacBio_Illumina_hybridASM/S0031-01/FlyeAssembly_I3_PilonPolishing/pilon_IllPE_Polishing_I3_Asm_ChangeSNPsINDELsOnly/S0031-01.Flye.I3Asm.PilonPolished.fasta,/n/data1/hms/dbmi/farhat/fastq_db/TRUST_PacBio/TRUST_PacBio_Set3_230124/m64142_221216_110244.bc2036--bc2036.hifi_reads.fastq.gz,MFS-16
MFS-17,/n/data1/hms/dbmi/farhat/rollingDB/TRUST/PacBio_Illumina_hybridASM/S0031-08/FlyeAssembly_I3_PilonPolishing/pilon_IllPE_Polishing_I3_Asm_ChangeSNPsINDELsOnly/S0031-08.Flye.I3Asm.PilonPolished.fasta,/n/data1/hms/dbmi/farhat/fastq_db/TRUST_PacBio/TRUST_PacBio_Set4_230124/m64142_221219_140554.bc2084--bc2084.hifi_reads.fastq.gz,MFS-17
MFS-71,/n/data1/hms/dbmi/farhat/rollingDB/TRUST/PacBio_Illumina_hybridASM/S0142-01/FlyeAssembly_I3_PilonPolishing/pilon_IllPE_Polishing_I3_Asm_ChangeSNPsINDELsOnly/S0142-01.Flye.I3Asm.PilonPolished.fasta,/n/data1/hms/dbmi/farhat/fastq_db/TRUST_PacBio/TRUST_PacBio_Set2_221127/demultiplex.bc2056--bc2056.hifi_reads.fastq.gz,MFS-71
MFS-160,/n/data1/hms/dbmi/farhat/rollingDB/TRUST/PacBio_Illumina_hybridASM/S0247-01/FlyeAssembly_I3_PilonPolishing/pilon_IllPE_Polishing_I3_Asm_ChangeSNPsINDELsOnly/S0247-01.Flye.I3Asm.PilonPolished.fasta,/n/data1/hms/dbmi/farhat/fastq_db/TRUST_PacBio/TRUST_PacBio_Set3_230124/m64142_221216_110244.bc2091--bc2091.hifi_reads.fastq.gz,MFS-160
MFS-172,/n/data1/hms/dbmi/farhat/rollingDB/TRUST/PacBio_Illumina_hybridASM/S0256-08/FlyeAssembly_I3_PilonPolishing/pilon_IllPE_Polishing_I3_Asm_ChangeSNPsINDELsOnly/S0256-08.Flye.I3Asm.PilonPolished.fasta,/n/data1/hms/dbmi/farhat/fastq_db/TRUST_PacBio/TRUST_PacBio_Set1/TRUST.bc2019.ccs.fastq.gz,MFS-173
MFS-173,/n/data1/hms/dbmi/farhat/rollingDB/TRUST/PacBio_Illumina_hybridASM/S0256-08/FlyeAssembly_I3_PilonPolishing/pilon_IllPE_Polishing_I3_Asm_ChangeSNPsINDELsOnly/S0256-08.Flye.I3Asm.PilonPolished.fasta,/n/data1/hms/dbmi/farhat/fastq_db/TRUST_PacBio/TRUST_PacBio_Set1/TRUST.bc2019.ccs.fastq.gz,MFS-173
MFS-97,/n/data1/hms/dbmi/farhat/rollingDB/TRUST/PacBio_Illumina_hybridASM/S0180-01/FlyeAssembly_I3_PilonPolishing/pilon_IllPE_Polishing_I3_Asm_ChangeSNPsINDELsOnly/S0180-01.Flye.I3Asm.PilonPolished.fasta,/n/data1/hms/dbmi/farhat/fastq_db/TRUST_PacBio/TRUST_PacBio_Set2_221127/demultiplex.bc2069--bc2069.hifi_reads.fastq.gz,MFS-97
MFS-7,/n/data1/hms/dbmi/farhat/rollingDB/TRUST/PacBio_Illumina_hybridASM/S0018-01/FlyeAssembly_I3_PilonPolishing/pilon_IllPE_Polishing_I3_Asm_ChangeSNPsINDELsOnly/S0018-01.Flye.I3Asm.PilonPolished.fasta,/n/data1/hms/dbmi/farhat/fastq_db/TRUST_PacBio/TRUST_PacBio_Set2_221127/demultiplex.bc2050--bc2050.hifi_reads.fastq.gz,MFS-7
MFS-8,/n/data1/hms/dbmi/farhat/rollingDB/TRUST/PacBio_Illumina_hybridASM/S0018-01/FlyeAssembly_I3_PilonPolishing/pilon_IllPE_Polishing_I3_Asm_ChangeSNPsINDELsOnly/S0018-01.Flye.I3Asm.PilonPolished.fasta,/n/data1/hms/dbmi/farhat/fastq_db/TRUST_PacBio/TRUST_PacBio_Set2_221127/demultiplex.bc2050--bc2050.hifi_reads.fastq.gz,MFS-7
MFS-184,/n/data1/hms/dbmi/farhat/rollingDB/TRUST/PacBio_Illumina_hybridASM/S0265-01/FlyeAssembly_I3_PilonPolishing/pilon_IllPE_Polishing_I3_Asm_ChangeSNPsINDELsOnly/S0265-01.Flye.I3Asm.PilonPolished.fasta,/n/data1/hms/dbmi/farhat/fastq_db/TRUST_PacBio/TRUST_PacBio_Set3_230124/m64142_221216_110244.bc2017--bc2017.hifi_reads.fastq.gz,MFS-184
MFS-5,/n/data1/hms/dbmi/farhat/rollingDB/TRUST/PacBio_Illumina_hybridASM/S0013-01/FlyeAssembly_I3_PilonPolishing/pilon_IllPE_Polishing_I3_Asm_ChangeSNPsINDELsOnly/S0013-01.Flye.I3Asm.PilonPolished.fasta,/n/data1/hms/dbmi/farhat/fastq_db/TRUST_PacBio/TRUST_PacBio_Set3_230124/m64142_221216_110244.bc2025--bc2025.hifi_reads.fastq.gz,MFS-5
MFS-6,/n/data1/hms/dbmi/farhat/rollingDB/TRUST/PacBio_Illumina_hybridASM/S0013-09/FlyeAssembly_I3_PilonPolishing/pilon_IllPE_Polishing_I3_Asm_ChangeSNPsINDELsOnly/S0013-09.Flye.I3Asm.PilonPolished.fasta,/n/data1/hms/dbmi/farhat/fastq_db/TRUST_PacBio/TRUST_PacBio_Set3_230124/m64142_221216_110244.bc2085--bc2085.hifi_reads.fastq.gz,MFS-6
MFS-129,/n/data1/hms/dbmi/farhat/rollingDB/TRUST/PacBio_Illumina_hybridASM/S0220-08/FlyeAssembly_I3_PilonPolishing/pilon_IllPE_Polishing_I3_Asm_ChangeSNPsINDELsOnly/S0220-08.Flye.I3Asm.PilonPolished.fasta,/n/data1/hms/dbmi/farhat/fastq_db/TRUST_PacBio/TRUST_PacBio_Set3_230124/m64142_221216_110244.bc2003--bc2003.hifi_reads.fastq.gz,MFS-130
MFS-130,/n/data1/hms/dbmi/farhat/rollingDB/TRUST/PacBio_Illumina_hybridASM/S0220-08/FlyeAssembly_I3_PilonPolishing/pilon_IllPE_Polishing_I3_Asm_ChangeSNPsINDELsOnly/S0220-08.Flye.I3Asm.PilonPolished.fasta,/n/data1/hms/dbmi/farhat/fastq_db/TRUST_PacBio/TRUST_PacBio_Set3_230124/m64142_221216_110244.bc2003--bc2003.hifi_reads.fastq.gz,MFS-130
MFS-132,/n/data1/hms/dbmi/farhat/rollingDB/TRUST/PacBio_Illumina_hybridASM/S0223-01/FlyeAssembly_I3_PilonPolishing/pilon_IllPE_Polishing_I3_Asm_ChangeSNPsINDELsOnly/S0223-01.Flye.I3Asm.PilonPolished.fasta,/n/data1/hms/dbmi/farhat/fastq_db/TRUST_PacBio/TRUST_PacBio_Set2_221127/demultiplex.bc2059--bc2059.hifi_reads.fastq.gz,MFS-132
MFS-150,/n/data1/hms/dbmi/farhat/rollingDB/TRUST/PacBio_Illumina_hybridASM/S0242-01/FlyeAssembly_I3_PilonPolishing/pilon_IllPE_Polishing_I3_Asm_ChangeSNPsINDELsOnly/S0242-01.Flye.I3Asm.PilonPolished.fasta,/n/data1/hms/dbmi/farhat/fastq_db/TRUST_PacBio/TRUST_PacBio_Set4_230124/m64142_221219_140554.bc2021--bc2021.hifi_reads.fastq.gz,MFS-150
MFS-151,/n/data1/hms/dbmi/farhat/rollingDB/TRUST/PacBio_Illumina_hybridASM/S0242-08/FlyeAssembly_I3_PilonPolishing/pilon_IllPE_Polishing_I3_Asm_ChangeSNPsINDELsOnly/S0242-08.Flye.I3Asm.PilonPolished.fasta,/n/data1/hms/dbmi/farhat/fastq_db/TRUST_PacBio/TRUST_PacBio_Set4_230124/m64142_221219_140554.bc2088--bc2088.hifi_reads.fastq.gz,MFS-151
MFS-122,/n/data1/hms/dbmi/farhat/rollingDB/TRUST/PacBio_Illumina_hybridASM/S0212-01/FlyeAssembly_I3_PilonPolishing/pilon_IllPE_Polishing_I3_Asm_ChangeSNPsINDELsOnly/S0212-01.Flye.I3Asm.PilonPolished.fasta,/n/data1/hms/dbmi/farhat/fastq_db/TRUST_PacBio/TRUST_PacBio_Set2_221127/demultiplex.bc2052--bc2052.hifi_reads.fastq.gz,MFS-122
MFS-171,/n/data1/hms/dbmi/farhat/rollingDB/TRUST/PacBio_Illumina_hybridASM/S0255-01/FlyeAssembly_I3_PilonPolishing/pilon_IllPE_Polishing_I3_Asm_ChangeSNPsINDELsOnly/S0255-01.Flye.I3Asm.PilonPolished.fasta,/n/data1/hms/dbmi/farhat/fastq_db/TRUST_PacBio/TRUST_PacBio_Set6/m64142_250205_154304.bc2048--bc2048.hifi_reads.fastq.gz,MFS-171
MFS-119,/n/data1/hms/dbmi/farhat/rollingDB/TRUST/PacBio_Illumina_hybridASM/S0209-01/FlyeAssembly_I3_PilonPolishing/pilon_IllPE_Polishing_I3_Asm_ChangeSNPsINDELsOnly/S0209-01.Flye.I3Asm.PilonPolished.fasta,/n/data1/hms/dbmi/farhat/fastq_db/TRUST_PacBio/TRUST_PacBio_Set3_230124/m64142_221216_110244.bc2001--bc2001.hifi_reads.fastq.gz,MFS-119
MFS-120,/n/data1/hms/dbmi/farhat/rollingDB/TRUST/PacBio_Illumina_hybridASM/S0209-06/FlyeAssembly_I3_PilonPolishing/pilon_IllPE_Polishing_I3_Asm_ChangeSNPsINDELsOnly/S0209-06.Flye.I3Asm.PilonPolished.fasta,/n/data1/hms/dbmi/farhat/fastq_db/TRUST_PacBio/TRUST_PacBio_Set3_230124/m64142_221216_110244.bc2002--bc2002.hifi_reads.fastq.gz,MFS-120
MFS-135,/n/data1/hms/dbmi/farhat/rollingDB/TRUST/PacBio_Illumina_hybridASM/S0225-01/FlyeAssembly_I3_PilonPolishing/pilon_IllPE_Polishing_I3_Asm_ChangeSNPsINDELsOnly/S0225-01.Flye.I3Asm.PilonPolished.fasta,/n/data1/hms/dbmi/farhat/fastq_db/TRUST_PacBio/TRUST_PacBio_Set2_221127/demultiplex.bc2068--bc2068.hifi_reads.fastq.gz,MFS-135
MFS-161,/n/data1/hms/dbmi/farhat/rollingDB/TRUST/PacBio_Illumina_hybridASM/S0248-01/FlyeAssembly_I3_PilonPolishing/pilon_IllPE_Polishing_I3_Asm_ChangeSNPsINDELsOnly/S0248-01.Flye.I3Asm.PilonPolished.fasta,/n/data1/hms/dbmi/farhat/fastq_db/TRUST_PacBio/TRUST_PacBio_Set2_221127/demultiplex.bc2061--bc2061.hifi_reads.fastq.gz,MFS-161
MFS-117,/n/data1/hms/dbmi/farhat/rollingDB/TRUST/PacBio_Illumina_hybridASM/S0201-01/FlyeAssembly_I3_PilonPolishing/pilon_IllPE_Polishing_I3_Asm_ChangeSNPsINDELsOnly/S0201-01.Flye.I3Asm.PilonPolished.fasta,/n/data1/hms/dbmi/farhat/fastq_db/TRUST_PacBio/TRUST_PacBio_Set6/m64142_250205_154304.bc2012--bc2012.hifi_reads.fastq.gz,MFS-117
MFS-258,/n/data1/hms/dbmi/farhat/rollingDB/TRUST/PacBio_Illumina_hybridASM/S0307-01/FlyeAssembly_I3_PilonPolishing/pilon_IllPE_Polishing_I3_Asm_ChangeSNPsINDELsOnly/S0307-01.Flye.I3Asm.PilonPolished.fasta,/n/data1/hms/dbmi/farhat/fastq_db/TRUST_PacBio/TRUST_PacBio_Set6/m64142_250205_154304.bc2015--bc2015.hifi_reads.fastq.gz,MFS-258
MFS-321,/n/data1/hms/dbmi/farhat/rollingDB/TRUST/PacBio_Illumina_hybridASM/S0276-01/FlyeAssembly_I3_PilonPolishing/pilon_IllPE_Polishing_I3_Asm_ChangeSNPsINDELsOnly/S0276-01.Flye.I3Asm.PilonPolished.fasta,/n/data1/hms/dbmi/farhat/fastq_db/TRUST_PacBio/TRUST_PacBio_Set2_221127/demultiplex.bc2043--bc2043.hifi_reads.fastq.gz,MFS-321
MFS-322,/n/data1/hms/dbmi/farhat/rollingDB/TRUST/PacBio_Illumina_hybridASM/S0276-08/FlyeAssembly_I3_PilonPolishing/pilon_IllPE_Polishing_I3_Asm_ChangeSNPsINDELsOnly/S0276-08.Flye.I3Asm.PilonPolished.fasta,/n/data1/hms/dbmi/farhat/fastq_db/TRUST_PacBio/TRUST_PacBio_Set2_221127/demultiplex.bc2053--bc2053.hifi_reads.fastq.gz,MFS-322
MFS-319,/n/data1/hms/dbmi/farhat/rollingDB/TRUST/PacBio_Illumina_hybridASM/S0317-01/FlyeAssembly_I3_PilonPolishing/pilon_IllPE_Polishing_I3_Asm_ChangeSNPsINDELsOnly/S0317-01.Flye.I3Asm.PilonPolished.fasta,/n/data1/hms/dbmi/farhat/fastq_db/TRUST_PacBio/TRUST_PacBio_Set4_230124/m64142_221219_140554.bc2030--bc2030.hifi_reads.fastq.gz,MFS-319
MFS-317,/n/data1/hms/dbmi/farhat/rollingDB/TRUST/PacBio_Illumina_hybridASM/S0311-08/FlyeAssembly_I3_PilonPolishing/pilon_IllPE_Polishing_I3_Asm_ChangeSNPsINDELsOnly/S0311-08.Flye.I3Asm.PilonPolished.fasta,/n/data1/hms/dbmi/farhat/fastq_db/TRUST_PacBio/TRUST_PacBio_Set2_221127/demultiplex.bc2060--bc2060.hifi_reads.fastq.gz,MFS-318
MFS-318,/n/data1/hms/dbmi/farhat/rollingDB/TRUST/PacBio_Illumina_hybridASM/S0311-08/FlyeAssembly_I3_PilonPolishing/pilon_IllPE_Polishing_I3_Asm_ChangeSNPsINDELsOnly/S0311-08.Flye.I3Asm.PilonPolished.fasta,/n/data1/hms/dbmi/farhat/fastq_db/TRUST_PacBio/TRUST_PacBio_Set2_221127/demultiplex.bc2060--bc2060.hifi_reads.fastq.gz,MFS-318
MFS-325,/n/data1/hms/dbmi/farhat/rollingDB/TRUST/PacBio_Illumina_hybridASM/S0284-01/FlyeAssembly_I3_PilonPolishing/pilon_IllPE_Polishing_I3_Asm_ChangeSNPsINDELsOnly/S0284-01.Flye.I3Asm.PilonPolished.fasta,/n/data1/hms/dbmi/farhat/fastq_db/TRUST_PacBio/TRUST_PacBio_Set2_221127/demultiplex.bc2048--bc2048.hifi_reads.fastq.gz,MFS-325
MFS-326,/n/data1/hms/dbmi/farhat/rollingDB/TRUST/PacBio_Illumina_hybridASM/S0284-07/FlyeAssembly_I3_PilonPolishing/pilon_IllPE_Polishing_I3_Asm_ChangeSNPsINDELsOnly/S0284-07.Flye.I3Asm.PilonPolished.fasta,/n/data1/hms/dbmi/farhat/fastq_db/TRUST_PacBio/TRUST_PacBio_Set2_221127/demultiplex.bc2047--bc2047.hifi_reads.fastq.gz,MFS-326
MFS-292,/n/data1/hms/dbmi/farhat/rollingDB/TRUST/PacBio_Illumina_hybridASM/S0314-01/FlyeAssembly_I3_PilonPolishing/pilon_IllPE_Polishing_I3_Asm_ChangeSNPsINDELsOnly/S0314-01.Flye.I3Asm.PilonPolished.fasta,/n/data1/hms/dbmi/farhat/fastq_db/TRUST_PacBio/TRUST_PacBio_Set6/m64142_250205_154304.bc2017--bc2017.hifi_reads.fastq.gz,MFS-292
MFS-314,/n/data1/hms/dbmi/farhat/rollingDB/TRUST/PacBio_Illumina_hybridASM/S0305-08/FlyeAssembly_I3_PilonPolishing/pilon_IllPE_Polishing_I3_Asm_ChangeSNPsINDELsOnly/S0305-08.Flye.I3Asm.PilonPolished.fasta,/n/data1/hms/dbmi/farhat/fastq_db/TRUST_PacBio/TRUST_PacBio_Set3_230124/m64142_221216_110244.bc2028--bc2028.hifi_reads.fastq.gz,MFS-314
MFS-313,/n/data1/hms/dbmi/farhat/rollingDB/TRUST/PacBio_Illumina_hybridASM/S0305-08/FlyeAssembly_I3_PilonPolishing/pilon_IllPE_Polishing_I3_Asm_ChangeSNPsINDELsOnly/S0305-08.Flye.I3Asm.PilonPolished.fasta,/n/data1/hms/dbmi/farhat/fastq_db/TRUST_PacBio/TRUST_PacBio_Set3_230124/m64142_221216_110244.bc2028--bc2028.hifi_reads.fastq.gz,MFS-314
MFS-327,/n/data1/hms/dbmi/farhat/rollingDB/TRUST/PacBio_Illumina_hybridASM/S0285-01/FlyeAssembly_I3_PilonPolishing/pilon_IllPE_Polishing_I3_Asm_ChangeSNPsINDELsOnly/S0285-01.Flye.I3Asm.PilonPolished.fasta,/n/data1/hms/dbmi/farhat/fastq_db/TRUST_PacBio/TRUST_PacBio_Set4_230124/m64142_221219_140554.bc2016--bc2016.hifi_reads.fastq.gz,MFS-327
MFS-328,/n/data1/hms/dbmi/farhat/rollingDB/TRUST/PacBio_Illumina_hybridASM/S0285-08/FlyeAssembly_I3_PilonPolishing/pilon_IllPE_Polishing_I3_Asm_ChangeSNPsINDELsOnly/S0285-08.Flye.I3Asm.PilonPolished.fasta,/n/data1/hms/dbmi/farhat/fastq_db/TRUST_PacBio/TRUST_PacBio_Set2_221127/demultiplex.bc2062--bc2062.hifi_reads.fastq.gz,MFS-328
MFS-330,/n/data1/hms/dbmi/farhat/rollingDB/TRUST/PacBio_Illumina_hybridASM/S0321-08/FlyeAssembly_I3_PilonPolishing/pilon_IllPE_Polishing_I3_Asm_ChangeSNPsINDELsOnly/S0321-08.Flye.I3Asm.PilonPolished.fasta,/n/data1/hms/dbmi/farhat/fastq_db/TRUST_PacBio/TRUST_PacBio_Set2_221127/demultiplex.bc2051--bc2051.hifi_reads.fastq.gz,MFS-330
MFS-320,/n/data1/hms/dbmi/farhat/rollingDB/TRUST/PacBio_Illumina_hybridASM/S0321-01/FlyeAssembly_I3_PilonPolishing/pilon_IllPE_Polishing_I3_Asm_ChangeSNPsINDELsOnly/S0321-01.Flye.I3Asm.PilonPolished.fasta,/n/data1/hms/dbmi/farhat/fastq_db/TRUST_PacBio/TRUST_PacBio_Set4_230124/m64142_221219_140554.bc2031--bc2031.hifi_reads.fastq.gz,MFS-320
MFS-308,/n/data1/hms/dbmi/farhat/rollingDB/TRUST/PacBio_Illumina_hybridASM/S0291-01/FlyeAssembly_I3_PilonPolishing/pilon_IllPE_Polishing_I3_Asm_ChangeSNPsINDELsOnly/S0291-01.Flye.I3Asm.PilonPolished.fasta,/n/data1/hms/dbmi/farhat/fastq_db/TRUST_PacBio/TRUST_PacBio_Set3_230124/m64142_221216_110244.bc2009--bc2009.hifi_reads.fastq.gz,MFS-308
MFS-309,/n/data1/hms/dbmi/farhat/rollingDB/TRUST/PacBio_Illumina_hybridASM/S0291-09/FlyeAssembly_I3_PilonPolishing/pilon_IllPE_Polishing_I3_Asm_ChangeSNPsINDELsOnly/S0291-09.Flye.I3Asm.PilonPolished.fasta,/n/data1/hms/dbmi/farhat/fastq_db/TRUST_PacBio/TRUST_PacBio_Set3_230124/m64142_221216_110244.bc2010--bc2010.hifi_reads.fastq.gz,MFS-309
MFS-329,/n/data1/hms/dbmi/farhat/rollingDB/TRUST/PacBio_Illumina_hybridASM/S0289-01/FlyeAssembly_I3_PilonPolishing/pilon_IllPE_Polishing_I3_Asm_ChangeSNPsINDELsOnly/S0289-01.Flye.I3Asm.PilonPolished.fasta,/n/data1/hms/dbmi/farhat/fastq_db/TRUST_PacBio/TRUST_PacBio_Set3_230124/m64142_221216_110244.bc2033--bc2033.hifi_reads.fastq.gz,MFS-329
MFS-307,/n/data1/hms/dbmi/farhat/rollingDB/TRUST/PacBio_Illumina_hybridASM/S0289-08/FlyeAssembly_I3_PilonPolishing/pilon_IllPE_Polishing_I3_Asm_ChangeSNPsINDELsOnly/S0289-08.Flye.I3Asm.PilonPolished.fasta,/n/data1/hms/dbmi/farhat/fastq_db/TRUST_PacBio/TRUST_PacBio_Set4_230124/m64142_221219_140554.bc2008--bc2008.hifi_reads.fastq.gz,MFS-307
MFS-291,/n/data1/hms/dbmi/farhat/rollingDB/TRUST/PacBio_Illumina_hybridASM/S0313-01/FlyeAssembly_I3_PilonPolishing/pilon_IllPE_Polishing_I3_Asm_ChangeSNPsINDELsOnly/S0313-01.Flye.I3Asm.PilonPolished.fasta,/n/data1/hms/dbmi/farhat/fastq_db/TRUST_PacBio/TRUST_PacBio_Set6/m64142_250205_154304.bc2016--bc2016.hifi_reads.fastq.gz,MFS-291
MFS-310,/n/data1/hms/dbmi/farhat/rollingDB/TRUST/PacBio_Illumina_hybridASM/S0292-01/FlyeAssembly_I3_PilonPolishing/pilon_IllPE_Polishing_I3_Asm_ChangeSNPsINDELsOnly/S0292-01.Flye.I3Asm.PilonPolished.fasta,/n/data1/hms/dbmi/farhat/fastq_db/TRUST_PacBio/TRUST_PacBio_Set4_230124/m64142_221219_140554.bc2011--bc2011.hifi_reads.fastq.gz,MFS-310
MFS-311,/n/data1/hms/dbmi/farhat/rollingDB/TRUST/PacBio_Illumina_hybridASM/S0292-08/FlyeAssembly_I3_PilonPolishing/pilon_IllPE_Polishing_I3_Asm_ChangeSNPsINDELsOnly/S0292-08.Flye.I3Asm.PilonPolished.fasta,/n/data1/hms/dbmi/farhat/fastq_db/TRUST_PacBio/TRUST_PacBio_Set5_231017/m64142_230421_105523.bc2073--bc2073.hifi_reads.fastq.gz,MFS-311
MFS-312,/n/data1/hms/dbmi/farhat/rollingDB/TRUST/PacBio_Illumina_hybridASM/S0299-09/FlyeAssembly_I3_PilonPolishing/pilon_IllPE_Polishing_I3_Asm_ChangeSNPsINDELsOnly/S0299-09.Flye.I3Asm.PilonPolished.fasta,/n/data1/hms/dbmi/farhat/fastq_db/TRUST_PacBio/TRUST_PacBio_Set4_230124/m64142_221219_140554.bc2012--bc2012.hifi_reads.fastq.gz,MFS-312
MFS-259,/n/data1/hms/dbmi/farhat/rollingDB/TRUST/PacBio_Illumina_hybridASM/S0299-01/FlyeAssembly_I3_PilonPolishing/pilon_IllPE_Polishing_I3_Asm_ChangeSNPsINDELsOnly/S0299-01.Flye.I3Asm.PilonPolished.fasta,/n/data1/hms/dbmi/farhat/fastq_db/TRUST_PacBio/TRUST_PacBio_Set4_230124/m64142_221219_140554.bc2005--bc2005.hifi_reads.fastq.gz,MFS-259
MFS-264,/n/data1/hms/dbmi/farhat/rollingDB/TRUST/PacBio_Illumina_hybridASM/S0290-01/FlyeAssembly_I3_PilonPolishing/pilon_IllPE_Polishing_I3_Asm_ChangeSNPsINDELsOnly/S0290-01.Flye.I3Asm.PilonPolished.fasta,/n/data1/hms/dbmi/farhat/fastq_db/TRUST_PacBio/TRUST_PacBio_Set4_230124/m64142_221219_140554.bc2006--bc2006.hifi_reads.fastq.gz,MFS-264
MFS-266,/n/data1/hms/dbmi/farhat/rollingDB/TRUST/PacBio_Illumina_hybridASM/S0290-08/FlyeAssembly_I3_PilonPolishing/pilon_IllPE_Polishing_I3_Asm_ChangeSNPsINDELsOnly/S0290-08.Flye.I3Asm.PilonPolished.fasta,/n/data1/hms/dbmi/farhat/fastq_db/TRUST_PacBio/TRUST_PacBio_Set4_230124/m64142_221219_140554.bc2007--bc2007.hifi_reads.fastq.gz,MFS-266
