SampleID	PacBio_FQ_PATH	Illumina_PE_FQs_PATH	Dataset_Tag
S0007-01	/n/data1/hms/dbmi/farhat/mm774/DownloadedData/TRUST_PBSet1_PacBio_CCS/TRUST.bc2001.ccs.fastq.gz	/n/data1/hms/dbmi/farhat/fastq_db/TRUST_Illumina/220510.ZA.Set1.FQs/Merged_PE_FASTQs_V2/MFS-3_lib45533_R1.fastq.gz;/n/data1/hms/dbmi/farhat/fastq_db/TRUST_Illumina/220510.ZA.Set1.FQs/Merged_PE_FASTQs_V2/MFS-3_lib45533_R2.fastq.gz	TRUST_PB_Set1
S0256-01	/n/data1/hms/dbmi/farhat/mm774/DownloadedData/TRUST_PBSet1_PacBio_CCS/TRUST.bc2018.ccs.fastq.gz	/n/data1/hms/dbmi/farhat/fastq_db/TRUST_Illumina/220510.ZA.Set1.FQs/Merged_PE_FASTQs_V2/MFS-172_lib47351_R1.fastq.gz;/n/data1/hms/dbmi/farhat/fastq_db/TRUST_Illumina/220510.ZA.Set1.FQs/Merged_PE_FASTQs_V2/MFS-172_lib47351_R2.fastq.gz	TRUST_PB_Set1
S0252-01	/n/data1/hms/dbmi/farhat/mm774/DownloadedData/TRUST_PBSet1_PacBio_CCS/TRUST.bc2017.ccs.fastq.gz	/n/data1/hms/dbmi/farhat/fastq_db/TRUST_Illumina/220510.ZA.Set1.FQs/Merged_PE_FASTQs_V2/MFS-168_lib47347_R1.fastq.gz;/n/data1/hms/dbmi/farhat/fastq_db/TRUST_Illumina/220510.ZA.Set1.FQs/Merged_PE_FASTQs_V2/MFS-168_lib47347_R2.fastq.gz	TRUST_PB_Set1
S0130-01	/n/data1/hms/dbmi/farhat/mm774/DownloadedData/TRUST_PBSet1_PacBio_CCS/TRUST.bc2014.ccs.fastq.gz	/n/data1/hms/dbmi/farhat/fastq_db/TRUST_Illumina/220510.ZA.Set1.FQs/Merged_PE_FASTQs_V2/MFS-62_lib47049_R1.fastq.gz;/n/data1/hms/dbmi/farhat/fastq_db/TRUST_Illumina/220510.ZA.Set1.FQs/Merged_PE_FASTQs_V2/MFS-62_lib47049_R2.fastq.gz	TRUST_PB_Set1
S0107-07	/n/data1/hms/dbmi/farhat/mm774/DownloadedData/TRUST_PBSet1_PacBio_CCS/TRUST.bc2011.ccs.fastq.gz	/n/data1/hms/dbmi/farhat/fastq_db/TRUST_Illumina/220510.ZA.Set1.FQs/Merged_PE_FASTQs_V2/MFS-59_lib47046_R1.fastq.gz;/n/data1/hms/dbmi/farhat/fastq_db/TRUST_Illumina/220510.ZA.Set1.FQs/Merged_PE_FASTQs_V2/MFS-59_lib47046_R2.fastq.gz	TRUST_PB_Set1
S0256-08	/n/data1/hms/dbmi/farhat/mm774/DownloadedData/TRUST_PBSet1_PacBio_CCS/TRUST.bc2019.ccs.fastq.gz	/n/data1/hms/dbmi/farhat/fastq_db/TRUST_Illumina/220510.ZA.Set1.FQs/Merged_PE_FASTQs_V2/MFS-173_lib47352_R1.fastq.gz;/n/data1/hms/dbmi/farhat/fastq_db/TRUST_Illumina/220510.ZA.Set1.FQs/Merged_PE_FASTQs_V2/MFS-173_lib47352_R2.fastq.gz	TRUST_PB_Set1
S0089-01	/n/data1/hms/dbmi/farhat/mm774/DownloadedData/TRUST_PBSet1_PacBio_CCS/TRUST.bc2008.ccs.fastq.gz	/n/data1/hms/dbmi/farhat/fastq_db/TRUST_Illumina/220510.ZA.Set1.FQs/Merged_PE_FASTQs_V2/MFS-54_lib47041_R1.fastq.gz;/n/data1/hms/dbmi/farhat/fastq_db/TRUST_Illumina/220510.ZA.Set1.FQs/Merged_PE_FASTQs_V2/MFS-54_lib47041_R2.fastq.gz	TRUST_PB_Set1
S0107-01	/n/data1/hms/dbmi/farhat/mm774/DownloadedData/TRUST_PBSet1_PacBio_CCS/TRUST.bc2010.ccs.fastq.gz	/n/data1/hms/dbmi/farhat/fastq_db/TRUST_Illumina/220510.ZA.Set1.FQs/Merged_PE_FASTQs_V2/MFS-58_lib47045_R1.fastq.gz;/n/data1/hms/dbmi/farhat/fastq_db/TRUST_Illumina/220510.ZA.Set1.FQs/Merged_PE_FASTQs_V2/MFS-58_lib47045_R2.fastq.gz	TRUST_PB_Set1
S0085-01	/n/data1/hms/dbmi/farhat/mm774/DownloadedData/TRUST_PBSet1_PacBio_CCS/TRUST.bc2006.ccs.fastq.gz	/n/data1/hms/dbmi/farhat/fastq_db/TRUST_Illumina/220510.ZA.Set1.FQs/Merged_PE_FASTQs_V2/MFS-51_lib47038_R1.fastq.gz;/n/data1/hms/dbmi/farhat/fastq_db/TRUST_Illumina/220510.ZA.Set1.FQs/Merged_PE_FASTQs_V2/MFS-51_lib47038_R2.fastq.gz	TRUST_PB_Set1
S0070-08	/n/data1/hms/dbmi/farhat/mm774/DownloadedData/TRUST_PBSet1_PacBio_CCS/TRUST.bc2002.ccs.fastq.gz	/n/data1/hms/dbmi/farhat/fastq_db/TRUST_Illumina/220510.ZA.Set1.FQs/Merged_PE_FASTQs_V2/MFS-42_lib47029_R1.fastq.gz;/n/data1/hms/dbmi/farhat/fastq_db/TRUST_Illumina/220510.ZA.Set1.FQs/Merged_PE_FASTQs_V2/MFS-42_lib47029_R2.fastq.gz	TRUST_PB_Set1
S0085-07	/n/data1/hms/dbmi/farhat/mm774/DownloadedData/TRUST_PBSet1_PacBio_CCS/TRUST.bc2007.ccs.fastq.gz	/n/data1/hms/dbmi/farhat/fastq_db/TRUST_Illumina/220510.ZA.Set1.FQs/Merged_PE_FASTQs_V2/MFS-52_lib47039_R1.fastq.gz;/n/data1/hms/dbmi/farhat/fastq_db/TRUST_Illumina/220510.ZA.Set1.FQs/Merged_PE_FASTQs_V2/MFS-52_lib47039_R2.fastq.gz	TRUST_PB_Set1
S0106-01	/n/data1/hms/dbmi/farhat/mm774/DownloadedData/TRUST_PBSet1_PacBio_CCS/TRUST.bc2009.ccs.fastq.gz	/n/data1/hms/dbmi/farhat/fastq_db/TRUST_Illumina/220510.ZA.Set1.FQs/Merged_PE_FASTQs_V2/MFS-56_lib47043_R1.fastq.gz;/n/data1/hms/dbmi/farhat/fastq_db/TRUST_Illumina/220510.ZA.Set1.FQs/Merged_PE_FASTQs_V2/MFS-56_lib47043_R2.fastq.gz	TRUST_PB_Set1
S0123-01	/n/data1/hms/dbmi/farhat/mm774/DownloadedData/TRUST_PBSet1_PacBio_CCS/TRUST.bc2012.ccs.fastq.gz	/n/data1/hms/dbmi/farhat/fastq_db/TRUST_Illumina/220510.ZA.Set1.FQs/Merged_PE_FASTQs_V2/MFS-60_lib47047_R1.fastq.gz;/n/data1/hms/dbmi/farhat/fastq_db/TRUST_Illumina/220510.ZA.Set1.FQs/Merged_PE_FASTQs_V2/MFS-60_lib47047_R2.fastq.gz	TRUST_PB_Set1
S0123-07	/n/data1/hms/dbmi/farhat/mm774/DownloadedData/TRUST_PBSet1_PacBio_CCS/TRUST.bc2013.ccs.fastq.gz	/n/data1/hms/dbmi/farhat/fastq_db/TRUST_Illumina/220510.ZA.Set1.FQs/Merged_PE_FASTQs_V2/MFS-61_lib47048_R1.fastq.gz;/n/data1/hms/dbmi/farhat/fastq_db/TRUST_Illumina/220510.ZA.Set1.FQs/Merged_PE_FASTQs_V2/MFS-61_lib47048_R2.fastq.gz	TRUST_PB_Set1
S0171-01	/n/data1/hms/dbmi/farhat/mm774/DownloadedData/TRUST_PBSet1_PacBio_CCS/TRUST.bc2015.ccs.fastq.gz	/n/data1/hms/dbmi/farhat/fastq_db/TRUST_Illumina/220510.ZA.Set1.FQs/Merged_PE_FASTQs_V2/MFS-90_lib47269_R1.fastq.gz;/n/data1/hms/dbmi/farhat/fastq_db/TRUST_Illumina/220510.ZA.Set1.FQs/Merged_PE_FASTQs_V2/MFS-90_lib47269_R2.fastq.gz	TRUST_PB_Set1
S0262-02	/n/data1/hms/dbmi/farhat/mm774/DownloadedData/TRUST_PBSet1_PacBio_CCS/TRUST.bc2020.ccs.fastq.gz	/n/data1/hms/dbmi/farhat/fastq_db/TRUST_Illumina/220510.ZA.Set1.FQs/Merged_PE_FASTQs_V2/MFS-181_lib48361_R1.fastq.gz;/n/data1/hms/dbmi/farhat/fastq_db/TRUST_Illumina/220510.ZA.Set1.FQs/Merged_PE_FASTQs_V2/MFS-181_lib48361_R2.fastq.gz	TRUST_PB_Set1
S0141-01	/n/data1/hms/dbmi/farhat/fastq_db/TRUST_PacBio/TRUST_PacBio_Set2_221127/demultiplex.bc2041--bc2041.hifi_reads.fastq.gz	/n/data1/hms/dbmi/farhat/fastq_db/TRUST_Illumina/220510.ZA.Set1.FQs/Merged_PE_FASTQs_V2/MFS-70_lib47057_R1.fastq.gz;/n/data1/hms/dbmi/farhat/fastq_db/TRUST_Illumina/220510.ZA.Set1.FQs/Merged_PE_FASTQs_V2/MFS-70_lib47057_R2.fastq.gz	TRUST_PB_Set2
S0131-01	/n/data1/hms/dbmi/farhat/fastq_db/TRUST_PacBio/TRUST_PacBio_Set2_221127/demultiplex.bc2042--bc2042.hifi_reads.fastq.gz	/n/data1/hms/dbmi/farhat/fastq_db/TRUST_Illumina/220510.ZA.Set1.FQs/Merged_PE_FASTQs_V2/MFS-64_lib47051_R1.fastq.gz;/n/data1/hms/dbmi/farhat/fastq_db/TRUST_Illumina/220510.ZA.Set1.FQs/Merged_PE_FASTQs_V2/MFS-64_lib47051_R2.fastq.gz	TRUST_PB_Set2
S0276-01	/n/data1/hms/dbmi/farhat/fastq_db/TRUST_PacBio/TRUST_PacBio_Set2_221127/demultiplex.bc2043--bc2043.hifi_reads.fastq.gz	/n/data1/hms/dbmi/farhat/fastq_db/TRUST_Illumina/221213.Trust.IlluminaWGS.Batch2/Merged_PE_FASTQs/MFS-321_R1.fastq.gz;/n/data1/hms/dbmi/farhat/fastq_db/TRUST_Illumina/221213.Trust.IlluminaWGS.Batch2/Merged_PE_FASTQs/MFS-321_R2.fastq.gz	TRUST_PB_Set2
S0064-01	/n/data1/hms/dbmi/farhat/fastq_db/TRUST_PacBio/TRUST_PacBio_Set2_221127/demultiplex.bc2044--bc2044.hifi_reads.fastq.gz	/n/data1/hms/dbmi/farhat/fastq_db/TRUST_Illumina/220510.ZA.Set1.FQs/Merged_PE_FASTQs_V2/MFS-37_lib47024_R1.fastq.gz;/n/data1/hms/dbmi/farhat/fastq_db/TRUST_Illumina/220510.ZA.Set1.FQs/Merged_PE_FASTQs_V2/MFS-37_lib47024_R2.fastq.gz	TRUST_PB_Set2
S0041-01	/n/data1/hms/dbmi/farhat/fastq_db/TRUST_PacBio/TRUST_PacBio_Set2_221127/demultiplex.bc2045--bc2045.hifi_reads.fastq.gz	/n/data1/hms/dbmi/farhat/fastq_db/TRUST_Illumina/220510.ZA.Set1.FQs/Merged_PE_FASTQs_V2/MFS-22_lib45952_R1.fastq.gz;/n/data1/hms/dbmi/farhat/fastq_db/TRUST_Illumina/220510.ZA.Set1.FQs/Merged_PE_FASTQs_V2/MFS-22_lib45952_R2.fastq.gz	TRUST_PB_Set2
S0249-01	/n/data1/hms/dbmi/farhat/fastq_db/TRUST_PacBio/TRUST_PacBio_Set2_221127/demultiplex.bc2046--bc2046.hifi_reads.fastq.gz	/n/data1/hms/dbmi/farhat/fastq_db/TRUST_Illumina/220510.ZA.Set1.FQs/Merged_PE_FASTQs_V2/MFS-162_lib47341_R1.fastq.gz;/n/data1/hms/dbmi/farhat/fastq_db/TRUST_Illumina/220510.ZA.Set1.FQs/Merged_PE_FASTQs_V2/MFS-162_lib47341_R2.fastq.gz	TRUST_PB_Set2
S0284-07	/n/data1/hms/dbmi/farhat/fastq_db/TRUST_PacBio/TRUST_PacBio_Set2_221127/demultiplex.bc2047--bc2047.hifi_reads.fastq.gz	/n/data1/hms/dbmi/farhat/fastq_db/TRUST_Illumina/221213.Trust.IlluminaWGS.Batch2/Merged_PE_FASTQs/MFS-326_R1.fastq.gz;/n/data1/hms/dbmi/farhat/fastq_db/TRUST_Illumina/221213.Trust.IlluminaWGS.Batch2/Merged_PE_FASTQs/MFS-326_R2.fastq.gz	TRUST_PB_Set2
S0284-01	/n/data1/hms/dbmi/farhat/fastq_db/TRUST_PacBio/TRUST_PacBio_Set2_221127/demultiplex.bc2048--bc2048.hifi_reads.fastq.gz	/n/data1/hms/dbmi/farhat/fastq_db/TRUST_Illumina/221213.Trust.IlluminaWGS.Batch2/Merged_PE_FASTQs/MFS-325_R1.fastq.gz;/n/data1/hms/dbmi/farhat/fastq_db/TRUST_Illumina/221213.Trust.IlluminaWGS.Batch2/Merged_PE_FASTQs/MFS-325_R2.fastq.gz	TRUST_PB_Set2
S0211-08	/n/data1/hms/dbmi/farhat/fastq_db/TRUST_PacBio/TRUST_PacBio_Set2_221127/demultiplex.bc2049--bc2049.hifi_reads.fastq.gz	/n/data1/hms/dbmi/farhat/fastq_db/TRUST_Illumina/220510.ZA.Set1.FQs/Merged_PE_FASTQs_V2/MFS-121_lib47300_R1.fastq.gz;/n/data1/hms/dbmi/farhat/fastq_db/TRUST_Illumina/220510.ZA.Set1.FQs/Merged_PE_FASTQs_V2/MFS-121_lib47300_R2.fastq.gz	TRUST_PB_Set2
S0018-01	/n/data1/hms/dbmi/farhat/fastq_db/TRUST_PacBio/TRUST_PacBio_Set2_221127/demultiplex.bc2050--bc2050.hifi_reads.fastq.gz	/n/data1/hms/dbmi/farhat/fastq_db/TRUST_Illumina/220510.ZA.Set1.FQs/Merged_PE_FASTQs_V2/MFS-7_lib45537_R1.fastq.gz;/n/data1/hms/dbmi/farhat/fastq_db/TRUST_Illumina/220510.ZA.Set1.FQs/Merged_PE_FASTQs_V2/MFS-7_lib45537_R2.fastq.gz	TRUST_PB_Set2
S0321-08	/n/data1/hms/dbmi/farhat/fastq_db/TRUST_PacBio/TRUST_PacBio_Set2_221127/demultiplex.bc2051--bc2051.hifi_reads.fastq.gz	/n/data1/hms/dbmi/farhat/fastq_db/TRUST_Illumina/221213.Trust.IlluminaWGS.Batch2/Merged_PE_FASTQs/MFS-330_R1.fastq.gz;/n/data1/hms/dbmi/farhat/fastq_db/TRUST_Illumina/221213.Trust.IlluminaWGS.Batch2/Merged_PE_FASTQs/MFS-330_R2.fastq.gz	TRUST_PB_Set2
S0212-01	/n/data1/hms/dbmi/farhat/fastq_db/TRUST_PacBio/TRUST_PacBio_Set2_221127/demultiplex.bc2052--bc2052.hifi_reads.fastq.gz	/n/data1/hms/dbmi/farhat/fastq_db/TRUST_Illumina/220510.ZA.Set1.FQs/Merged_PE_FASTQs_V2/MFS-122_lib47301_R1.fastq.gz;/n/data1/hms/dbmi/farhat/fastq_db/TRUST_Illumina/220510.ZA.Set1.FQs/Merged_PE_FASTQs_V2/MFS-122_lib47301_R2.fastq.gz	TRUST_PB_Set2
S0276-08	/n/data1/hms/dbmi/farhat/fastq_db/TRUST_PacBio/TRUST_PacBio_Set2_221127/demultiplex.bc2053--bc2053.hifi_reads.fastq.gz	/n/data1/hms/dbmi/farhat/fastq_db/TRUST_Illumina/221213.Trust.IlluminaWGS.Batch2/Merged_PE_FASTQs/MFS-322_R1.fastq.gz;/n/data1/hms/dbmi/farhat/fastq_db/TRUST_Illumina/221213.Trust.IlluminaWGS.Batch2/Merged_PE_FASTQs/MFS-322_R2.fastq.gz	TRUST_PB_Set2
S0142-01	/n/data1/hms/dbmi/farhat/fastq_db/TRUST_PacBio/TRUST_PacBio_Set2_221127/demultiplex.bc2056--bc2056.hifi_reads.fastq.gz	/n/data1/hms/dbmi/farhat/fastq_db/TRUST_Illumina/220510.ZA.Set1.FQs/Merged_PE_FASTQs_V2/MFS-71_lib47058_R1.fastq.gz;/n/data1/hms/dbmi/farhat/fastq_db/TRUST_Illumina/220510.ZA.Set1.FQs/Merged_PE_FASTQs_V2/MFS-71_lib47058_R2.fastq.gz	TRUST_PB_Set2
S0186-06	/n/data1/hms/dbmi/farhat/fastq_db/TRUST_PacBio/TRUST_PacBio_Set2_221127/demultiplex.bc2057--bc2057.hifi_reads.fastq.gz	/n/data1/hms/dbmi/farhat/fastq_db/TRUST_Illumina/220510.ZA.Set1.FQs/Merged_PE_FASTQs_V2/MFS-105_lib47284_R1.fastq.gz;/n/data1/hms/dbmi/farhat/fastq_db/TRUST_Illumina/220510.ZA.Set1.FQs/Merged_PE_FASTQs_V2/MFS-105_lib47284_R2.fastq.gz	TRUST_PB_Set2
S0077-01	/n/data1/hms/dbmi/farhat/fastq_db/TRUST_PacBio/TRUST_PacBio_Set2_221127/demultiplex.bc2058--bc2058.hifi_reads.fastq.gz	/n/data1/hms/dbmi/farhat/fastq_db/TRUST_Illumina/220510.ZA.Set1.FQs/Merged_PE_FASTQs_V2/MFS-43_lib47030_R1.fastq.gz;/n/data1/hms/dbmi/farhat/fastq_db/TRUST_Illumina/220510.ZA.Set1.FQs/Merged_PE_FASTQs_V2/MFS-43_lib47030_R2.fastq.gz	TRUST_PB_Set2
S0223-01	/n/data1/hms/dbmi/farhat/fastq_db/TRUST_PacBio/TRUST_PacBio_Set2_221127/demultiplex.bc2059--bc2059.hifi_reads.fastq.gz	/n/data1/hms/dbmi/farhat/fastq_db/TRUST_Illumina/220510.ZA.Set1.FQs/Merged_PE_FASTQs_V2/MFS-132_lib47311_R1.fastq.gz;/n/data1/hms/dbmi/farhat/fastq_db/TRUST_Illumina/220510.ZA.Set1.FQs/Merged_PE_FASTQs_V2/MFS-132_lib47311_R2.fastq.gz	TRUST_PB_Set2
S0311-08	/n/data1/hms/dbmi/farhat/fastq_db/TRUST_PacBio/TRUST_PacBio_Set2_221127/demultiplex.bc2060--bc2060.hifi_reads.fastq.gz	/n/data1/hms/dbmi/farhat/fastq_db/TRUST_Illumina/221213.Trust.IlluminaWGS.Batch2/Merged_PE_FASTQs/MFS-318_R1.fastq.gz;/n/data1/hms/dbmi/farhat/fastq_db/TRUST_Illumina/221213.Trust.IlluminaWGS.Batch2/Merged_PE_FASTQs/MFS-318_R2.fastq.gz	TRUST_PB_Set2
S0248-01	/n/data1/hms/dbmi/farhat/fastq_db/TRUST_PacBio/TRUST_PacBio_Set2_221127/demultiplex.bc2061--bc2061.hifi_reads.fastq.gz	/n/data1/hms/dbmi/farhat/fastq_db/TRUST_Illumina/220510.ZA.Set1.FQs/Merged_PE_FASTQs_V2/MFS-161_lib47340_R1.fastq.gz;/n/data1/hms/dbmi/farhat/fastq_db/TRUST_Illumina/220510.ZA.Set1.FQs/Merged_PE_FASTQs_V2/MFS-161_lib47340_R2.fastq.gz	TRUST_PB_Set2
S0285-08	/n/data1/hms/dbmi/farhat/fastq_db/TRUST_PacBio/TRUST_PacBio_Set2_221127/demultiplex.bc2062--bc2062.hifi_reads.fastq.gz	/n/data1/hms/dbmi/farhat/fastq_db/TRUST_Illumina/221213.Trust.IlluminaWGS.Batch2/Merged_PE_FASTQs/MFS-328_R1.fastq.gz;/n/data1/hms/dbmi/farhat/fastq_db/TRUST_Illumina/221213.Trust.IlluminaWGS.Batch2/Merged_PE_FASTQs/MFS-328_R2.fastq.gz	TRUST_PB_Set2
S0283-01	/n/data1/hms/dbmi/farhat/fastq_db/TRUST_PacBio/TRUST_PacBio_Set2_221127/demultiplex.bc2063--bc2063.hifi_reads.fastq.gz	/n/data1/hms/dbmi/farhat/fastq_db/TRUST_Illumina/221213.Trust.IlluminaWGS.Batch2/Merged_PE_FASTQs/MFS-324_R1.fastq.gz;/n/data1/hms/dbmi/farhat/fastq_db/TRUST_Illumina/221213.Trust.IlluminaWGS.Batch2/Merged_PE_FASTQs/MFS-324_R2.fastq.gz	TRUST_PB_Set2
S0082-01	/n/data1/hms/dbmi/farhat/fastq_db/TRUST_PacBio/TRUST_PacBio_Set2_221127/demultiplex.bc2064--bc2064.hifi_reads.fastq.gz	/n/data1/hms/dbmi/farhat/fastq_db/TRUST_Illumina/220510.ZA.Set1.FQs/Merged_PE_FASTQs_V2/MFS-47_lib47034_R1.fastq.gz;/n/data1/hms/dbmi/farhat/fastq_db/TRUST_Illumina/220510.ZA.Set1.FQs/Merged_PE_FASTQs_V2/MFS-47_lib47034_R2.fastq.gz	TRUST_PB_Set2
S0184-01	/n/data1/hms/dbmi/farhat/fastq_db/TRUST_PacBio/TRUST_PacBio_Set2_221127/demultiplex.bc2065--bc2065.hifi_reads.fastq.gz	/n/data1/hms/dbmi/farhat/fastq_db/TRUST_Illumina/220510.ZA.Set1.FQs/Merged_PE_FASTQs_V2/MFS-102_lib47281_R1.fastq.gz;/n/data1/hms/dbmi/farhat/fastq_db/TRUST_Illumina/220510.ZA.Set1.FQs/Merged_PE_FASTQs_V2/MFS-102_lib47281_R2.fastq.gz	TRUST_PB_Set2
S0165-01	/n/data1/hms/dbmi/farhat/fastq_db/TRUST_PacBio/TRUST_PacBio_Set2_221127/demultiplex.bc2066--bc2066.hifi_reads.fastq.gz	/n/data1/hms/dbmi/farhat/fastq_db/TRUST_Illumina/220510.ZA.Set1.FQs/Merged_PE_FASTQs_V2/MFS-83_lib47262_R1.fastq.gz;/n/data1/hms/dbmi/farhat/fastq_db/TRUST_Illumina/220510.ZA.Set1.FQs/Merged_PE_FASTQs_V2/MFS-83_lib47262_R2.fastq.gz	TRUST_PB_Set2
S0189-01	/n/data1/hms/dbmi/farhat/fastq_db/TRUST_PacBio/TRUST_PacBio_Set2_221127/demultiplex.bc2067--bc2067.hifi_reads.fastq.gz	/n/data1/hms/dbmi/farhat/fastq_db/TRUST_Illumina/220510.ZA.Set1.FQs/Merged_PE_FASTQs_V2/MFS-107_lib47286_R1.fastq.gz;/n/data1/hms/dbmi/farhat/fastq_db/TRUST_Illumina/220510.ZA.Set1.FQs/Merged_PE_FASTQs_V2/MFS-107_lib47286_R2.fastq.gz	TRUST_PB_Set2
S0225-01	/n/data1/hms/dbmi/farhat/fastq_db/TRUST_PacBio/TRUST_PacBio_Set2_221127/demultiplex.bc2068--bc2068.hifi_reads.fastq.gz	/n/data1/hms/dbmi/farhat/fastq_db/TRUST_Illumina/220510.ZA.Set1.FQs/Merged_PE_FASTQs_V2/MFS-135_lib47314_R1.fastq.gz;/n/data1/hms/dbmi/farhat/fastq_db/TRUST_Illumina/220510.ZA.Set1.FQs/Merged_PE_FASTQs_V2/MFS-135_lib47314_R2.fastq.gz	TRUST_PB_Set2
S0180-01	/n/data1/hms/dbmi/farhat/fastq_db/TRUST_PacBio/TRUST_PacBio_Set2_221127/demultiplex.bc2069--bc2069.hifi_reads.fastq.gz	/n/data1/hms/dbmi/farhat/fastq_db/TRUST_Illumina/220510.ZA.Set1.FQs/Merged_PE_FASTQs_V2/MFS-97_lib47276_R1.fastq.gz;/n/data1/hms/dbmi/farhat/fastq_db/TRUST_Illumina/220510.ZA.Set1.FQs/Merged_PE_FASTQs_V2/MFS-97_lib47276_R2.fastq.gz	TRUST_PB_Set2
S0186-01	/n/data1/hms/dbmi/farhat/fastq_db/TRUST_PacBio/TRUST_PacBio_Set2_221127/demultiplex.bc2070--bc2070.hifi_reads.fastq.gz	/n/data1/hms/dbmi/farhat/fastq_db/TRUST_Illumina/220510.ZA.Set1.FQs/Merged_PE_FASTQs_V2/MFS-104_lib47283_R1.fastq.gz;/n/data1/hms/dbmi/farhat/fastq_db/TRUST_Illumina/220510.ZA.Set1.FQs/Merged_PE_FASTQs_V2/MFS-104_lib47283_R2.fastq.gz	TRUST_PB_Set2
S0209-01	/n/data1/hms/dbmi/farhat/fastq_db/TRUST_PacBio/TRUST_PacBio_Set3_230124/m64142_221216_110244.bc2001--bc2001.hifi_reads.fastq.gz	/n/data1/hms/dbmi/farhat/fastq_db/TRUST_Illumina/220510.ZA.Set1.FQs/Merged_PE_FASTQs_V2/MFS-119_lib47298_R1.fastq.gz;/n/data1/hms/dbmi/farhat/fastq_db/TRUST_Illumina/220510.ZA.Set1.FQs/Merged_PE_FASTQs_V2/MFS-119_lib47298_R2.fastq.gz	TRUST_PB_Set3
S0209-06	/n/data1/hms/dbmi/farhat/fastq_db/TRUST_PacBio/TRUST_PacBio_Set3_230124/m64142_221216_110244.bc2002--bc2002.hifi_reads.fastq.gz	/n/data1/hms/dbmi/farhat/fastq_db/TRUST_Illumina/220510.ZA.Set1.FQs/Merged_PE_FASTQs_V2/MFS-120_lib47299_R1.fastq.gz;/n/data1/hms/dbmi/farhat/fastq_db/TRUST_Illumina/220510.ZA.Set1.FQs/Merged_PE_FASTQs_V2/MFS-120_lib47299_R2.fastq.gz	TRUST_PB_Set3
S0220-08	/n/data1/hms/dbmi/farhat/fastq_db/TRUST_PacBio/TRUST_PacBio_Set3_230124/m64142_221216_110244.bc2003--bc2003.hifi_reads.fastq.gz	/n/data1/hms/dbmi/farhat/fastq_db/TRUST_Illumina/220510.ZA.Set1.FQs/Merged_PE_FASTQs_V2/MFS-130_lib47309_R1.fastq.gz;/n/data1/hms/dbmi/farhat/fastq_db/TRUST_Illumina/220510.ZA.Set1.FQs/Merged_PE_FASTQs_V2/MFS-130_lib47309_R2.fastq.gz	TRUST_PB_Set3
S0291-01	/n/data1/hms/dbmi/farhat/fastq_db/TRUST_PacBio/TRUST_PacBio_Set3_230124/m64142_221216_110244.bc2009--bc2009.hifi_reads.fastq.gz	/n/data1/hms/dbmi/farhat/fastq_db/TRUST_Illumina/221213.Trust.IlluminaWGS.Batch2/Merged_PE_FASTQs/MFS-308_R1.fastq.gz;/n/data1/hms/dbmi/farhat/fastq_db/TRUST_Illumina/221213.Trust.IlluminaWGS.Batch2/Merged_PE_FASTQs/MFS-308_R2.fastq.gz	TRUST_PB_Set3
S0291-09	/n/data1/hms/dbmi/farhat/fastq_db/TRUST_PacBio/TRUST_PacBio_Set3_230124/m64142_221216_110244.bc2010--bc2010.hifi_reads.fastq.gz	/n/data1/hms/dbmi/farhat/fastq_db/TRUST_Illumina/221213.Trust.IlluminaWGS.Batch2/Merged_PE_FASTQs/MFS-309_R1.fastq.gz;/n/data1/hms/dbmi/farhat/fastq_db/TRUST_Illumina/221213.Trust.IlluminaWGS.Batch2/Merged_PE_FASTQs/MFS-309_R2.fastq.gz	TRUST_PB_Set3
S0305-01	/n/data1/hms/dbmi/farhat/fastq_db/TRUST_PacBio/TRUST_PacBio_Set3_230124/m64142_221216_110244.bc2013--bc2013.hifi_reads.fastq.gz	/n/data1/hms/dbmi/farhat/fastq_db/TRUST_Illumina/221213.Trust.IlluminaWGS.Batch2/Merged_PE_FASTQs/MFS-313_R1.fastq.gz;/n/data1/hms/dbmi/farhat/fastq_db/TRUST_Illumina/221213.Trust.IlluminaWGS.Batch2/Merged_PE_FASTQs/MFS-313_R2.fastq.gz	TRUST_PB_Set3
S0310-07	/n/data1/hms/dbmi/farhat/fastq_db/TRUST_PacBio/TRUST_PacBio_Set3_230124/m64142_221216_110244.bc2014--bc2014.hifi_reads.fastq.gz	/n/data1/hms/dbmi/farhat/fastq_db/TRUST_Illumina/221213.Trust.IlluminaWGS.Batch2/Merged_PE_FASTQs/MFS-316_R1.fastq.gz;/n/data1/hms/dbmi/farhat/fastq_db/TRUST_Illumina/221213.Trust.IlluminaWGS.Batch2/Merged_PE_FASTQs/MFS-316_R2.fastq.gz	TRUST_PB_Set3
S0265-01	/n/data1/hms/dbmi/farhat/fastq_db/TRUST_PacBio/TRUST_PacBio_Set3_230124/m64142_221216_110244.bc2017--bc2017.hifi_reads.fastq.gz	/n/data1/hms/dbmi/farhat/fastq_db/TRUST_Illumina/220510.ZA.Set1.FQs/Merged_PE_FASTQs_V2/MFS-184_lib48364_R1.fastq.gz;/n/data1/hms/dbmi/farhat/fastq_db/TRUST_Illumina/220510.ZA.Set1.FQs/Merged_PE_FASTQs_V2/MFS-184_lib48364_R2.fastq.gz	TRUST_PB_Set3
S0188-02	/n/data1/hms/dbmi/farhat/fastq_db/TRUST_PacBio/TRUST_PacBio_Set3_230124/m64142_221216_110244.bc2018--bc2018.hifi_reads.fastq.gz	/n/data1/hms/dbmi/farhat/fastq_db/TRUST_Illumina/220510.ZA.Set1.FQs/Merged_PE_FASTQs_V2/MFS-106_lib47285_R1.fastq.gz;/n/data1/hms/dbmi/farhat/fastq_db/TRUST_Illumina/220510.ZA.Set1.FQs/Merged_PE_FASTQs_V2/MFS-106_lib47285_R2.fastq.gz	TRUST_PB_Set3
S0008-01	/n/data1/hms/dbmi/farhat/fastq_db/TRUST_PacBio/TRUST_PacBio_Set3_230124/m64142_221216_110244.bc2020--bc2020.hifi_reads.fastq.gz	/n/data1/hms/dbmi/farhat/fastq_db/TRUST_Illumina/220510.ZA.Set1.FQs/Merged_PE_FASTQs_V2/MFS-4_lib45534_R1.fastq.gz;/n/data1/hms/dbmi/farhat/fastq_db/TRUST_Illumina/220510.ZA.Set1.FQs/Merged_PE_FASTQs_V2/MFS-4_lib45534_R2.fastq.gz	TRUST_PB_Set3
S0045-01	/n/data1/hms/dbmi/farhat/fastq_db/TRUST_PacBio/TRUST_PacBio_Set3_230124/m64142_221216_110244.bc2022--bc2022.hifi_reads.fastq.gz	/n/data1/hms/dbmi/farhat/fastq_db/TRUST_Illumina/220510.ZA.Set1.FQs/Merged_PE_FASTQs_V2/MFS-25_lib45955_R1.fastq.gz;/n/data1/hms/dbmi/farhat/fastq_db/TRUST_Illumina/220510.ZA.Set1.FQs/Merged_PE_FASTQs_V2/MFS-25_lib45955_R2.fastq.gz	TRUST_PB_Set3
S0047-01	/n/data1/hms/dbmi/farhat/fastq_db/TRUST_PacBio/TRUST_PacBio_Set3_230124/m64142_221216_110244.bc2023--bc2023.hifi_reads.fastq.gz	/n/data1/hms/dbmi/farhat/fastq_db/TRUST_Illumina/220510.ZA.Set1.FQs/Merged_PE_FASTQs_V2/MFS-27_lib45957_R1.fastq.gz;/n/data1/hms/dbmi/farhat/fastq_db/TRUST_Illumina/220510.ZA.Set1.FQs/Merged_PE_FASTQs_V2/MFS-27_lib45957_R2.fastq.gz	TRUST_PB_Set3
S0282-02	/n/data1/hms/dbmi/farhat/fastq_db/TRUST_PacBio/TRUST_PacBio_Set3_230124/m64142_221216_110244.bc2024--bc2024.hifi_reads.fastq.gz	/n/data1/hms/dbmi/farhat/fastq_db/TRUST_Illumina/221213.Trust.IlluminaWGS.Batch2/Merged_PE_FASTQs/MFS-323_R1.fastq.gz;/n/data1/hms/dbmi/farhat/fastq_db/TRUST_Illumina/221213.Trust.IlluminaWGS.Batch2/Merged_PE_FASTQs/MFS-323_R2.fastq.gz	TRUST_PB_Set3
S0013-01	/n/data1/hms/dbmi/farhat/fastq_db/TRUST_PacBio/TRUST_PacBio_Set3_230124/m64142_221216_110244.bc2025--bc2025.hifi_reads.fastq.gz	/n/data1/hms/dbmi/farhat/fastq_db/TRUST_Illumina/220510.ZA.Set1.FQs/Merged_PE_FASTQs_V2/MFS-5_lib45535_R1.fastq.gz;/n/data1/hms/dbmi/farhat/fastq_db/TRUST_Illumina/220510.ZA.Set1.FQs/Merged_PE_FASTQs_V2/MFS-5_lib45535_R2.fastq.gz	TRUST_PB_Set3
S0106-08	/n/data1/hms/dbmi/farhat/fastq_db/TRUST_PacBio/TRUST_PacBio_Set3_230124/m64142_221216_110244.bc2026--bc2026.hifi_reads.fastq.gz	/n/data1/hms/dbmi/farhat/fastq_db/TRUST_Illumina/220510.ZA.Set1.FQs/Merged_PE_FASTQs_V2/MFS-57_lib47044_R1.fastq.gz;/n/data1/hms/dbmi/farhat/fastq_db/TRUST_Illumina/220510.ZA.Set1.FQs/Merged_PE_FASTQs_V2/MFS-57_lib47044_R2.fastq.gz	TRUST_PB_Set3
S0185-01	/n/data1/hms/dbmi/farhat/fastq_db/TRUST_PacBio/TRUST_PacBio_Set3_230124/m64142_221216_110244.bc2027--bc2027.hifi_reads.fastq.gz	/n/data1/hms/dbmi/farhat/fastq_db/TRUST_Illumina/220510.ZA.Set1.FQs/Merged_PE_FASTQs_V2/MFS-103_lib47282_R1.fastq.gz;/n/data1/hms/dbmi/farhat/fastq_db/TRUST_Illumina/220510.ZA.Set1.FQs/Merged_PE_FASTQs_V2/MFS-103_lib47282_R2.fastq.gz	TRUST_PB_Set3
S0305-08	/n/data1/hms/dbmi/farhat/fastq_db/TRUST_PacBio/TRUST_PacBio_Set3_230124/m64142_221216_110244.bc2028--bc2028.hifi_reads.fastq.gz	/n/data1/hms/dbmi/farhat/fastq_db/TRUST_Illumina/221213.Trust.IlluminaWGS.Batch2/Merged_PE_FASTQs/MFS-314_R1.fastq.gz;/n/data1/hms/dbmi/farhat/fastq_db/TRUST_Illumina/221213.Trust.IlluminaWGS.Batch2/Merged_PE_FASTQs/MFS-314_R2.fastq.gz	TRUST_PB_Set3
S0049-01	/n/data1/hms/dbmi/farhat/fastq_db/TRUST_PacBio/TRUST_PacBio_Set3_230124/m64142_221216_110244.bc2032--bc2032.hifi_reads.fastq.gz	/n/data1/hms/dbmi/farhat/fastq_db/TRUST_Illumina/220510.ZA.Set1.FQs/Merged_PE_FASTQs_V2/MFS-28_lib45958_R1.fastq.gz;/n/data1/hms/dbmi/farhat/fastq_db/TRUST_Illumina/220510.ZA.Set1.FQs/Merged_PE_FASTQs_V2/MFS-28_lib45958_R2.fastq.gz	TRUST_PB_Set3
S0289-01	/n/data1/hms/dbmi/farhat/fastq_db/TRUST_PacBio/TRUST_PacBio_Set3_230124/m64142_221216_110244.bc2033--bc2033.hifi_reads.fastq.gz	/n/data1/hms/dbmi/farhat/fastq_db/TRUST_Illumina/221213.Trust.IlluminaWGS.Batch2/Merged_PE_FASTQs/MFS-329_R1.fastq.gz;/n/data1/hms/dbmi/farhat/fastq_db/TRUST_Illumina/221213.Trust.IlluminaWGS.Batch2/Merged_PE_FASTQs/MFS-329_R2.fastq.gz	TRUST_PB_Set3
S0166-07	/n/data1/hms/dbmi/farhat/fastq_db/TRUST_PacBio/TRUST_PacBio_Set3_230124/m64142_221216_110244.bc2034--bc2034.hifi_reads.fastq.gz	/n/data1/hms/dbmi/farhat/fastq_db/TRUST_Illumina/221213.Trust.IlluminaWGS.Batch2/Merged_PE_FASTQs/MFS-199_R1.fastq.gz;/n/data1/hms/dbmi/farhat/fastq_db/TRUST_Illumina/221213.Trust.IlluminaWGS.Batch2/Merged_PE_FASTQs/MFS-199_R2.fastq.gz	TRUST_PB_Set3
S0031-01	/n/data1/hms/dbmi/farhat/fastq_db/TRUST_PacBio/TRUST_PacBio_Set3_230124/m64142_221216_110244.bc2036--bc2036.hifi_reads.fastq.gz	/n/data1/hms/dbmi/farhat/fastq_db/TRUST_Illumina/220510.ZA.Set1.FQs/Merged_PE_FASTQs_V2/MFS-16_lib45946_R1.fastq.gz;/n/data1/hms/dbmi/farhat/fastq_db/TRUST_Illumina/220510.ZA.Set1.FQs/Merged_PE_FASTQs_V2/MFS-16_lib45946_R2.fastq.gz	TRUST_PB_Set3
S0045-07	/n/data1/hms/dbmi/farhat/fastq_db/TRUST_PacBio/TRUST_PacBio_Set3_230124/m64142_221216_110244.bc2073--bc2073.hifi_reads.fastq.gz	/n/data1/hms/dbmi/farhat/fastq_db/TRUST_Illumina/220510.ZA.Set1.FQs/Merged_PE_FASTQs_V2/MFS-26_lib45956_R1.fastq.gz;/n/data1/hms/dbmi/farhat/fastq_db/TRUST_Illumina/220510.ZA.Set1.FQs/Merged_PE_FASTQs_V2/MFS-26_lib45956_R2.fastq.gz	TRUST_PB_Set3
S0049-08	/n/data1/hms/dbmi/farhat/fastq_db/TRUST_PacBio/TRUST_PacBio_Set3_230124/m64142_221216_110244.bc2074--bc2074.hifi_reads.fastq.gz	/n/data1/hms/dbmi/farhat/fastq_db/TRUST_Illumina/220510.ZA.Set1.FQs/Merged_PE_FASTQs_V2/MFS-29_lib45959_R1.fastq.gz;/n/data1/hms/dbmi/farhat/fastq_db/TRUST_Illumina/220510.ZA.Set1.FQs/Merged_PE_FASTQs_V2/MFS-29_lib45959_R2.fastq.gz	TRUST_PB_Set3
S0055-01	/n/data1/hms/dbmi/farhat/fastq_db/TRUST_PacBio/TRUST_PacBio_Set3_230124/m64142_221216_110244.bc2075--bc2075.hifi_reads.fastq.gz	/n/data1/hms/dbmi/farhat/fastq_db/TRUST_Illumina/220510.ZA.Set1.FQs/Merged_PE_FASTQs_V2/MFS-33_lib47020_R1.fastq.gz;/n/data1/hms/dbmi/farhat/fastq_db/TRUST_Illumina/220510.ZA.Set1.FQs/Merged_PE_FASTQs_V2/MFS-33_lib47020_R2.fastq.gz	TRUST_PB_Set3
S0055-08	/n/data1/hms/dbmi/farhat/fastq_db/TRUST_PacBio/TRUST_PacBio_Set3_230124/m64142_221216_110244.bc2076--bc2076.hifi_reads.fastq.gz	/n/data1/hms/dbmi/farhat/fastq_db/TRUST_Illumina/220510.ZA.Set1.FQs/Merged_PE_FASTQs_V2/MFS-34_lib47021_R1.fastq.gz;/n/data1/hms/dbmi/farhat/fastq_db/TRUST_Illumina/220510.ZA.Set1.FQs/Merged_PE_FASTQs_V2/MFS-34_lib47021_R2.fastq.gz	TRUST_PB_Set3
S0004-01	/n/data1/hms/dbmi/farhat/fastq_db/TRUST_PacBio/TRUST_PacBio_Set3_230124/m64142_221216_110244.bc2081--bc2081.hifi_reads.fastq.gz	/n/data1/hms/dbmi/farhat/fastq_db/TRUST_Illumina/220510.ZA.Set1.FQs/Merged_PE_FASTQs_V2/MFS-1_lib45531_R1.fastq.gz;/n/data1/hms/dbmi/farhat/fastq_db/TRUST_Illumina/220510.ZA.Set1.FQs/Merged_PE_FASTQs_V2/MFS-1_lib45531_R2.fastq.gz	TRUST_PB_Set3
S0018-06	/n/data1/hms/dbmi/farhat/fastq_db/TRUST_PacBio/TRUST_PacBio_Set3_230124/m64142_221216_110244.bc2083--bc2083.hifi_reads.fastq.gz	/n/data1/hms/dbmi/farhat/fastq_db/TRUST_Illumina/220510.ZA.Set1.FQs/Merged_PE_FASTQs_V2/MFS-8_lib45538_R1.fastq.gz;/n/data1/hms/dbmi/farhat/fastq_db/TRUST_Illumina/220510.ZA.Set1.FQs/Merged_PE_FASTQs_V2/MFS-8_lib45538_R2.fastq.gz	TRUST_PB_Set3
S0013-09	/n/data1/hms/dbmi/farhat/fastq_db/TRUST_PacBio/TRUST_PacBio_Set3_230124/m64142_221216_110244.bc2085--bc2085.hifi_reads.fastq.gz	/n/data1/hms/dbmi/farhat/fastq_db/TRUST_Illumina/220510.ZA.Set1.FQs/Merged_PE_FASTQs_V2/MFS-6_lib45536_R1.fastq.gz;/n/data1/hms/dbmi/farhat/fastq_db/TRUST_Illumina/220510.ZA.Set1.FQs/Merged_PE_FASTQs_V2/MFS-6_lib45536_R2.fastq.gz	TRUST_PB_Set3
S0227-07	/n/data1/hms/dbmi/farhat/fastq_db/TRUST_PacBio/TRUST_PacBio_Set3_230124/m64142_221216_110244.bc2087--bc2087.hifi_reads.fastq.gz	/n/data1/hms/dbmi/farhat/fastq_db/TRUST_Illumina/220510.ZA.Set1.FQs/Merged_PE_FASTQs_V2/MFS-136_lib47315_R1.fastq.gz;/n/data1/hms/dbmi/farhat/fastq_db/TRUST_Illumina/220510.ZA.Set1.FQs/Merged_PE_FASTQs_V2/MFS-136_lib47315_R2.fastq.gz	TRUST_PB_Set3
S0245-01	/n/data1/hms/dbmi/farhat/fastq_db/TRUST_PacBio/TRUST_PacBio_Set3_230124/m64142_221216_110244.bc2089--bc2089.hifi_reads.fastq.gz	/n/data1/hms/dbmi/farhat/fastq_db/TRUST_Illumina/220510.ZA.Set1.FQs/Merged_PE_FASTQs_V2/MFS-156_lib47335_R1.fastq.gz;/n/data1/hms/dbmi/farhat/fastq_db/TRUST_Illumina/220510.ZA.Set1.FQs/Merged_PE_FASTQs_V2/MFS-156_lib47335_R2.fastq.gz	TRUST_PB_Set3
S0247-01	/n/data1/hms/dbmi/farhat/fastq_db/TRUST_PacBio/TRUST_PacBio_Set3_230124/m64142_221216_110244.bc2091--bc2091.hifi_reads.fastq.gz	/n/data1/hms/dbmi/farhat/fastq_db/TRUST_Illumina/220510.ZA.Set1.FQs/Merged_PE_FASTQs_V2/MFS-160_lib47339_R1.fastq.gz;/n/data1/hms/dbmi/farhat/fastq_db/TRUST_Illumina/220510.ZA.Set1.FQs/Merged_PE_FASTQs_V2/MFS-160_lib47339_R2.fastq.gz	TRUST_PB_Set3
S0246-08	/n/data1/hms/dbmi/farhat/fastq_db/TRUST_PacBio/TRUST_PacBio_Set4_230124/m64142_221219_140554.bc2004--bc2004.hifi_reads.fastq.gz	/n/data1/hms/dbmi/farhat/fastq_db/TRUST_Illumina/220510.ZA.Set1.FQs/Merged_PE_FASTQs_V2/MFS-159_lib47338_R1.fastq.gz;/n/data1/hms/dbmi/farhat/fastq_db/TRUST_Illumina/220510.ZA.Set1.FQs/Merged_PE_FASTQs_V2/MFS-159_lib47338_R2.fastq.gz	TRUST_PB_Set4
S0299-01	/n/data1/hms/dbmi/farhat/fastq_db/TRUST_PacBio/TRUST_PacBio_Set4_230124/m64142_221219_140554.bc2005--bc2005.hifi_reads.fastq.gz	/n/data1/hms/dbmi/farhat/fastq_db/TRUST_Illumina/221213.Trust.IlluminaWGS.Batch2/Merged_PE_FASTQs/MFS-259_R1.fastq.gz;/n/data1/hms/dbmi/farhat/fastq_db/TRUST_Illumina/221213.Trust.IlluminaWGS.Batch2/Merged_PE_FASTQs/MFS-259_R2.fastq.gz	TRUST_PB_Set4
S0290-01	/n/data1/hms/dbmi/farhat/fastq_db/TRUST_PacBio/TRUST_PacBio_Set4_230124/m64142_221219_140554.bc2006--bc2006.hifi_reads.fastq.gz	/n/data1/hms/dbmi/farhat/fastq_db/TRUST_Illumina/221213.Trust.IlluminaWGS.Batch2/Merged_PE_FASTQs/MFS-264_R1.fastq.gz;/n/data1/hms/dbmi/farhat/fastq_db/TRUST_Illumina/221213.Trust.IlluminaWGS.Batch2/Merged_PE_FASTQs/MFS-264_R2.fastq.gz	TRUST_PB_Set4
S0290-08	/n/data1/hms/dbmi/farhat/fastq_db/TRUST_PacBio/TRUST_PacBio_Set4_230124/m64142_221219_140554.bc2007--bc2007.hifi_reads.fastq.gz	/n/data1/hms/dbmi/farhat/fastq_db/TRUST_Illumina/221213.Trust.IlluminaWGS.Batch2/Merged_PE_FASTQs/MFS-266_R1.fastq.gz;/n/data1/hms/dbmi/farhat/fastq_db/TRUST_Illumina/221213.Trust.IlluminaWGS.Batch2/Merged_PE_FASTQs/MFS-266_R2.fastq.gz	TRUST_PB_Set4
S0289-08	/n/data1/hms/dbmi/farhat/fastq_db/TRUST_PacBio/TRUST_PacBio_Set4_230124/m64142_221219_140554.bc2008--bc2008.hifi_reads.fastq.gz	/n/data1/hms/dbmi/farhat/fastq_db/TRUST_Illumina/221213.Trust.IlluminaWGS.Batch2/Merged_PE_FASTQs/MFS-307_R1.fastq.gz;/n/data1/hms/dbmi/farhat/fastq_db/TRUST_Illumina/221213.Trust.IlluminaWGS.Batch2/Merged_PE_FASTQs/MFS-307_R2.fastq.gz	TRUST_PB_Set4
S0292-01	/n/data1/hms/dbmi/farhat/fastq_db/TRUST_PacBio/TRUST_PacBio_Set4_230124/m64142_221219_140554.bc2011--bc2011.hifi_reads.fastq.gz	/n/data1/hms/dbmi/farhat/fastq_db/TRUST_Illumina/221213.Trust.IlluminaWGS.Batch2/Merged_PE_FASTQs/MFS-310_R1.fastq.gz;/n/data1/hms/dbmi/farhat/fastq_db/TRUST_Illumina/221213.Trust.IlluminaWGS.Batch2/Merged_PE_FASTQs/MFS-310_R2.fastq.gz	TRUST_PB_Set4
S0299-09	/n/data1/hms/dbmi/farhat/fastq_db/TRUST_PacBio/TRUST_PacBio_Set4_230124/m64142_221219_140554.bc2012--bc2012.hifi_reads.fastq.gz	/n/data1/hms/dbmi/farhat/fastq_db/TRUST_Illumina/221213.Trust.IlluminaWGS.Batch2/Merged_PE_FASTQs/MFS-312_R1.fastq.gz;/n/data1/hms/dbmi/farhat/fastq_db/TRUST_Illumina/221213.Trust.IlluminaWGS.Batch2/Merged_PE_FASTQs/MFS-312_R2.fastq.gz	TRUST_PB_Set4
S0311-01	/n/data1/hms/dbmi/farhat/fastq_db/TRUST_PacBio/TRUST_PacBio_Set4_230124/m64142_221219_140554.bc2015--bc2015.hifi_reads.fastq.gz	/n/data1/hms/dbmi/farhat/fastq_db/TRUST_Illumina/221213.Trust.IlluminaWGS.Batch2/Merged_PE_FASTQs/MFS-317_R1.fastq.gz;/n/data1/hms/dbmi/farhat/fastq_db/TRUST_Illumina/221213.Trust.IlluminaWGS.Batch2/Merged_PE_FASTQs/MFS-317_R2.fastq.gz	TRUST_PB_Set4
S0285-01	/n/data1/hms/dbmi/farhat/fastq_db/TRUST_PacBio/TRUST_PacBio_Set4_230124/m64142_221219_140554.bc2016--bc2016.hifi_reads.fastq.gz	/n/data1/hms/dbmi/farhat/fastq_db/TRUST_Illumina/221213.Trust.IlluminaWGS.Batch2/Merged_PE_FASTQs/MFS-327_R1.fastq.gz;/n/data1/hms/dbmi/farhat/fastq_db/TRUST_Illumina/221213.Trust.IlluminaWGS.Batch2/Merged_PE_FASTQs/MFS-327_R2.fastq.gz	TRUST_PB_Set4
S0192-02	/n/data1/hms/dbmi/farhat/fastq_db/TRUST_PacBio/TRUST_PacBio_Set4_230124/m64142_221219_140554.bc2019--bc2019.hifi_reads.fastq.gz	/n/data1/hms/dbmi/farhat/fastq_db/TRUST_Illumina/221213.Trust.IlluminaWGS.Batch2/Merged_PE_FASTQs/MFS-194_R1.fastq.gz;/n/data1/hms/dbmi/farhat/fastq_db/TRUST_Illumina/221213.Trust.IlluminaWGS.Batch2/Merged_PE_FASTQs/MFS-194_R2.fastq.gz	TRUST_PB_Set4
S0242-01	/n/data1/hms/dbmi/farhat/fastq_db/TRUST_PacBio/TRUST_PacBio_Set4_230124/m64142_221219_140554.bc2021--bc2021.hifi_reads.fastq.gz	/n/data1/hms/dbmi/farhat/fastq_db/TRUST_Illumina/220510.ZA.Set1.FQs/Merged_PE_FASTQs_V2/MFS-150_lib47329_R1.fastq.gz;/n/data1/hms/dbmi/farhat/fastq_db/TRUST_Illumina/220510.ZA.Set1.FQs/Merged_PE_FASTQs_V2/MFS-150_lib47329_R2.fastq.gz	TRUST_PB_Set4
S0310-01	/n/data1/hms/dbmi/farhat/fastq_db/TRUST_PacBio/TRUST_PacBio_Set4_230124/m64142_221219_140554.bc2029--bc2029.hifi_reads.fastq.gz	/n/data1/hms/dbmi/farhat/fastq_db/TRUST_Illumina/221213.Trust.IlluminaWGS.Batch2/Merged_PE_FASTQs/MFS-315_R1.fastq.gz;/n/data1/hms/dbmi/farhat/fastq_db/TRUST_Illumina/221213.Trust.IlluminaWGS.Batch2/Merged_PE_FASTQs/MFS-315_R2.fastq.gz	TRUST_PB_Set4
S0317-01	/n/data1/hms/dbmi/farhat/fastq_db/TRUST_PacBio/TRUST_PacBio_Set4_230124/m64142_221219_140554.bc2030--bc2030.hifi_reads.fastq.gz	/n/data1/hms/dbmi/farhat/fastq_db/TRUST_Illumina/221213.Trust.IlluminaWGS.Batch2/Merged_PE_FASTQs/MFS-319_R1.fastq.gz;/n/data1/hms/dbmi/farhat/fastq_db/TRUST_Illumina/221213.Trust.IlluminaWGS.Batch2/Merged_PE_FASTQs/MFS-319_R2.fastq.gz	TRUST_PB_Set4
S0321-01	/n/data1/hms/dbmi/farhat/fastq_db/TRUST_PacBio/TRUST_PacBio_Set4_230124/m64142_221219_140554.bc2031--bc2031.hifi_reads.fastq.gz	/n/data1/hms/dbmi/farhat/fastq_db/TRUST_Illumina/221213.Trust.IlluminaWGS.Batch2/Merged_PE_FASTQs/MFS-320_R1.fastq.gz;/n/data1/hms/dbmi/farhat/fastq_db/TRUST_Illumina/221213.Trust.IlluminaWGS.Batch2/Merged_PE_FASTQs/MFS-320_R2.fastq.gz	TRUST_PB_Set4
S0070-01	/n/data1/hms/dbmi/farhat/fastq_db/TRUST_PacBio/TRUST_PacBio_Set4_230124/m64142_221219_140554.bc2035--bc2035.hifi_reads.fastq.gz	/n/data1/hms/dbmi/farhat/fastq_db/TRUST_Illumina/220510.ZA.Set1.FQs/Merged_PE_FASTQs_V2/MFS-41_lib47028_R1.fastq.gz;/n/data1/hms/dbmi/farhat/fastq_db/TRUST_Illumina/220510.ZA.Set1.FQs/Merged_PE_FASTQs_V2/MFS-41_lib47028_R2.fastq.gz	TRUST_PB_Set4
S0100-01	/n/data1/hms/dbmi/farhat/fastq_db/TRUST_PacBio/TRUST_PacBio_Set4_230124/m64142_221219_140554.bc2071--bc2071.hifi_reads.fastq.gz	/n/data1/hms/dbmi/farhat/fastq_db/TRUST_Illumina/220510.ZA.Set1.FQs/Merged_PE_FASTQs_V2/MFS-55_lib47042_R1.fastq.gz;/n/data1/hms/dbmi/farhat/fastq_db/TRUST_Illumina/220510.ZA.Set1.FQs/Merged_PE_FASTQs_V2/MFS-55_lib47042_R2.fastq.gz	TRUST_PB_Set4
S0130-07	/n/data1/hms/dbmi/farhat/fastq_db/TRUST_PacBio/TRUST_PacBio_Set4_230124/m64142_221219_140554.bc2072--bc2072.hifi_reads.fastq.gz	/n/data1/hms/dbmi/farhat/fastq_db/TRUST_Illumina/220510.ZA.Set1.FQs/Merged_PE_FASTQs_V2/MFS-63_lib47050_R1.fastq.gz;/n/data1/hms/dbmi/farhat/fastq_db/TRUST_Illumina/220510.ZA.Set1.FQs/Merged_PE_FASTQs_V2/MFS-63_lib47050_R2.fastq.gz	TRUST_PB_Set4
S0064-08	/n/data1/hms/dbmi/farhat/fastq_db/TRUST_PacBio/TRUST_PacBio_Set4_230124/m64142_221219_140554.bc2077--bc2077.hifi_reads.fastq.gz	/n/data1/hms/dbmi/farhat/fastq_db/TRUST_Illumina/220510.ZA.Set1.FQs/Merged_PE_FASTQs_V2/MFS-38_lib47025_R1.fastq.gz;/n/data1/hms/dbmi/farhat/fastq_db/TRUST_Illumina/220510.ZA.Set1.FQs/Merged_PE_FASTQs_V2/MFS-38_lib47025_R2.fastq.gz	TRUST_PB_Set4
S0066-01	/n/data1/hms/dbmi/farhat/fastq_db/TRUST_PacBio/TRUST_PacBio_Set4_230124/m64142_221219_140554.bc2078--bc2078.hifi_reads.fastq.gz	/n/data1/hms/dbmi/farhat/fastq_db/TRUST_Illumina/220510.ZA.Set1.FQs/Merged_PE_FASTQs_V2/MFS-39_lib47026_R1.fastq.gz;/n/data1/hms/dbmi/farhat/fastq_db/TRUST_Illumina/220510.ZA.Set1.FQs/Merged_PE_FASTQs_V2/MFS-39_lib47026_R2.fastq.gz	TRUST_PB_Set4
S0066-08	/n/data1/hms/dbmi/farhat/fastq_db/TRUST_PacBio/TRUST_PacBio_Set4_230124/m64142_221219_140554.bc2079--bc2079.hifi_reads.fastq.gz	/n/data1/hms/dbmi/farhat/fastq_db/TRUST_Illumina/220510.ZA.Set1.FQs/Merged_PE_FASTQs_V2/MFS-40_lib47027_R1.fastq.gz;/n/data1/hms/dbmi/farhat/fastq_db/TRUST_Illumina/220510.ZA.Set1.FQs/Merged_PE_FASTQs_V2/MFS-40_lib47027_R2.fastq.gz	TRUST_PB_Set4
S0077-06	/n/data1/hms/dbmi/farhat/fastq_db/TRUST_PacBio/TRUST_PacBio_Set4_230124/m64142_221219_140554.bc2080--bc2080.hifi_reads.fastq.gz	/n/data1/hms/dbmi/farhat/fastq_db/TRUST_Illumina/220510.ZA.Set1.FQs/Merged_PE_FASTQs_V2/MFS-44_lib47031_R1.fastq.gz;/n/data1/hms/dbmi/farhat/fastq_db/TRUST_Illumina/220510.ZA.Set1.FQs/Merged_PE_FASTQs_V2/MFS-44_lib47031_R2.fastq.gz	TRUST_PB_Set4
S0004-08	/n/data1/hms/dbmi/farhat/fastq_db/TRUST_PacBio/TRUST_PacBio_Set4_230124/m64142_221219_140554.bc2082--bc2082.hifi_reads.fastq.gz	/n/data1/hms/dbmi/farhat/fastq_db/TRUST_Illumina/220510.ZA.Set1.FQs/Merged_PE_FASTQs_V2/MFS-2_lib45532_R1.fastq.gz;/n/data1/hms/dbmi/farhat/fastq_db/TRUST_Illumina/220510.ZA.Set1.FQs/Merged_PE_FASTQs_V2/MFS-2_lib45532_R2.fastq.gz	TRUST_PB_Set4
S0031-08	/n/data1/hms/dbmi/farhat/fastq_db/TRUST_PacBio/TRUST_PacBio_Set4_230124/m64142_221219_140554.bc2084--bc2084.hifi_reads.fastq.gz	/n/data1/hms/dbmi/farhat/fastq_db/TRUST_Illumina/220510.ZA.Set1.FQs/Merged_PE_FASTQs_V2/MFS-17_lib45947_R1.fastq.gz;/n/data1/hms/dbmi/farhat/fastq_db/TRUST_Illumina/220510.ZA.Set1.FQs/Merged_PE_FASTQs_V2/MFS-17_lib45947_R2.fastq.gz	TRUST_PB_Set4
S0131-09	/n/data1/hms/dbmi/farhat/fastq_db/TRUST_PacBio/TRUST_PacBio_Set4_230124/m64142_221219_140554.bc2086--bc2086.hifi_reads.fastq.gz	/n/data1/hms/dbmi/farhat/fastq_db/TRUST_Illumina/220510.ZA.Set1.FQs/Merged_PE_FASTQs_V2/MFS-65_lib47052_R1.fastq.gz;/n/data1/hms/dbmi/farhat/fastq_db/TRUST_Illumina/220510.ZA.Set1.FQs/Merged_PE_FASTQs_V2/MFS-65_lib47052_R2.fastq.gz	TRUST_PB_Set4
S0242-08	/n/data1/hms/dbmi/farhat/fastq_db/TRUST_PacBio/TRUST_PacBio_Set4_230124/m64142_221219_140554.bc2088--bc2088.hifi_reads.fastq.gz	/n/data1/hms/dbmi/farhat/fastq_db/TRUST_Illumina/220510.ZA.Set1.FQs/Merged_PE_FASTQs_V2/MFS-151_lib47330_R1.fastq.gz;/n/data1/hms/dbmi/farhat/fastq_db/TRUST_Illumina/220510.ZA.Set1.FQs/Merged_PE_FASTQs_V2/MFS-151_lib47330_R2.fastq.gz	TRUST_PB_Set4
S0245-08	/n/data1/hms/dbmi/farhat/fastq_db/TRUST_PacBio/TRUST_PacBio_Set4_230124/m64142_221219_140554.bc2090--bc2090.hifi_reads.fastq.gz	/n/data1/hms/dbmi/farhat/fastq_db/TRUST_Illumina/220510.ZA.Set1.FQs/Merged_PE_FASTQs_V2/MFS-157_lib47336_R1.fastq.gz;/n/data1/hms/dbmi/farhat/fastq_db/TRUST_Illumina/220510.ZA.Set1.FQs/Merged_PE_FASTQs_V2/MFS-157_lib47336_R2.fastq.gz	TRUST_PB_Set4
S0249-08	/n/data1/hms/dbmi/farhat/fastq_db/TRUST_PacBio/TRUST_PacBio_Set4_230124/m64142_221219_140554.bc2092--bc2092.hifi_reads.fastq.gz	/n/data1/hms/dbmi/farhat/fastq_db/TRUST_Illumina/220510.ZA.Set1.FQs/Merged_PE_FASTQs_V2/MFS-163_lib47342_R1.fastq.gz;/n/data1/hms/dbmi/farhat/fastq_db/TRUST_Illumina/220510.ZA.Set1.FQs/Merged_PE_FASTQs_V2/MFS-163_lib47342_R2.fastq.gz	TRUST_PB_Set4
S0195-01	/n/data1/hms/dbmi/farhat/fastq_db/TRUST_PacBio/TRUST_PacBio_Set4_230124/m64142_221219_140554.bc2093--bc2093.hifi_reads.fastq.gz	/n/data1/hms/dbmi/farhat/fastq_db/TRUST_Illumina/221213.Trust.IlluminaWGS.Batch2/Merged_PE_FASTQs/MFS-277_R1.fastq.gz;/n/data1/hms/dbmi/farhat/fastq_db/TRUST_Illumina/221213.Trust.IlluminaWGS.Batch2/Merged_PE_FASTQs/MFS-277_R2.fastq.gz	TRUST_PB_Set4
S0195-06	/n/data1/hms/dbmi/farhat/fastq_db/TRUST_PacBio/TRUST_PacBio_Set4_230124/m64142_221219_140554.bc2094--bc2094.hifi_reads.fastq.gz	/n/data1/hms/dbmi/farhat/fastq_db/TRUST_Illumina/220510.ZA.Set1.FQs/Merged_PE_FASTQs_V2/MFS-110_lib47289_R1.fastq.gz;/n/data1/hms/dbmi/farhat/fastq_db/TRUST_Illumina/220510.ZA.Set1.FQs/Merged_PE_FASTQs_V2/MFS-110_lib47289_R2.fastq.gz	TRUST_PB_Set4
S0198-07	/n/data1/hms/dbmi/farhat/fastq_db/TRUST_PacBio/TRUST_PacBio_Set4_230124/m64142_221219_140554.bc2095--bc2095.hifi_reads.fastq.gz	/n/data1/hms/dbmi/farhat/fastq_db/TRUST_Illumina/220510.ZA.Set1.FQs/Merged_PE_FASTQs_V2/MFS-113_lib47292_R1.fastq.gz;/n/data1/hms/dbmi/farhat/fastq_db/TRUST_Illumina/220510.ZA.Set1.FQs/Merged_PE_FASTQs_V2/MFS-113_lib47292_R2.fastq.gz	TRUST_PB_Set4
S0200-07	/n/data1/hms/dbmi/farhat/fastq_db/TRUST_PacBio/TRUST_PacBio_Set4_230124/m64142_221219_140554.bc2096--bc2096.hifi_reads.fastq.gz	/n/data1/hms/dbmi/farhat/fastq_db/TRUST_Illumina/220510.ZA.Set1.FQs/Merged_PE_FASTQs_V2/MFS-116_lib47295_R1.fastq.gz;/n/data1/hms/dbmi/farhat/fastq_db/TRUST_Illumina/220510.ZA.Set1.FQs/Merged_PE_FASTQs_V2/MFS-116_lib47295_R2.fastq.gz	TRUST_PB_Set4
