,Sample_ID,R1,R2,Original_ID,Output_ID
0,S0004-01,/n/data1/hms/dbmi/farhat/fastq_db/TRUST_Directsputum/20220509_TwistV1/S0004_01_R1.fastq.gz,/n/data1/hms/dbmi/farhat/fastq_db/TRUST_Directsputum/20220509_TwistV1/S0004_01_R2.fastq.gz,S0004-01,S0004-01
1,S0004-m5_K064771,/n/data1/hms/dbmi/farhat/fastq_db/TRUST_Directsputum/TwistV2_Run2_231224/K064771_S62_R1_001.fastq.gz,/n/data1/hms/dbmi/farhat/fastq_db/TRUST_Directsputum/TwistV2_Run2_231224/K064771_S62_R2_001.fastq.gz,S0004-m5,S0004-m5
2,S0008-01,/n/data1/hms/dbmi/farhat/fastq_db/TRUST_Directsputum/20220509_TwistV1/S0008_01_R1.fastq.gz,/n/data1/hms/dbmi/farhat/fastq_db/TRUST_Directsputum/20220509_TwistV1/S0008_01_R2.fastq.gz,S0008-01,S0008-01
3,S0018-01_K064733,/n/data1/hms/dbmi/farhat/fastq_db/TRUST_Directsputum/TwistV2_Run2_231224/K064733_S24_R1_001.fastq.gz,/n/data1/hms/dbmi/farhat/fastq_db/TRUST_Directsputum/TwistV2_Run2_231224/K064733_S24_R2_001.fastq.gz,S0018-01,S0018-01
4,S0019-01_K064758,/n/data1/hms/dbmi/farhat/fastq_db/TRUST_Directsputum/TwistV2_Run2_231224/K064758_S49_R1_001.fastq.gz,/n/data1/hms/dbmi/farhat/fastq_db/TRUST_Directsputum/TwistV2_Run2_231224/K064758_S49_R2_001.fastq.gz,S0019-01,S0019-01
5,S0021-01,/n/data1/hms/dbmi/farhat/fastq_db/TRUST_Directsputum/20220509_TwistV1/S0021_01_R1.fastq.gz,/n/data1/hms/dbmi/farhat/fastq_db/TRUST_Directsputum/20220509_TwistV1/S0021_01_R2.fastq.gz,S0021-01,S0021-01
6,S0021-m5_K064772,/n/data1/hms/dbmi/farhat/fastq_db/TRUST_Directsputum/TwistV2_Run2_231224/K064772_S63_R1_001.fastq.gz,/n/data1/hms/dbmi/farhat/fastq_db/TRUST_Directsputum/TwistV2_Run2_231224/K064772_S63_R2_001.fastq.gz,S0021-m5,S0021-m5
7,S0024-01,/n/data1/hms/dbmi/farhat/fastq_db/TRUST_Directsputum/20220509_TwistV1/S0024_01_R1.fastq.gz,/n/data1/hms/dbmi/farhat/fastq_db/TRUST_Directsputum/20220509_TwistV1/S0024_01_R2.fastq.gz,S0024-01,S0024-01
8,S0028-01,/n/data1/hms/dbmi/farhat/fastq_db/TRUST_Directsputum/20220509_TwistV1/S0028_01_R1.fastq.gz,/n/data1/hms/dbmi/farhat/fastq_db/TRUST_Directsputum/20220509_TwistV1/S0028_01_R2.fastq.gz,S0028-01,S0028-01
9,S0029-01_K064714,/n/data1/hms/dbmi/farhat/fastq_db/TRUST_Directsputum/TwistV2_Run2_231224/K064714_S5_R1_001.fastq.gz,/n/data1/hms/dbmi/farhat/fastq_db/TRUST_Directsputum/TwistV2_Run2_231224/K064714_S5_R2_001.fastq.gz,S0029-01,S0029-01
10,S0030-01,/n/data1/hms/dbmi/farhat/fastq_db/TRUST_Directsputum/20220509_TwistV1/S0030_01_R1.fastq.gz,/n/data1/hms/dbmi/farhat/fastq_db/TRUST_Directsputum/20220509_TwistV1/S0030_01_R2.fastq.gz,S0030-01,S0030-01
11,S0031-01,/n/data1/hms/dbmi/farhat/fastq_db/TRUST_Directsputum/20220509_TwistV1/S0031_01_R1.fastq.gz,/n/data1/hms/dbmi/farhat/fastq_db/TRUST_Directsputum/20220509_TwistV1/S0031_01_R2.fastq.gz,S0031-01,S0031-01
12,S0032-01_K064759,/n/data1/hms/dbmi/farhat/fastq_db/TRUST_Directsputum/TwistV2_Run2_231224/K064759_S50_R1_001.fastq.gz,/n/data1/hms/dbmi/farhat/fastq_db/TRUST_Directsputum/TwistV2_Run2_231224/K064759_S50_R2_001.fastq.gz,S0032-01,S0032-01
13,S0039-01_K064728,/n/data1/hms/dbmi/farhat/fastq_db/TRUST_Directsputum/TwistV2_Run2_231224/K064728_S19_R1_001.fastq.gz,/n/data1/hms/dbmi/farhat/fastq_db/TRUST_Directsputum/TwistV2_Run2_231224/K064728_S19_R2_001.fastq.gz,S0039-01,S0039-01
14,S0045-01,/n/data1/hms/dbmi/farhat/fastq_db/TRUST_Directsputum/20220509_TwistV1/S0045_01_R1.fastq.gz,/n/data1/hms/dbmi/farhat/fastq_db/TRUST_Directsputum/20220509_TwistV1/S0045_01_R2.fastq.gz,S0045-01,S0045-01
15,S0047-01,/n/data1/hms/dbmi/farhat/fastq_db/TRUST_Directsputum/20220509_TwistV1/S0047_01_R1.fastq.gz,/n/data1/hms/dbmi/farhat/fastq_db/TRUST_Directsputum/20220509_TwistV1/S0047_01_R2.fastq.gz,S0047-01,S0047-01
16,S0049-01,/n/data1/hms/dbmi/farhat/fastq_db/TRUST_Directsputum/20220509_TwistV1/S0049_01_R1.fastq.gz,/n/data1/hms/dbmi/farhat/fastq_db/TRUST_Directsputum/20220509_TwistV1/S0049_01_R2.fastq.gz,S0049-01,S0049-01
17,S0052-01_K064741,/n/data1/hms/dbmi/farhat/fastq_db/TRUST_Directsputum/TwistV2_Run2_231224/K064741_S32_R1_001.fastq.gz,/n/data1/hms/dbmi/farhat/fastq_db/TRUST_Directsputum/TwistV2_Run2_231224/K064741_S32_R2_001.fastq.gz,S0052-01,S0052-01
18,S0055-01,/n/data1/hms/dbmi/farhat/fastq_db/TRUST_Directsputum/20220509_TwistV1/S0055_01_R1.fastq.gz,/n/data1/hms/dbmi/farhat/fastq_db/TRUST_Directsputum/20220509_TwistV1/S0055_01_R2.fastq.gz,S0055-01,S0055-01
19,S0064-01,/n/data1/hms/dbmi/farhat/fastq_db/TRUST_Directsputum/20220509_TwistV1/S0064_01_R1.fastq.gz,/n/data1/hms/dbmi/farhat/fastq_db/TRUST_Directsputum/20220509_TwistV1/S0064_01_R2.fastq.gz,S0064-01,S0064-01
20,S0066-01,/n/data1/hms/dbmi/farhat/fastq_db/TRUST_Directsputum/20220509_TwistV1/S0066_01_R1.fastq.gz,/n/data1/hms/dbmi/farhat/fastq_db/TRUST_Directsputum/20220509_TwistV1/S0066_01_R2.fastq.gz,S0066-01,S0066-01
21,S0069-01_K064744,/n/data1/hms/dbmi/farhat/fastq_db/TRUST_Directsputum/TwistV2_Run2_231224/K064744_S35_R1_001.fastq.gz,/n/data1/hms/dbmi/farhat/fastq_db/TRUST_Directsputum/TwistV2_Run2_231224/K064744_S35_R2_001.fastq.gz,S0069-01,S0069-01
22,S0070-01,/n/data1/hms/dbmi/farhat/fastq_db/TRUST_Directsputum/20220509_TwistV1/S0070_01_R1.fastq.gz,/n/data1/hms/dbmi/farhat/fastq_db/TRUST_Directsputum/20220509_TwistV1/S0070_01_R2.fastq.gz,S0070-01,S0070-01
23,S0077-01,/n/data1/hms/dbmi/farhat/fastq_db/TRUST_Directsputum/20220509_TwistV1/S0077_01_R1.fastq.gz,/n/data1/hms/dbmi/farhat/fastq_db/TRUST_Directsputum/20220509_TwistV1/S0077_01_R2.fastq.gz,S0077-01,S0077-01
24,S0078-01_K064747,/n/data1/hms/dbmi/farhat/fastq_db/TRUST_Directsputum/TwistV2_Run2_231224/K064747_S38_R1_001.fastq.gz,/n/data1/hms/dbmi/farhat/fastq_db/TRUST_Directsputum/TwistV2_Run2_231224/K064747_S38_R2_001.fastq.gz,S0078-01,S0078-01
25,S0079-01,/n/data1/hms/dbmi/farhat/fastq_db/TRUST_Directsputum/20220509_TwistV1/S0079_01_R1.fastq.gz,/n/data1/hms/dbmi/farhat/fastq_db/TRUST_Directsputum/20220509_TwistV1/S0079_01_R2.fastq.gz,S0079-01,S0079-01
26,S0082-01,/n/data1/hms/dbmi/farhat/fastq_db/TRUST_Directsputum/20220509_TwistV1/S0082_01_R1.fastq.gz,/n/data1/hms/dbmi/farhat/fastq_db/TRUST_Directsputum/20220509_TwistV1/S0082_01_R2.fastq.gz,S0082-01,S0082-01
27,S0083-01,/n/data1/hms/dbmi/farhat/fastq_db/TRUST_Directsputum/20220509_TwistV1/S0083_01_R1.fastq.gz,/n/data1/hms/dbmi/farhat/fastq_db/TRUST_Directsputum/20220509_TwistV1/S0083_01_R2.fastq.gz,S0083-01,S0083-01
28,S0085-01,/n/data1/hms/dbmi/farhat/fastq_db/TRUST_Directsputum/20220509_TwistV1/S0085_01_R1.fastq.gz,/n/data1/hms/dbmi/farhat/fastq_db/TRUST_Directsputum/20220509_TwistV1/S0085_01_R2.fastq.gz,S0085-01,S0085-01
29,S0089-01,/n/data1/hms/dbmi/farhat/fastq_db/TRUST_Directsputum/20220509_TwistV1/S0089_01_R1.fastq.gz,/n/data1/hms/dbmi/farhat/fastq_db/TRUST_Directsputum/20220509_TwistV1/S0089_01_R2.fastq.gz,S0089-01,S0089-01
30,S0096-01_K064748,/n/data1/hms/dbmi/farhat/fastq_db/TRUST_Directsputum/TwistV2_Run2_231224/K064748_S39_R1_001.fastq.gz,/n/data1/hms/dbmi/farhat/fastq_db/TRUST_Directsputum/TwistV2_Run2_231224/K064748_S39_R2_001.fastq.gz,S0096-01,S0096-01
31,S0100-01,/n/data1/hms/dbmi/farhat/fastq_db/TRUST_Directsputum/20220509_TwistV1/S0100_01_R1.fastq.gz,/n/data1/hms/dbmi/farhat/fastq_db/TRUST_Directsputum/20220509_TwistV1/S0100_01_R2.fastq.gz,S0100-01,S0100-01
32,S0103-01_K064760,/n/data1/hms/dbmi/farhat/fastq_db/TRUST_Directsputum/TwistV2_Run2_231224/K064760_S51_R1_001.fastq.gz,/n/data1/hms/dbmi/farhat/fastq_db/TRUST_Directsputum/TwistV2_Run2_231224/K064760_S51_R2_001.fastq.gz,S0103-01,S0103-01
33,S0107-01,/n/data1/hms/dbmi/farhat/fastq_db/TRUST_Directsputum/20220509_TwistV1/S0107_01_R1.fastq.gz,/n/data1/hms/dbmi/farhat/fastq_db/TRUST_Directsputum/20220509_TwistV1/S0107_01_R2.fastq.gz,S0107-01,S0107-01
34,S0114-01_K064724,/n/data1/hms/dbmi/farhat/fastq_db/TRUST_Directsputum/TwistV2_Run2_231224/K064724_S15_R1_001.fastq.gz,/n/data1/hms/dbmi/farhat/fastq_db/TRUST_Directsputum/TwistV2_Run2_231224/K064724_S15_R2_001.fastq.gz,S0114-01,S0114-01
35,S0115-01_K064743,/n/data1/hms/dbmi/farhat/fastq_db/TRUST_Directsputum/TwistV2_Run2_231224/K064743_S34_R1_001.fastq.gz,/n/data1/hms/dbmi/farhat/fastq_db/TRUST_Directsputum/TwistV2_Run2_231224/K064743_S34_R2_001.fastq.gz,S0115-01,S0115-01
36,S0120-01_K064761,/n/data1/hms/dbmi/farhat/fastq_db/TRUST_Directsputum/TwistV2_Run2_231224/K064761_S52_R1_001.fastq.gz,/n/data1/hms/dbmi/farhat/fastq_db/TRUST_Directsputum/TwistV2_Run2_231224/K064761_S52_R2_001.fastq.gz,S0120-01,S0120-01
37,S0123-01,/n/data1/hms/dbmi/farhat/fastq_db/TRUST_Directsputum/20220509_TwistV1/S0123_01_R1.fastq.gz,/n/data1/hms/dbmi/farhat/fastq_db/TRUST_Directsputum/20220509_TwistV1/S0123_01_R2.fastq.gz,S0123-01,S0123-01
38,S0130-01,/n/data1/hms/dbmi/farhat/fastq_db/TRUST_Directsputum/20220509_TwistV1/S0130_01_R1.fastq.gz,/n/data1/hms/dbmi/farhat/fastq_db/TRUST_Directsputum/20220509_TwistV1/S0130_01_R2.fastq.gz,S0130-01,S0130-01
39,S0141-01,/n/data1/hms/dbmi/farhat/fastq_db/TRUST_Directsputum/20220509_TwistV1/S0141_01_R1.fastq.gz,/n/data1/hms/dbmi/farhat/fastq_db/TRUST_Directsputum/20220509_TwistV1/S0141_01_R2.fastq.gz,S0141-01,S0141-01
40,S0142-01,/n/data1/hms/dbmi/farhat/fastq_db/TRUST_Directsputum/20220509_TwistV1/S0142_01_R1.fastq.gz,/n/data1/hms/dbmi/farhat/fastq_db/TRUST_Directsputum/20220509_TwistV1/S0142_01_R2.fastq.gz,S0142-01,S0142-01
41,S0143-01,/n/data1/hms/dbmi/farhat/fastq_db/TRUST_Directsputum/20220509_TwistV1/S0143_01_R1.fastq.gz,/n/data1/hms/dbmi/farhat/fastq_db/TRUST_Directsputum/20220509_TwistV1/S0143_01_R2.fastq.gz,S0143-01,S0143-01
42,S0150-01,/n/data1/hms/dbmi/farhat/fastq_db/TRUST_Directsputum/20220509_TwistV1/S0150_01_R1.fastq.gz,/n/data1/hms/dbmi/farhat/fastq_db/TRUST_Directsputum/20220509_TwistV1/S0150_01_R2.fastq.gz,S0150-01,S0150-01
43,S0155-01,/n/data1/hms/dbmi/farhat/fastq_db/TRUST_Directsputum/20220509_TwistV1/S0155_01_R1.fastq.gz,/n/data1/hms/dbmi/farhat/fastq_db/TRUST_Directsputum/20220509_TwistV1/S0155_01_R2.fastq.gz,S0155-01,S0155-01
44,S0157-01,/n/data1/hms/dbmi/farhat/fastq_db/TRUST_Directsputum/20220509_TwistV1/S0157_01_R1.fastq.gz,/n/data1/hms/dbmi/farhat/fastq_db/TRUST_Directsputum/20220509_TwistV1/S0157_01_R2.fastq.gz,S0157-01,S0157-01
45,S0161-01,/n/data1/hms/dbmi/farhat/fastq_db/TRUST_Directsputum/20220509_TwistV1/S0161_01_R1.fastq.gz,/n/data1/hms/dbmi/farhat/fastq_db/TRUST_Directsputum/20220509_TwistV1/S0161_01_R2.fastq.gz,S0161-01,S0161-01
46,S0162-01,/n/data1/hms/dbmi/farhat/fastq_db/TRUST_Directsputum/20220509_TwistV1/S0162_01_R1.fastq.gz,/n/data1/hms/dbmi/farhat/fastq_db/TRUST_Directsputum/20220509_TwistV1/S0162_01_R2.fastq.gz,S0162-01,S0162-01
47,S0165-01,/n/data1/hms/dbmi/farhat/fastq_db/TRUST_Directsputum/20220509_TwistV1/S0165_01_R1.fastq.gz,/n/data1/hms/dbmi/farhat/fastq_db/TRUST_Directsputum/20220509_TwistV1/S0165_01_R2.fastq.gz,S0165-01,S0165-01
48,S0166-01,/n/data1/hms/dbmi/farhat/fastq_db/TRUST_Directsputum/20220509_TwistV1/S0166_01_R1.fastq.gz,/n/data1/hms/dbmi/farhat/fastq_db/TRUST_Directsputum/20220509_TwistV1/S0166_01_R2.fastq.gz,S0166-01,S0166-01
49,S0170-01,/n/data1/hms/dbmi/farhat/fastq_db/TRUST_Directsputum/20220509_TwistV1/S0170_01_R1.fastq.gz,/n/data1/hms/dbmi/farhat/fastq_db/TRUST_Directsputum/20220509_TwistV1/S0170_01_R2.fastq.gz,S0170-01,S0170-01
50,S0171-01,/n/data1/hms/dbmi/farhat/fastq_db/TRUST_Directsputum/20220509_TwistV1/S0171_01_R1.fastq.gz,/n/data1/hms/dbmi/farhat/fastq_db/TRUST_Directsputum/20220509_TwistV1/S0171_01_R2.fastq.gz,S0171-01,S0171-01
51,S0173-01,/n/data1/hms/dbmi/farhat/fastq_db/TRUST_Directsputum/20220509_TwistV1/S0173_01_R1.fastq.gz,/n/data1/hms/dbmi/farhat/fastq_db/TRUST_Directsputum/20220509_TwistV1/S0173_01_R2.fastq.gz,S0173-01,S0173-01
52,S0176-01,/n/data1/hms/dbmi/farhat/fastq_db/TRUST_Directsputum/20220509_TwistV1/S0176_01_R1.fastq.gz,/n/data1/hms/dbmi/farhat/fastq_db/TRUST_Directsputum/20220509_TwistV1/S0176_01_R2.fastq.gz,S0176-01,S0176-01
53,S0179-01,/n/data1/hms/dbmi/farhat/fastq_db/TRUST_Directsputum/20220509_TwistV1/S0179_01_R1.fastq.gz,/n/data1/hms/dbmi/farhat/fastq_db/TRUST_Directsputum/20220509_TwistV1/S0179_01_R2.fastq.gz,S0179-01,S0179-01
54,S0180-01,/n/data1/hms/dbmi/farhat/fastq_db/TRUST_Directsputum/20220509_TwistV1/S0180_01_R1.fastq.gz,/n/data1/hms/dbmi/farhat/fastq_db/TRUST_Directsputum/20220509_TwistV1/S0180_01_R2.fastq.gz,S0180-01,S0180-01
55,S0181-01,/n/data1/hms/dbmi/farhat/fastq_db/TRUST_Directsputum/20220509_TwistV1/S0181_01_R1.fastq.gz,/n/data1/hms/dbmi/farhat/fastq_db/TRUST_Directsputum/20220509_TwistV1/S0181_01_R2.fastq.gz,S0181-01,S0181-01
56,S0184-01,/n/data1/hms/dbmi/farhat/fastq_db/TRUST_Directsputum/20220509_TwistV1/S0184_01_R1.fastq.gz,/n/data1/hms/dbmi/farhat/fastq_db/TRUST_Directsputum/20220509_TwistV1/S0184_01_R2.fastq.gz,S0184-01,S0184-01
57,S0185-01,/n/data1/hms/dbmi/farhat/fastq_db/TRUST_Directsputum/20220509_TwistV1/S0185_01_R1.fastq.gz,/n/data1/hms/dbmi/farhat/fastq_db/TRUST_Directsputum/20220509_TwistV1/S0185_01_R2.fastq.gz,S0185-01,S0185-01
58,S0186-01,/n/data1/hms/dbmi/farhat/fastq_db/TRUST_Directsputum/20220509_TwistV1/S0186_01_R1.fastq.gz,/n/data1/hms/dbmi/farhat/fastq_db/TRUST_Directsputum/20220509_TwistV1/S0186_01_R2.fastq.gz,S0186-01,S0186-01
59,S0188-01,/n/data1/hms/dbmi/farhat/fastq_db/TRUST_Directsputum/20220509_TwistV1/S0188_01_R1.fastq.gz,/n/data1/hms/dbmi/farhat/fastq_db/TRUST_Directsputum/20220509_TwistV1/S0188_01_R2.fastq.gz,S0188-01,S0188-01
60,S0189-01,/n/data1/hms/dbmi/farhat/fastq_db/TRUST_Directsputum/20220509_TwistV1/S0189_01_R1.fastq.gz,/n/data1/hms/dbmi/farhat/fastq_db/TRUST_Directsputum/20220509_TwistV1/S0189_01_R2.fastq.gz,S0189-01,S0189-01
61,S0190-01,/n/data1/hms/dbmi/farhat/fastq_db/TRUST_Directsputum/20220509_TwistV1/S0190_01_R1.fastq.gz,/n/data1/hms/dbmi/farhat/fastq_db/TRUST_Directsputum/20220509_TwistV1/S0190_01_R2.fastq.gz,S0190-01,S0190-01
62,S0191-01_K064762,/n/data1/hms/dbmi/farhat/fastq_db/TRUST_Directsputum/TwistV2_Run2_231224/K064762_S53_R1_001.fastq.gz,/n/data1/hms/dbmi/farhat/fastq_db/TRUST_Directsputum/TwistV2_Run2_231224/K064762_S53_R2_001.fastq.gz,S0191-01,S0191-01
63,S0192-01,/n/data1/hms/dbmi/farhat/fastq_db/TRUST_Directsputum/20220509_TwistV1/S0192_01_R1.fastq.gz,/n/data1/hms/dbmi/farhat/fastq_db/TRUST_Directsputum/20220509_TwistV1/S0192_01_R2.fastq.gz,S0192-01,S0192-01
64,S0194-01_K064750,/n/data1/hms/dbmi/farhat/fastq_db/TRUST_Directsputum/TwistV2_Run2_231224/K064750_S41_R1_001.fastq.gz,/n/data1/hms/dbmi/farhat/fastq_db/TRUST_Directsputum/TwistV2_Run2_231224/K064750_S41_R2_001.fastq.gz,S0194-01,S0194-01
65,S0196-01,/n/data1/hms/dbmi/farhat/fastq_db/TRUST_Directsputum/20220509_TwistV1/S0196_01_R1.fastq.gz,/n/data1/hms/dbmi/farhat/fastq_db/TRUST_Directsputum/20220509_TwistV1/S0196_01_R2.fastq.gz,S0196-01,S0196-01
66,S0201-01,/n/data1/hms/dbmi/farhat/fastq_db/TRUST_Directsputum/20220509_TwistV1/S0201_01_R1.fastq.gz,/n/data1/hms/dbmi/farhat/fastq_db/TRUST_Directsputum/20220509_TwistV1/S0201_01_R2.fastq.gz,S0201-01,S0201-01
67,S0202-01,/n/data1/hms/dbmi/farhat/fastq_db/TRUST_Directsputum/20220509_TwistV1/S0202_01_R1.fastq.gz,/n/data1/hms/dbmi/farhat/fastq_db/TRUST_Directsputum/20220509_TwistV1/S0202_01_R2.fastq.gz,S0202-01,S0202-01
68,S0209-01,/n/data1/hms/dbmi/farhat/fastq_db/TRUST_Directsputum/20220509_TwistV1/S0209_01_R1.fastq.gz,/n/data1/hms/dbmi/farhat/fastq_db/TRUST_Directsputum/20220509_TwistV1/S0209_01_R2.fastq.gz,S0209-01,S0209-01
69,S0210-01_K064763,/n/data1/hms/dbmi/farhat/fastq_db/TRUST_Directsputum/TwistV2_Run2_231224/K064763_S54_R1_001.fastq.gz,/n/data1/hms/dbmi/farhat/fastq_db/TRUST_Directsputum/TwistV2_Run2_231224/K064763_S54_R2_001.fastq.gz,S0210-01,S0210-01
70,S0211-01,/n/data1/hms/dbmi/farhat/fastq_db/TRUST_Directsputum/20220509_TwistV1/S0211_01_R1.fastq.gz,/n/data1/hms/dbmi/farhat/fastq_db/TRUST_Directsputum/20220509_TwistV1/S0211_01_R2.fastq.gz,S0211-01,S0211-01
71,S0212-01,/n/data1/hms/dbmi/farhat/fastq_db/TRUST_Directsputum/20220509_TwistV1/S0212_01_R1.fastq.gz,/n/data1/hms/dbmi/farhat/fastq_db/TRUST_Directsputum/20220509_TwistV1/S0212_01_R2.fastq.gz,S0212-01,S0212-01
72,S0214-01,/n/data1/hms/dbmi/farhat/fastq_db/TRUST_Directsputum/20220509_TwistV1/S0214_01_R1.fastq.gz,/n/data1/hms/dbmi/farhat/fastq_db/TRUST_Directsputum/20220509_TwistV1/S0214_01_R2.fastq.gz,S0214-01,S0214-01
73,S0218-01,/n/data1/hms/dbmi/farhat/fastq_db/TRUST_Directsputum/20220509_TwistV1/S0218_01_R1.fastq.gz,/n/data1/hms/dbmi/farhat/fastq_db/TRUST_Directsputum/20220509_TwistV1/S0218_01_R2.fastq.gz,S0218-01,S0218-01
74,S0219-01,/n/data1/hms/dbmi/farhat/fastq_db/TRUST_Directsputum/20220509_TwistV1/S0219_01_R1.fastq.gz,/n/data1/hms/dbmi/farhat/fastq_db/TRUST_Directsputum/20220509_TwistV1/S0219_01_R2.fastq.gz,S0219-01,S0219-01
75,S0220-01,/n/data1/hms/dbmi/farhat/fastq_db/TRUST_Directsputum/20220509_TwistV1/S0220_01_R1.fastq.gz,/n/data1/hms/dbmi/farhat/fastq_db/TRUST_Directsputum/20220509_TwistV1/S0220_01_R2.fastq.gz,S0220-01,S0220-01
76,S0222-01,/n/data1/hms/dbmi/farhat/fastq_db/TRUST_Directsputum/20220509_TwistV1/S0222_01_R1.fastq.gz,/n/data1/hms/dbmi/farhat/fastq_db/TRUST_Directsputum/20220509_TwistV1/S0222_01_R2.fastq.gz,S0222-01,S0222-01
77,S0223-01,/n/data1/hms/dbmi/farhat/fastq_db/TRUST_Directsputum/20220509_TwistV1/S0223_01_R1.fastq.gz,/n/data1/hms/dbmi/farhat/fastq_db/TRUST_Directsputum/20220509_TwistV1/S0223_01_R2.fastq.gz,S0223-01,S0223-01
78,S0224-01,/n/data1/hms/dbmi/farhat/fastq_db/TRUST_Directsputum/20220509_TwistV1/S0224_01_R1.fastq.gz,/n/data1/hms/dbmi/farhat/fastq_db/TRUST_Directsputum/20220509_TwistV1/S0224_01_R2.fastq.gz,S0224-01,S0224-01
79,S0225-01,/n/data1/hms/dbmi/farhat/fastq_db/TRUST_Directsputum/20220509_TwistV1/S0225_01_R1.fastq.gz,/n/data1/hms/dbmi/farhat/fastq_db/TRUST_Directsputum/20220509_TwistV1/S0225_01_R2.fastq.gz,S0225-01,S0225-01
80,S0227-01,/n/data1/hms/dbmi/farhat/fastq_db/TRUST_Directsputum/20220509_TwistV1/S0227_01_R1.fastq.gz,/n/data1/hms/dbmi/farhat/fastq_db/TRUST_Directsputum/20220509_TwistV1/S0227_01_R2.fastq.gz,S0227-01,S0227-01
81,S0229-01,/n/data1/hms/dbmi/farhat/fastq_db/TRUST_Directsputum/20220509_TwistV1/S0229_01_R1.fastq.gz,/n/data1/hms/dbmi/farhat/fastq_db/TRUST_Directsputum/20220509_TwistV1/S0229_01_R2.fastq.gz,S0229-01,S0229-01
82,S0230-01,/n/data1/hms/dbmi/farhat/fastq_db/TRUST_Directsputum/20220509_TwistV1/S0230_01_R1.fastq.gz,/n/data1/hms/dbmi/farhat/fastq_db/TRUST_Directsputum/20220509_TwistV1/S0230_01_R2.fastq.gz,S0230-01,S0230-01
83,S0239-01,/n/data1/hms/dbmi/farhat/fastq_db/TRUST_Directsputum/20220509_TwistV1/S0239_01_R1.fastq.gz,/n/data1/hms/dbmi/farhat/fastq_db/TRUST_Directsputum/20220509_TwistV1/S0239_01_R2.fastq.gz,S0239-01,S0239-01
84,S0242-01,/n/data1/hms/dbmi/farhat/fastq_db/TRUST_Directsputum/20220509_TwistV1/S0242_01_R1.fastq.gz,/n/data1/hms/dbmi/farhat/fastq_db/TRUST_Directsputum/20220509_TwistV1/S0242_01_R2.fastq.gz,S0242-01,S0242-01
85,S0245-01,/n/data1/hms/dbmi/farhat/fastq_db/TRUST_Directsputum/20220509_TwistV1/S0245_01_R1.fastq.gz,/n/data1/hms/dbmi/farhat/fastq_db/TRUST_Directsputum/20220509_TwistV1/S0245_01_R2.fastq.gz,S0245-01,S0245-01
86,S0246-01,/n/data1/hms/dbmi/farhat/fastq_db/TRUST_Directsputum/20220509_TwistV1/S0246_01_R1.fastq.gz,/n/data1/hms/dbmi/farhat/fastq_db/TRUST_Directsputum/20220509_TwistV1/S0246_01_R2.fastq.gz,S0246-01,S0246-01
87,S0247-01,/n/data1/hms/dbmi/farhat/fastq_db/TRUST_Directsputum/20220509_TwistV1/S0247_01_R1.fastq.gz,/n/data1/hms/dbmi/farhat/fastq_db/TRUST_Directsputum/20220509_TwistV1/S0247_01_R2.fastq.gz,S0247-01,S0247-01
88,S0248-01,/n/data1/hms/dbmi/farhat/fastq_db/TRUST_Directsputum/20220509_TwistV1/S0248_01_R1.fastq.gz,/n/data1/hms/dbmi/farhat/fastq_db/TRUST_Directsputum/20220509_TwistV1/S0248_01_R2.fastq.gz,S0248-01,S0248-01
89,S0249-01,/n/data1/hms/dbmi/farhat/fastq_db/TRUST_Directsputum/20220509_TwistV1/S0249_01_R1.fastq.gz,/n/data1/hms/dbmi/farhat/fastq_db/TRUST_Directsputum/20220509_TwistV1/S0249_01_R2.fastq.gz,S0249-01,S0249-01
90,S0250-01,/n/data1/hms/dbmi/farhat/fastq_db/TRUST_Directsputum/20220509_TwistV1/S0250_01_R1.fastq.gz,/n/data1/hms/dbmi/farhat/fastq_db/TRUST_Directsputum/20220509_TwistV1/S0250_01_R2.fastq.gz,S0250-01,S0250-01
91,S0251-01,/n/data1/hms/dbmi/farhat/fastq_db/TRUST_Directsputum/20220509_TwistV1/S0251_01_R1.fastq.gz,/n/data1/hms/dbmi/farhat/fastq_db/TRUST_Directsputum/20220509_TwistV1/S0251_01_R2.fastq.gz,S0251-01,S0251-01
92,S0252-01,/n/data1/hms/dbmi/farhat/fastq_db/TRUST_Directsputum/20220509_TwistV1/S0252_01_R1.fastq.gz,/n/data1/hms/dbmi/farhat/fastq_db/TRUST_Directsputum/20220509_TwistV1/S0252_01_R2.fastq.gz,S0252-01,S0252-01
93,S0254-01,/n/data1/hms/dbmi/farhat/fastq_db/TRUST_Directsputum/20220509_TwistV1/S0254_01_R1.fastq.gz,/n/data1/hms/dbmi/farhat/fastq_db/TRUST_Directsputum/20220509_TwistV1/S0254_01_R2.fastq.gz,S0254-01,S0254-01
94,S0255-01,/n/data1/hms/dbmi/farhat/fastq_db/TRUST_Directsputum/20220509_TwistV1/S0255_01_R1.fastq.gz,/n/data1/hms/dbmi/farhat/fastq_db/TRUST_Directsputum/20220509_TwistV1/S0255_01_R2.fastq.gz,S0255-01,S0255-01
95,S0256-01,/n/data1/hms/dbmi/farhat/fastq_db/TRUST_Directsputum/20220509_TwistV1/S0256_01_R1.fastq.gz,/n/data1/hms/dbmi/farhat/fastq_db/TRUST_Directsputum/20220509_TwistV1/S0256_01_R2.fastq.gz,S0256-01,S0256-01
96,S0256-08,/n/data1/hms/dbmi/farhat/fastq_db/TRUST_Directsputum/20240819_TwistV2/S0256-08_S29_R1_001.fastq.gz,/n/data1/hms/dbmi/farhat/fastq_db/TRUST_Directsputum/20240819_TwistV2/S0256-08_S29_R2_001.fastq.gz,S0256-08,S0256-08
97,S0257-01,/n/data1/hms/dbmi/farhat/fastq_db/TRUST_Directsputum/20220509_TwistV1/S0257_01_R1.fastq.gz,/n/data1/hms/dbmi/farhat/fastq_db/TRUST_Directsputum/20220509_TwistV1/S0257_01_R2.fastq.gz,S0257-01,S0257-01
98,S0257-07,/n/data1/hms/dbmi/farhat/fastq_db/TRUST_Directsputum/20240819_TwistV2/S0257-07_S56_R1_001.fastq.gz,/n/data1/hms/dbmi/farhat/fastq_db/TRUST_Directsputum/20240819_TwistV2/S0257-07_S56_R2_001.fastq.gz,S0257-07,S0257-07
99,S0258-01,/n/data1/hms/dbmi/farhat/fastq_db/TRUST_Directsputum/20220509_TwistV1/S0258_01_R1.fastq.gz,/n/data1/hms/dbmi/farhat/fastq_db/TRUST_Directsputum/20220509_TwistV1/S0258_01_R2.fastq.gz,S0258-01,S0258-01
100,S0259-01,/n/data1/hms/dbmi/farhat/fastq_db/TRUST_Directsputum/20220509_TwistV1/S0259_01_R1.fastq.gz,/n/data1/hms/dbmi/farhat/fastq_db/TRUST_Directsputum/20220509_TwistV1/S0259_01_R2.fastq.gz,S0259-01,S0259-01
101,S0261-01,/n/data1/hms/dbmi/farhat/fastq_db/TRUST_Directsputum/20220509_TwistV1/S0261_01_R1.fastq.gz,/n/data1/hms/dbmi/farhat/fastq_db/TRUST_Directsputum/20220509_TwistV1/S0261_01_R2.fastq.gz,S0261-01,S0261-01
102,S0262-01,/n/data1/hms/dbmi/farhat/fastq_db/TRUST_Directsputum/20220509_TwistV1/S0262_01_R1.fastq.gz,/n/data1/hms/dbmi/farhat/fastq_db/TRUST_Directsputum/20220509_TwistV1/S0262_01_R2.fastq.gz,S0262-01,S0262-01
103,S0265-01,/n/data1/hms/dbmi/farhat/fastq_db/TRUST_Directsputum/20220509_TwistV1/S0265_01_R1.fastq.gz,/n/data1/hms/dbmi/farhat/fastq_db/TRUST_Directsputum/20220509_TwistV1/S0265_01_R2.fastq.gz,S0265-01,S0265-01
104,S0267-01_K064754,/n/data1/hms/dbmi/farhat/fastq_db/TRUST_Directsputum/TwistV2_Run2_231224/K064754_S45_R1_001.fastq.gz,/n/data1/hms/dbmi/farhat/fastq_db/TRUST_Directsputum/TwistV2_Run2_231224/K064754_S45_R2_001.fastq.gz,S0267-01,S0267-01
105,S0269-01,/n/data1/hms/dbmi/farhat/fastq_db/TRUST_Directsputum/20220509_TwistV1/S0269_01_R1.fastq.gz,/n/data1/hms/dbmi/farhat/fastq_db/TRUST_Directsputum/20220509_TwistV1/S0269_01_R2.fastq.gz,S0269-01,S0269-01
106,S0269-04,/n/data1/hms/dbmi/farhat/fastq_db/TRUST_Directsputum/20240819_TwistV2/S0269-04_S37_R1_001.fastq.gz,/n/data1/hms/dbmi/farhat/fastq_db/TRUST_Directsputum/20240819_TwistV2/S0269-04_S37_R2_001.fastq.gz,S0269-04,S0269-04
107,S0270-01,/n/data1/hms/dbmi/farhat/fastq_db/TRUST_Directsputum/20220509_TwistV1/S0270_01_R1.fastq.gz,/n/data1/hms/dbmi/farhat/fastq_db/TRUST_Directsputum/20220509_TwistV1/S0270_01_R2.fastq.gz,S0270-01,S0270-01
108,S0272-01,/n/data1/hms/dbmi/farhat/fastq_db/TRUST_Directsputum/20240819_TwistV2/S0272-01_S43_R1_001.fastq.gz,/n/data1/hms/dbmi/farhat/fastq_db/TRUST_Directsputum/20240819_TwistV2/S0272-01_S43_R2_001.fastq.gz,S0272-01,S0272-01
109,S0272-09,/n/data1/hms/dbmi/farhat/fastq_db/TRUST_Directsputum/20240819_TwistV2/S0272-09_S20_R1_001.fastq.gz,/n/data1/hms/dbmi/farhat/fastq_db/TRUST_Directsputum/20240819_TwistV2/S0272-09_S20_R2_001.fastq.gz,S0272-09,S0272-09
110,S0273-01,/n/data1/hms/dbmi/farhat/fastq_db/TRUST_Directsputum/20240819_TwistV2/S0273-01_S36_R1_001.fastq.gz,/n/data1/hms/dbmi/farhat/fastq_db/TRUST_Directsputum/20240819_TwistV2/S0273-01_S36_R2_001.fastq.gz,S0273-01,S0273-01
111,S0273-05,/n/data1/hms/dbmi/farhat/fastq_db/TRUST_Directsputum/20240819_TwistV2/S0273-05_S39_R1_001.fastq.gz,/n/data1/hms/dbmi/farhat/fastq_db/TRUST_Directsputum/20240819_TwistV2/S0273-05_S39_R2_001.fastq.gz,S0273-05,S0273-05
112,S0274-01,/n/data1/hms/dbmi/farhat/fastq_db/TRUST_Directsputum/20240819_TwistV2/S0274-01_S49_R1_001.fastq.gz,/n/data1/hms/dbmi/farhat/fastq_db/TRUST_Directsputum/20240819_TwistV2/S0274-01_S49_R2_001.fastq.gz,S0274-01,S0274-01
113,S0274-08,/n/data1/hms/dbmi/farhat/fastq_db/TRUST_Directsputum/20240819_TwistV2/S0274-08_S33_R1_001.fastq.gz,/n/data1/hms/dbmi/farhat/fastq_db/TRUST_Directsputum/20240819_TwistV2/S0274-08_S33_R2_001.fastq.gz,S0274-08,S0274-08
114,S0276-01,/n/data1/hms/dbmi/farhat/fastq_db/TRUST_Directsputum/20240819_TwistV2/S0276-01_S50_R1_001.fastq.gz,/n/data1/hms/dbmi/farhat/fastq_db/TRUST_Directsputum/20240819_TwistV2/S0276-01_S50_R2_001.fastq.gz,S0276-01,S0276-01
115,S0276-07,/n/data1/hms/dbmi/farhat/fastq_db/TRUST_Directsputum/20240819_TwistV2/S0276-07_S17_R1_001.fastq.gz,/n/data1/hms/dbmi/farhat/fastq_db/TRUST_Directsputum/20240819_TwistV2/S0276-07_S17_R2_001.fastq.gz,S0276-07,S0276-07
116,S0278-01,/n/data1/hms/dbmi/farhat/fastq_db/TRUST_Directsputum/20240819_TwistV2/S0278-01_S30_R1_001.fastq.gz,/n/data1/hms/dbmi/farhat/fastq_db/TRUST_Directsputum/20240819_TwistV2/S0278-01_S30_R2_001.fastq.gz,S0278-01,S0278-01
117,S0278-06,/n/data1/hms/dbmi/farhat/fastq_db/TRUST_Directsputum/20240819_TwistV2/S0278-06_S51_R1_001.fastq.gz,/n/data1/hms/dbmi/farhat/fastq_db/TRUST_Directsputum/20240819_TwistV2/S0278-06_S51_R2_001.fastq.gz,S0278-06,S0278-06
118,S0279-01,/n/data1/hms/dbmi/farhat/fastq_db/TRUST_Directsputum/20240819_TwistV2/S0279-01_S57_R1_001.fastq.gz,/n/data1/hms/dbmi/farhat/fastq_db/TRUST_Directsputum/20240819_TwistV2/S0279-01_S57_R2_001.fastq.gz,S0279-01,S0279-01
119,S0279-01_K064745,/n/data1/hms/dbmi/farhat/fastq_db/TRUST_Directsputum/TwistV2_Run2_231224/K064745_S36_R1_001.fastq.gz,/n/data1/hms/dbmi/farhat/fastq_db/TRUST_Directsputum/TwistV2_Run2_231224/K064745_S36_R2_001.fastq.gz,S0279-01,S0279-01_K064745
120,S0279-06,/n/data1/hms/dbmi/farhat/fastq_db/TRUST_Directsputum/20240819_TwistV2/S0279-06_S53_R1_001.fastq.gz,/n/data1/hms/dbmi/farhat/fastq_db/TRUST_Directsputum/20240819_TwistV2/S0279-06_S53_R2_001.fastq.gz,S0279-06,S0279-06
121,S0279-06_K064731,/n/data1/hms/dbmi/farhat/fastq_db/TRUST_Directsputum/TwistV2_Run2_231224/K064731_S22_R1_001.fastq.gz,/n/data1/hms/dbmi/farhat/fastq_db/TRUST_Directsputum/TwistV2_Run2_231224/K064731_S22_R2_001.fastq.gz,S0279-06,S0279-06_K064731
122,S0280-01,/n/data1/hms/dbmi/farhat/fastq_db/TRUST_Directsputum/20240819_TwistV2/S0280-01_S60_R1_001.fastq.gz,/n/data1/hms/dbmi/farhat/fastq_db/TRUST_Directsputum/20240819_TwistV2/S0280-01_S60_R2_001.fastq.gz,S0280-01,S0280-01
123,S0280-06,/n/data1/hms/dbmi/farhat/fastq_db/TRUST_Directsputum/20240819_TwistV2/S0280-06_S42_R1_001.fastq.gz,/n/data1/hms/dbmi/farhat/fastq_db/TRUST_Directsputum/20240819_TwistV2/S0280-06_S42_R2_001.fastq.gz,S0280-06,S0280-06
124,S0281-01_K064753,/n/data1/hms/dbmi/farhat/fastq_db/TRUST_Directsputum/TwistV2_Run2_231224/K064753_S44_R1_001.fastq.gz,/n/data1/hms/dbmi/farhat/fastq_db/TRUST_Directsputum/TwistV2_Run2_231224/K064753_S44_R2_001.fastq.gz,S0281-01,S0281-01
125,S0283-01_K064746,/n/data1/hms/dbmi/farhat/fastq_db/TRUST_Directsputum/TwistV2_Run2_231224/K064746_S37_R1_001.fastq.gz,/n/data1/hms/dbmi/farhat/fastq_db/TRUST_Directsputum/TwistV2_Run2_231224/K064746_S37_R2_001.fastq.gz,S0283-01,S0283-01
126,S0284-07,/n/data1/hms/dbmi/farhat/fastq_db/TRUST_Directsputum/20240819_TwistV2/S0284-07_S24_R1_001.fastq.gz,/n/data1/hms/dbmi/farhat/fastq_db/TRUST_Directsputum/20240819_TwistV2/S0284-07_S24_R2_001.fastq.gz,S0284-07,S0284-07
127,S0288-01_K064764,/n/data1/hms/dbmi/farhat/fastq_db/TRUST_Directsputum/TwistV2_Run2_231224/K064764_S55_R1_001.fastq.gz,/n/data1/hms/dbmi/farhat/fastq_db/TRUST_Directsputum/TwistV2_Run2_231224/K064764_S55_R2_001.fastq.gz,S0288-01,S0288-01
128,S0290-01_K064765,/n/data1/hms/dbmi/farhat/fastq_db/TRUST_Directsputum/TwistV2_Run2_231224/K064765_S56_R1_001.fastq.gz,/n/data1/hms/dbmi/farhat/fastq_db/TRUST_Directsputum/TwistV2_Run2_231224/K064765_S56_R2_001.fastq.gz,S0290-01,S0290-01
129,S0291-01,/n/data1/hms/dbmi/farhat/fastq_db/TRUST_Directsputum/20240819_TwistV2/S0291-01_S40_R1_001.fastq.gz,/n/data1/hms/dbmi/farhat/fastq_db/TRUST_Directsputum/20240819_TwistV2/S0291-01_S40_R2_001.fastq.gz,S0291-01,S0291-01
130,S0291-09,/n/data1/hms/dbmi/farhat/fastq_db/TRUST_Directsputum/20240819_TwistV2/S0291-09_S46_R1_001.fastq.gz,/n/data1/hms/dbmi/farhat/fastq_db/TRUST_Directsputum/20240819_TwistV2/S0291-09_S46_R2_001.fastq.gz,S0291-09,S0291-09
131,S0294-01,/n/data1/hms/dbmi/farhat/fastq_db/TRUST_Directsputum/20240819_TwistV2/S0294-01_S35_R1_001.fastq.gz,/n/data1/hms/dbmi/farhat/fastq_db/TRUST_Directsputum/20240819_TwistV2/S0294-01_S35_R2_001.fastq.gz,S0294-01,S0294-01
132,S0298-01,/n/data1/hms/dbmi/farhat/fastq_db/TRUST_Directsputum/20240819_TwistV2/S0298-01_S27_R1_001.fastq.gz,/n/data1/hms/dbmi/farhat/fastq_db/TRUST_Directsputum/20240819_TwistV2/S0298-01_S27_R2_001.fastq.gz,S0298-01,S0298-01
133,S0301-01,/n/data1/hms/dbmi/farhat/fastq_db/TRUST_Directsputum/20240819_TwistV2/S0301-01_S38_R1_001.fastq.gz,/n/data1/hms/dbmi/farhat/fastq_db/TRUST_Directsputum/20240819_TwistV2/S0301-01_S38_R2_001.fastq.gz,S0301-01,S0301-01
134,S0305-01,/n/data1/hms/dbmi/farhat/fastq_db/TRUST_Directsputum/20240819_TwistV2/S0305-01_S41_R1_001.fastq.gz,/n/data1/hms/dbmi/farhat/fastq_db/TRUST_Directsputum/20240819_TwistV2/S0305-01_S41_R2_001.fastq.gz,S0305-01,S0305-01
135,S0307-01,/n/data1/hms/dbmi/farhat/fastq_db/TRUST_Directsputum/20240819_TwistV2/S0307-01_S25_R1_001.fastq.gz,/n/data1/hms/dbmi/farhat/fastq_db/TRUST_Directsputum/20240819_TwistV2/S0307-01_S25_R2_001.fastq.gz,S0307-01,S0307-01
136,S0310-01_K064755,/n/data1/hms/dbmi/farhat/fastq_db/TRUST_Directsputum/TwistV2_Run2_231224/K064755_S46_R1_001.fastq.gz,/n/data1/hms/dbmi/farhat/fastq_db/TRUST_Directsputum/TwistV2_Run2_231224/K064755_S46_R2_001.fastq.gz,S0310-01,S0310-01
137,S0314-01,/n/data1/hms/dbmi/farhat/fastq_db/TRUST_Directsputum/20240819_TwistV2/S0314-01_S61_R1_001.fastq.gz,/n/data1/hms/dbmi/farhat/fastq_db/TRUST_Directsputum/20240819_TwistV2/S0314-01_S61_R2_001.fastq.gz,S0314-01,S0314-01
138,S0314-01B_K064738,/n/data1/hms/dbmi/farhat/fastq_db/TRUST_Directsputum/TwistV2_Run2_231224/K064738_S29_R1_001.fastq.gz,/n/data1/hms/dbmi/farhat/fastq_db/TRUST_Directsputum/TwistV2_Run2_231224/K064738_S29_R2_001.fastq.gz,S0314-01B,S0314-01B
139,S0314-m5_K064722,/n/data1/hms/dbmi/farhat/fastq_db/TRUST_Directsputum/TwistV2_Run2_231224/K064722_S13_R1_001.fastq.gz,/n/data1/hms/dbmi/farhat/fastq_db/TRUST_Directsputum/TwistV2_Run2_231224/K064722_S13_R2_001.fastq.gz,S0314-m5,S0314-m5
140,S0317-01,/n/data1/hms/dbmi/farhat/fastq_db/TRUST_Directsputum/20240819_TwistV2/S0317-01_S54_R1_001.fastq.gz,/n/data1/hms/dbmi/farhat/fastq_db/TRUST_Directsputum/20240819_TwistV2/S0317-01_S54_R2_001.fastq.gz,S0317-01,S0317-01
141,S0317-01B_K064727,/n/data1/hms/dbmi/farhat/fastq_db/TRUST_Directsputum/TwistV2_Run2_231224/K064727_S18_R1_001.fastq.gz,/n/data1/hms/dbmi/farhat/fastq_db/TRUST_Directsputum/TwistV2_Run2_231224/K064727_S18_R2_001.fastq.gz,S0317-01B,S0317-01B
142,S0322-01,/n/data1/hms/dbmi/farhat/fastq_db/TRUST_Directsputum/20240819_TwistV2/S0322-01_S63_R1_001.fastq.gz,/n/data1/hms/dbmi/farhat/fastq_db/TRUST_Directsputum/20240819_TwistV2/S0322-01_S63_R2_001.fastq.gz,S0322-01,S0322-01
143,S0322-01B_K064740,/n/data1/hms/dbmi/farhat/fastq_db/TRUST_Directsputum/TwistV2_Run2_231224/K064740_S31_R1_001.fastq.gz,/n/data1/hms/dbmi/farhat/fastq_db/TRUST_Directsputum/TwistV2_Run2_231224/K064740_S31_R2_001.fastq.gz,S0322-01B,S0322-01B
144,S0324-01,/n/data1/hms/dbmi/farhat/fastq_db/TRUST_Directsputum/20240819_TwistV2/S0324-01_S31_R1_001.fastq.gz,/n/data1/hms/dbmi/farhat/fastq_db/TRUST_Directsputum/20240819_TwistV2/S0324-01_S31_R2_001.fastq.gz,S0324-01,S0324-01
145,S0325-01,/n/data1/hms/dbmi/farhat/fastq_db/TRUST_Directsputum/20240819_TwistV2/S0325-01_S47_R1_001.fastq.gz,/n/data1/hms/dbmi/farhat/fastq_db/TRUST_Directsputum/20240819_TwistV2/S0325-01_S47_R2_001.fastq.gz,S0325-01,S0325-01
146,S0326-01,/n/data1/hms/dbmi/farhat/fastq_db/TRUST_Directsputum/20240819_TwistV2/S0326-01_S44_R1_001.fastq.gz,/n/data1/hms/dbmi/farhat/fastq_db/TRUST_Directsputum/20240819_TwistV2/S0326-01_S44_R2_001.fastq.gz,S0326-01,S0326-01
147,S0326-01B_K064713,/n/data1/hms/dbmi/farhat/fastq_db/TRUST_Directsputum/TwistV2_Run2_231224/K064713_S4_R1_001.fastq.gz,/n/data1/hms/dbmi/farhat/fastq_db/TRUST_Directsputum/TwistV2_Run2_231224/K064713_S4_R2_001.fastq.gz,S0326-01B,S0326-01B
148,S0329-01,/n/data1/hms/dbmi/farhat/fastq_db/TRUST_Directsputum/20240819_TwistV2/S0329-01_S52_R1_001.fastq.gz,/n/data1/hms/dbmi/farhat/fastq_db/TRUST_Directsputum/20240819_TwistV2/S0329-01_S52_R2_001.fastq.gz,S0329-01,S0329-01
149,S0330-01_K064751,/n/data1/hms/dbmi/farhat/fastq_db/TRUST_Directsputum/TwistV2_Run2_231224/K064751_S42_R1_001.fastq.gz,/n/data1/hms/dbmi/farhat/fastq_db/TRUST_Directsputum/TwistV2_Run2_231224/K064751_S42_R2_001.fastq.gz,S0330-01,S0330-01
150,S0331-01,/n/data1/hms/dbmi/farhat/fastq_db/TRUST_Directsputum/20240819_TwistV2/S0331-01_S13_R1_001.fastq.gz,/n/data1/hms/dbmi/farhat/fastq_db/TRUST_Directsputum/20240819_TwistV2/S0331-01_S13_R2_001.fastq.gz,S0331-01,S0331-01
151,S0331-01B_K064712,/n/data1/hms/dbmi/farhat/fastq_db/TRUST_Directsputum/TwistV2_Run2_231224/K064712_S3_R1_001.fastq.gz,/n/data1/hms/dbmi/farhat/fastq_db/TRUST_Directsputum/TwistV2_Run2_231224/K064712_S3_R2_001.fastq.gz,S0331-01B,S0331-01B
152,S0331-01_K064729,/n/data1/hms/dbmi/farhat/fastq_db/TRUST_Directsputum/TwistV2_Run2_231224/K064729_S20_R1_001.fastq.gz,/n/data1/hms/dbmi/farhat/fastq_db/TRUST_Directsputum/TwistV2_Run2_231224/K064729_S20_R2_001.fastq.gz,S0331-01,S0331-01_K064729
153,S0334-01,/n/data1/hms/dbmi/farhat/fastq_db/TRUST_Directsputum/20240819_TwistV2/S0334-01_S22_R1_001.fastq.gz,/n/data1/hms/dbmi/farhat/fastq_db/TRUST_Directsputum/20240819_TwistV2/S0334-01_S22_R2_001.fastq.gz,S0334-01,S0334-01
154,S0334-01B_K064720,/n/data1/hms/dbmi/farhat/fastq_db/TRUST_Directsputum/TwistV2_Run2_231224/K064720_S11_R1_001.fastq.gz,/n/data1/hms/dbmi/farhat/fastq_db/TRUST_Directsputum/TwistV2_Run2_231224/K064720_S11_R2_001.fastq.gz,S0334-01B,S0334-01B
155,S0336-01_K064730,/n/data1/hms/dbmi/farhat/fastq_db/TRUST_Directsputum/TwistV2_Run2_231224/K064730_S21_R1_001.fastq.gz,/n/data1/hms/dbmi/farhat/fastq_db/TRUST_Directsputum/TwistV2_Run2_231224/K064730_S21_R2_001.fastq.gz,S0336-01,S0336-01
156,S0338-01,/n/data1/hms/dbmi/farhat/fastq_db/TRUST_Directsputum/20240819_TwistV2/S0338-01_S9_R1_001.fastq.gz,/n/data1/hms/dbmi/farhat/fastq_db/TRUST_Directsputum/20240819_TwistV2/S0338-01_S9_R2_001.fastq.gz,S0338-01,S0338-01
157,S0340-01_K064749,/n/data1/hms/dbmi/farhat/fastq_db/TRUST_Directsputum/TwistV2_Run2_231224/K064749_S40_R1_001.fastq.gz,/n/data1/hms/dbmi/farhat/fastq_db/TRUST_Directsputum/TwistV2_Run2_231224/K064749_S40_R2_001.fastq.gz,S0340-01,S0340-01
158,S0341-01,/n/data1/hms/dbmi/farhat/fastq_db/TRUST_Directsputum/20240819_TwistV2/S0341-01_S62_R1_001.fastq.gz,/n/data1/hms/dbmi/farhat/fastq_db/TRUST_Directsputum/20240819_TwistV2/S0341-01_S62_R2_001.fastq.gz,S0341-01,S0341-01
159,S0341-01B_K064757,/n/data1/hms/dbmi/farhat/fastq_db/TRUST_Directsputum/TwistV2_Run2_231224/K064757_S48_R1_001.fastq.gz,/n/data1/hms/dbmi/farhat/fastq_db/TRUST_Directsputum/TwistV2_Run2_231224/K064757_S48_R2_001.fastq.gz,S0341-01B,S0341-01B
160,S0343-01,/n/data1/hms/dbmi/farhat/fastq_db/TRUST_Directsputum/20240819_TwistV2/S0343-01_S5_R1_001.fastq.gz,/n/data1/hms/dbmi/farhat/fastq_db/TRUST_Directsputum/20240819_TwistV2/S0343-01_S5_R2_001.fastq.gz,S0343-01,S0343-01
161,S0343-01B_K064736,/n/data1/hms/dbmi/farhat/fastq_db/TRUST_Directsputum/TwistV2_Run2_231224/K064736_S27_R1_001.fastq.gz,/n/data1/hms/dbmi/farhat/fastq_db/TRUST_Directsputum/TwistV2_Run2_231224/K064736_S27_R2_001.fastq.gz,S0343-01B,S0343-01B
162,S0348-01_K064737,/n/data1/hms/dbmi/farhat/fastq_db/TRUST_Directsputum/TwistV2_Run2_231224/K064737_S28_R1_001.fastq.gz,/n/data1/hms/dbmi/farhat/fastq_db/TRUST_Directsputum/TwistV2_Run2_231224/K064737_S28_R2_001.fastq.gz,S0348-01,S0348-01
163,S0351-01,/n/data1/hms/dbmi/farhat/fastq_db/TRUST_Directsputum/20240819_TwistV2/S0351-01_S19_R1_001.fastq.gz,/n/data1/hms/dbmi/farhat/fastq_db/TRUST_Directsputum/20240819_TwistV2/S0351-01_S19_R2_001.fastq.gz,S0351-01,S0351-01
164,S0352-01,/n/data1/hms/dbmi/farhat/fastq_db/TRUST_Directsputum/20240819_TwistV2/S0352-01_S1_R1_001.fastq.gz,/n/data1/hms/dbmi/farhat/fastq_db/TRUST_Directsputum/20240819_TwistV2/S0352-01_S1_R2_001.fastq.gz,S0352-01,S0352-01
165,S0352-01B_K064735,/n/data1/hms/dbmi/farhat/fastq_db/TRUST_Directsputum/TwistV2_Run2_231224/K064735_S26_R1_001.fastq.gz,/n/data1/hms/dbmi/farhat/fastq_db/TRUST_Directsputum/TwistV2_Run2_231224/K064735_S26_R2_001.fastq.gz,S0352-01B,S0352-01B
166,S0353-01,/n/data1/hms/dbmi/farhat/fastq_db/TRUST_Directsputum/20240819_TwistV2/S0353-01_S7_R1_001.fastq.gz,/n/data1/hms/dbmi/farhat/fastq_db/TRUST_Directsputum/20240819_TwistV2/S0353-01_S7_R2_001.fastq.gz,S0353-01,S0353-01
167,S0354-01,/n/data1/hms/dbmi/farhat/fastq_db/TRUST_Directsputum/20240819_TwistV2/S0354-01_S10_R1_001.fastq.gz,/n/data1/hms/dbmi/farhat/fastq_db/TRUST_Directsputum/20240819_TwistV2/S0354-01_S10_R2_001.fastq.gz,S0354-01,S0354-01
168,S0355-01,/n/data1/hms/dbmi/farhat/fastq_db/TRUST_Directsputum/20240819_TwistV2/S0355-01_S23_R1_001.fastq.gz,/n/data1/hms/dbmi/farhat/fastq_db/TRUST_Directsputum/20240819_TwistV2/S0355-01_S23_R2_001.fastq.gz,S0355-01,S0355-01
169,S0360-01,/n/data1/hms/dbmi/farhat/fastq_db/TRUST_Directsputum/20240819_TwistV2/S0360-01_S18_R1_001.fastq.gz,/n/data1/hms/dbmi/farhat/fastq_db/TRUST_Directsputum/20240819_TwistV2/S0360-01_S18_R2_001.fastq.gz,S0360-01,S0360-01
170,S0362-01,/n/data1/hms/dbmi/farhat/fastq_db/TRUST_Directsputum/20240819_TwistV2/S0362-01_S21_R1_001.fastq.gz,/n/data1/hms/dbmi/farhat/fastq_db/TRUST_Directsputum/20240819_TwistV2/S0362-01_S21_R2_001.fastq.gz,S0362-01,S0362-01
171,S0363-01,/n/data1/hms/dbmi/farhat/fastq_db/TRUST_Directsputum/20240819_TwistV2/S0363-01_S11_R1_001.fastq.gz,/n/data1/hms/dbmi/farhat/fastq_db/TRUST_Directsputum/20240819_TwistV2/S0363-01_S11_R2_001.fastq.gz,S0363-01,S0363-01
172,S0366-01,/n/data1/hms/dbmi/farhat/fastq_db/TRUST_Directsputum/20240819_TwistV2/S0366-01_S4_R1_001.fastq.gz,/n/data1/hms/dbmi/farhat/fastq_db/TRUST_Directsputum/20240819_TwistV2/S0366-01_S4_R2_001.fastq.gz,S0366-01,S0366-01
173,S0367-01,/n/data1/hms/dbmi/farhat/fastq_db/TRUST_Directsputum/20240819_TwistV2/S0367-01_S6_R1_001.fastq.gz,/n/data1/hms/dbmi/farhat/fastq_db/TRUST_Directsputum/20240819_TwistV2/S0367-01_S6_R2_001.fastq.gz,S0367-01,S0367-01
174,S0367-01B_K064717,/n/data1/hms/dbmi/farhat/fastq_db/TRUST_Directsputum/TwistV2_Run2_231224/K064717_S8_R1_001.fastq.gz,/n/data1/hms/dbmi/farhat/fastq_db/TRUST_Directsputum/TwistV2_Run2_231224/K064717_S8_R2_001.fastq.gz,S0367-01B,S0367-01B
175,S0370-01,/n/data1/hms/dbmi/farhat/fastq_db/TRUST_Directsputum/20240819_TwistV2/S0370-01_S59_R1_001.fastq.gz,/n/data1/hms/dbmi/farhat/fastq_db/TRUST_Directsputum/20240819_TwistV2/S0370-01_S59_R2_001.fastq.gz,S0370-01,S0370-01
176,S0372-01,/n/data1/hms/dbmi/farhat/fastq_db/TRUST_Directsputum/20240819_TwistV2/S0372-01_S3_R1_001.fastq.gz,/n/data1/hms/dbmi/farhat/fastq_db/TRUST_Directsputum/20240819_TwistV2/S0372-01_S3_R2_001.fastq.gz,S0372-01,S0372-01
177,S0377-01,/n/data1/hms/dbmi/farhat/fastq_db/TRUST_Directsputum/20240819_TwistV2/S0377-01_S55_R1_001.fastq.gz,/n/data1/hms/dbmi/farhat/fastq_db/TRUST_Directsputum/20240819_TwistV2/S0377-01_S55_R2_001.fastq.gz,S0377-01,S0377-01
178,S0377-01B_K064716,/n/data1/hms/dbmi/farhat/fastq_db/TRUST_Directsputum/TwistV2_Run2_231224/K064716_S7_R1_001.fastq.gz,/n/data1/hms/dbmi/farhat/fastq_db/TRUST_Directsputum/TwistV2_Run2_231224/K064716_S7_R2_001.fastq.gz,S0377-01B,S0377-01B
179,S0377-01_K064756,/n/data1/hms/dbmi/farhat/fastq_db/TRUST_Directsputum/TwistV2_Run2_231224/K064756_S47_R1_001.fastq.gz,/n/data1/hms/dbmi/farhat/fastq_db/TRUST_Directsputum/TwistV2_Run2_231224/K064756_S47_R2_001.fastq.gz,S0377-01,S0377-01_K064756
180,S0378-01,/n/data1/hms/dbmi/farhat/fastq_db/TRUST_Directsputum/20240819_TwistV2/S0378-01_S45_R1_001.fastq.gz,/n/data1/hms/dbmi/farhat/fastq_db/TRUST_Directsputum/20240819_TwistV2/S0378-01_S45_R2_001.fastq.gz,S0378-01,S0378-01
181,S0380-01,/n/data1/hms/dbmi/farhat/fastq_db/TRUST_Directsputum/20240819_TwistV2/S0380-01_S8_R1_001.fastq.gz,/n/data1/hms/dbmi/farhat/fastq_db/TRUST_Directsputum/20240819_TwistV2/S0380-01_S8_R2_001.fastq.gz,S0380-01,S0380-01
182,S0387-01_K064752,/n/data1/hms/dbmi/farhat/fastq_db/TRUST_Directsputum/TwistV2_Run2_231224/K064752_S43_R1_001.fastq.gz,/n/data1/hms/dbmi/farhat/fastq_db/TRUST_Directsputum/TwistV2_Run2_231224/K064752_S43_R2_001.fastq.gz,S0387-01,S0387-01
183,S0391-01,/n/data1/hms/dbmi/farhat/fastq_db/TRUST_Directsputum/20240819_TwistV2/S0391-01_S32_R1_001.fastq.gz,/n/data1/hms/dbmi/farhat/fastq_db/TRUST_Directsputum/20240819_TwistV2/S0391-01_S32_R2_001.fastq.gz,S0391-01,S0391-01
184,S0391-01B_K064719,/n/data1/hms/dbmi/farhat/fastq_db/TRUST_Directsputum/TwistV2_Run2_231224/K064719_S10_R1_001.fastq.gz,/n/data1/hms/dbmi/farhat/fastq_db/TRUST_Directsputum/TwistV2_Run2_231224/K064719_S10_R2_001.fastq.gz,S0391-01B,S0391-01B
185,S0393-01,/n/data1/hms/dbmi/farhat/fastq_db/TRUST_Directsputum/20240819_TwistV2/S0393-01_S2_R1_001.fastq.gz,/n/data1/hms/dbmi/farhat/fastq_db/TRUST_Directsputum/20240819_TwistV2/S0393-01_S2_R2_001.fastq.gz,S0393-01,S0393-01
186,S0393-01B_K064732,/n/data1/hms/dbmi/farhat/fastq_db/TRUST_Directsputum/TwistV2_Run2_231224/K064732_S23_R1_001.fastq.gz,/n/data1/hms/dbmi/farhat/fastq_db/TRUST_Directsputum/TwistV2_Run2_231224/K064732_S23_R2_001.fastq.gz,S0393-01B,S0393-01B
187,S0394-01,/n/data1/hms/dbmi/farhat/fastq_db/TRUST_Directsputum/20240819_TwistV2/S0394-01_S28_R1_001.fastq.gz,/n/data1/hms/dbmi/farhat/fastq_db/TRUST_Directsputum/20240819_TwistV2/S0394-01_S28_R2_001.fastq.gz,S0394-01,S0394-01
188,S0401-01,/n/data1/hms/dbmi/farhat/fastq_db/TRUST_Directsputum/20240819_TwistV2/S0401-01_S48_R1_001.fastq.gz,/n/data1/hms/dbmi/farhat/fastq_db/TRUST_Directsputum/20240819_TwistV2/S0401-01_S48_R2_001.fastq.gz,S0401-01,S0401-01
189,S0401-01B_K064723,/n/data1/hms/dbmi/farhat/fastq_db/TRUST_Directsputum/TwistV2_Run2_231224/K064723_S14_R1_001.fastq.gz,/n/data1/hms/dbmi/farhat/fastq_db/TRUST_Directsputum/TwistV2_Run2_231224/K064723_S14_R2_001.fastq.gz,S0401-01B,S0401-01B
190,S0402-01_K064734,/n/data1/hms/dbmi/farhat/fastq_db/TRUST_Directsputum/TwistV2_Run2_231224/K064734_S25_R1_001.fastq.gz,/n/data1/hms/dbmi/farhat/fastq_db/TRUST_Directsputum/TwistV2_Run2_231224/K064734_S25_R2_001.fastq.gz,S0402-01,S0402-01
191,S0403-01,/n/data1/hms/dbmi/farhat/fastq_db/TRUST_Directsputum/20240819_TwistV2/S0403-01_S58_R1_001.fastq.gz,/n/data1/hms/dbmi/farhat/fastq_db/TRUST_Directsputum/20240819_TwistV2/S0403-01_S58_R2_001.fastq.gz,S0403-01,S0403-01
192,S0410-01,/n/data1/hms/dbmi/farhat/fastq_db/TRUST_Directsputum/20240819_TwistV2/S0410-01_S15_R1_001.fastq.gz,/n/data1/hms/dbmi/farhat/fastq_db/TRUST_Directsputum/20240819_TwistV2/S0410-01_S15_R2_001.fastq.gz,S0410-01,S0410-01
193,S0412-01,/n/data1/hms/dbmi/farhat/fastq_db/TRUST_Directsputum/20240819_TwistV2/S0412-01_S26_R1_001.fastq.gz,/n/data1/hms/dbmi/farhat/fastq_db/TRUST_Directsputum/20240819_TwistV2/S0412-01_S26_R2_001.fastq.gz,S0412-01,S0412-01
194,S0414-01,/n/data1/hms/dbmi/farhat/fastq_db/TRUST_Directsputum/20240819_TwistV2/S0414-01_S34_R1_001.fastq.gz,/n/data1/hms/dbmi/farhat/fastq_db/TRUST_Directsputum/20240819_TwistV2/S0414-01_S34_R2_001.fastq.gz,S0414-01,S0414-01
195,S0415-01,/n/data1/hms/dbmi/farhat/fastq_db/TRUST_Directsputum/20240819_TwistV2/S0415-01_S12_R1_001.fastq.gz,/n/data1/hms/dbmi/farhat/fastq_db/TRUST_Directsputum/20240819_TwistV2/S0415-01_S12_R2_001.fastq.gz,S0415-01,S0415-01
196,S0416-01,/n/data1/hms/dbmi/farhat/fastq_db/TRUST_Directsputum/20240819_TwistV2/S0416-01_S14_R1_001.fastq.gz,/n/data1/hms/dbmi/farhat/fastq_db/TRUST_Directsputum/20240819_TwistV2/S0416-01_S14_R2_001.fastq.gz,S0416-01,S0416-01
197,S0416-01B_K064710,/n/data1/hms/dbmi/farhat/fastq_db/TRUST_Directsputum/TwistV2_Run2_231224/K064710_S1_R1_001.fastq.gz,/n/data1/hms/dbmi/farhat/fastq_db/TRUST_Directsputum/TwistV2_Run2_231224/K064710_S1_R2_001.fastq.gz,S0416-01B,S0416-01B
198,S0416-01_K064715,/n/data1/hms/dbmi/farhat/fastq_db/TRUST_Directsputum/TwistV2_Run2_231224/K064715_S6_R1_001.fastq.gz,/n/data1/hms/dbmi/farhat/fastq_db/TRUST_Directsputum/TwistV2_Run2_231224/K064715_S6_R2_001.fastq.gz,S0416-01,S0416-01_K064715
199,S0424-01_K064726,/n/data1/hms/dbmi/farhat/fastq_db/TRUST_Directsputum/TwistV2_Run2_231224/K064726_S17_R1_001.fastq.gz,/n/data1/hms/dbmi/farhat/fastq_db/TRUST_Directsputum/TwistV2_Run2_231224/K064726_S17_R2_001.fastq.gz,S0424-01,S0424-01
200,S0428-01_K064711,/n/data1/hms/dbmi/farhat/fastq_db/TRUST_Directsputum/TwistV2_Run2_231224/K064711_S2_R1_001.fastq.gz,/n/data1/hms/dbmi/farhat/fastq_db/TRUST_Directsputum/TwistV2_Run2_231224/K064711_S2_R2_001.fastq.gz,S0428-01,S0428-01
201,S0435-01_K064742,/n/data1/hms/dbmi/farhat/fastq_db/TRUST_Directsputum/TwistV2_Run2_231224/K064742_S33_R1_001.fastq.gz,/n/data1/hms/dbmi/farhat/fastq_db/TRUST_Directsputum/TwistV2_Run2_231224/K064742_S33_R2_001.fastq.gz,S0435-01,S0435-01
202,S0437-01_K064721,/n/data1/hms/dbmi/farhat/fastq_db/TRUST_Directsputum/TwistV2_Run2_231224/K064721_S12_R1_001.fastq.gz,/n/data1/hms/dbmi/farhat/fastq_db/TRUST_Directsputum/TwistV2_Run2_231224/K064721_S12_R2_001.fastq.gz,S0437-01,S0437-01
203,S0438-01_K064739,/n/data1/hms/dbmi/farhat/fastq_db/TRUST_Directsputum/TwistV2_Run2_231224/K064739_S30_R1_001.fastq.gz,/n/data1/hms/dbmi/farhat/fastq_db/TRUST_Directsputum/TwistV2_Run2_231224/K064739_S30_R2_001.fastq.gz,S0438-01,S0438-01
204,S0451-01_K064766,/n/data1/hms/dbmi/farhat/fastq_db/TRUST_Directsputum/TwistV2_Run2_231224/K064766_S57_R1_001.fastq.gz,/n/data1/hms/dbmi/farhat/fastq_db/TRUST_Directsputum/TwistV2_Run2_231224/K064766_S57_R2_001.fastq.gz,S0451-01,S0451-01
205,S0453-01_K064718,/n/data1/hms/dbmi/farhat/fastq_db/TRUST_Directsputum/TwistV2_Run2_231224/K064718_S9_R1_001.fastq.gz,/n/data1/hms/dbmi/farhat/fastq_db/TRUST_Directsputum/TwistV2_Run2_231224/K064718_S9_R2_001.fastq.gz,S0453-01,S0453-01
206,S0454-01_K064767,/n/data1/hms/dbmi/farhat/fastq_db/TRUST_Directsputum/TwistV2_Run2_231224/K064767_S58_R1_001.fastq.gz,/n/data1/hms/dbmi/farhat/fastq_db/TRUST_Directsputum/TwistV2_Run2_231224/K064767_S58_R2_001.fastq.gz,S0454-01,S0454-01
207,S0475-01_K064768,/n/data1/hms/dbmi/farhat/fastq_db/TRUST_Directsputum/TwistV2_Run2_231224/K064768_S59_R1_001.fastq.gz,/n/data1/hms/dbmi/farhat/fastq_db/TRUST_Directsputum/TwistV2_Run2_231224/K064768_S59_R2_001.fastq.gz,S0475-01,S0475-01
208,S0476-01_K064769,/n/data1/hms/dbmi/farhat/fastq_db/TRUST_Directsputum/TwistV2_Run2_231224/K064769_S60_R1_001.fastq.gz,/n/data1/hms/dbmi/farhat/fastq_db/TRUST_Directsputum/TwistV2_Run2_231224/K064769_S60_R2_001.fastq.gz,S0476-01,S0476-01
209,S0477-01_K064770,/n/data1/hms/dbmi/farhat/fastq_db/TRUST_Directsputum/TwistV2_Run2_231224/K064770_S61_R1_001.fastq.gz,/n/data1/hms/dbmi/farhat/fastq_db/TRUST_Directsputum/TwistV2_Run2_231224/K064770_S61_R2_001.fastq.gz,S0477-01,S0477-01
